{
  "logistic_no_lag": {
    "roc_auc": 0.6584521432369078,
    "average_precision": 0.5996982597403174,
    "confusion_matrix": [
      [
        212958,
        66253
      ],
      [
        102108,
        93055
      ]
    ],
    "classification_report": {
      "0": {
        "precision": 0.6759155224619604,
        "recall": 0.7627135034078171,
        "f1-score": 0.7166960861685712,
        "support": 279211.0
      },
      "1": {
        "precision": 0.5841200692997213,
        "recall": 0.4768065668185056,
        "f1-score": 0.5250358985643395,
        "support": 195163.0
      },
      "accuracy": 0.645088052886541,
      "macro avg": {
        "precision": 0.6300177958808408,
        "recall": 0.6197600351131614,
        "f1-score": 0.6208659923664553,
        "support": 474374.0
      },
      "weighted avg": {
        "precision": 0.6381498016899492,
        "recall": 0.645088052886541,
        "f1-score": 0.6378448481297987,
        "support": 474374.0
      }
    }
  },
  "rf_no_lag": {
    "roc_auc": 0.6812113776517258,
    "average_precision": 0.6164198572447721,
    "confusion_matrix": [
      [
        194787,
        84424
      ],
      [
        82905,
        112258
      ]
    ],
    "classification_report": {
      "0": {
        "precision": 0.7014498077006179,
        "recall": 0.6976336892171153,
        "f1-score": 0.6995365440660223,
        "support": 279211.0
      },
      "1": {
        "precision": 0.5707588899848487,
        "recall": 0.5752012420387062,
        "f1-score": 0.5729714555500262,
        "support": 195163.0
      },
      "accuracy": 0.6472635515437186,
      "macro avg": {
        "precision": 0.6361043488427334,
        "recall": 0.6364174656279107,
        "f1-score": 0.6362539998080242,
        "support": 474374.0
      },
      "weighted avg": {
        "precision": 0.6476820388638717,
        "recall": 0.6472635515437186,
        "f1-score": 0.6474661895144503,
        "support": 474374.0
      }
    }
  }
}