{
  "logistic_no_lag": {
    "roc_auc": 0.6608689273379134,
    "average_precision": 0.6024932726289116,
    "confusion_matrix": [
      [
        184577,
        60083
      ],
      [
        87234,
        82429
      ]
    ],
    "classification_report": {
      "0": {
        "precision": 0.6790637612164335,
        "recall": 0.7544224638273522,
        "f1-score": 0.7147623003034053,
        "support": 244660.0
      },
      "1": {
        "precision": 0.5784004154036151,
        "recall": 0.48583957610085876,
        "f1-score": 0.5280948186113558,
        "support": 169663.0
      },
      "accuracy": 0.6444392418475441,
      "macro avg": {
        "precision": 0.6287320883100243,
        "recall": 0.6201310199641055,
        "f1-score": 0.6214285594573805,
        "support": 414323.0
      },
      "weighted avg": {
        "precision": 0.6378426722577221,
        "recall": 0.6444392418475441,
        "f1-score": 0.6383229885917258,
        "support": 414323.0
      }
    }
  },
  "rf_no_lag": {
    "roc_auc": 0.6816256292144078,
    "average_precision": 0.6179501347463735,
    "confusion_matrix": [
      [
        172537,
        72123
      ],
      [
        74446,
        95217
      ]
    ],
    "classification_report": {
      "0": {
        "precision": 0.698578444670281,
        "recall": 0.7052113136597727,
        "f1-score": 0.7018792091009126,
        "support": 244660.0
      },
      "1": {
        "precision": 0.5690032269630692,
        "recall": 0.5612125212922087,
        "f1-score": 0.5650810230175992,
        "support": 169663.0
      },
      "accuracy": 0.6462445966069951,
      "macro avg": {
        "precision": 0.6337908358166751,
        "recall": 0.6332119174759907,
        "f1-score": 0.6334801160592559,
        "support": 414323.0
      },
      "weighted avg": {
        "precision": 0.6455181024690064,
        "recall": 0.6462445966069951,
        "f1-score": 0.6458611008967984,
        "support": 414323.0
      }
    }
  }
}