{
  "logistic_regression": {
    "roc_auc": 0.9810716867086169,
    "average_precision": 0.9861197391297016,
    "confusion_matrix": [
      [
        278440,
        52
      ],
      [
        6528,
        188398
      ]
    ],
    "classification_report": {
      "0": {
        "precision": 0.977092164734286,
        "recall": 0.9998132800942218,
        "f1-score": 0.9883221524154332,
        "support": 278492.0
      },
      "1": {
        "precision": 0.9997240647386575,
        "recall": 0.9665103680371012,
        "f1-score": 0.9828366929593924,
        "support": 194926.0
      },
      "accuracy": 0.9861010776945532,
      "macro avg": {
        "precision": 0.9884081147364717,
        "recall": 0.9831618240656614,
        "f1-score": 0.9855794226874128,
        "support": 473418.0
      },
      "weighted avg": {
        "precision": 0.9864106649608344,
        "recall": 0.9861010776945532,
        "f1-score": 0.9860635592273241,
        "support": 473418.0
      }
    }
  },
  "random_forest": {
    "roc_auc": 0.981686119705926,
    "average_precision": 0.9863880609466581,
    "confusion_matrix": [
      [
        278490,
        2
      ],
      [
        6528,
        188398
      ]
    ],
    "classification_report": {
      "0": {
        "precision": 0.9770961833989432,
        "recall": 0.9999928184651624,
        "f1-score": 0.9884119181558446,
        "support": 278492.0
      },
      "1": {
        "precision": 0.9999893842887474,
        "recall": 0.9665103680371012,
        "f1-score": 0.9829648915022722,
        "support": 194926.0
      },
      "accuracy": 0.9862066926056888,
      "macro avg": {
        "precision": 0.9885427838438453,
        "recall": 0.9832515932511319,
        "f1-score": 0.9856884048290584,
        "support": 473418.0
      },
      "weighted avg": {
        "precision": 0.9865222721337316,
        "recall": 0.9862066926056888,
        "f1-score": 0.9861691493606695,
        "support": 473418.0
      }
    }
  }
}