{
  "logistic_regression": {
    "roc_auc": 0.9795174791680832,
    "average_precision": 0.9848184452021382,
    "confusion_matrix": [
      [
        244594,
        66
      ],
      [
        6251,
        163412
      ]
    ],
    "classification_report": {
      "0": {
        "precision": 0.9750802288265662,
        "recall": 0.9997302378811411,
        "f1-score": 0.9872513899960647,
        "support": 244660.0
      },
      "1": {
        "precision": 0.9995962759515041,
        "recall": 0.9631563746957204,
        "f1-score": 0.9810380589600199,
        "support": 169663.0
      },
      "accuracy": 0.9847534411558132,
      "macro avg": {
        "precision": 0.9873382523890352,
        "recall": 0.9814433062884307,
        "f1-score": 0.9841447244780424,
        "support": 414323.0
      },
      "weighted avg": {
        "precision": 0.9851194158940433,
        "recall": 0.9847534411558132,
        "f1-score": 0.9847070649560151,
        "support": 414323.0
      }
    }
  },
  "random_forest": {
    "roc_auc": 0.9802395465089675,
    "average_precision": 0.9851235016583085,
    "confusion_matrix": [
      [
        244659,
        1
      ],
      [
        6251,
        163412
      ]
    ],
    "classification_report": {
      "0": {
        "precision": 0.9750866844685345,
        "recall": 0.9999959126951689,
        "f1-score": 0.9873842242266481,
        "support": 244660.0
      },
      "1": {
        "precision": 0.9999938805358203,
        "recall": 0.9631563746957204,
        "f1-score": 0.9812295091810878,
        "support": 169663.0
      },
      "accuracy": 0.9849103235881185,
      "macro avg": {
        "precision": 0.9875402825021774,
        "recall": 0.9815761436954447,
        "f1-score": 0.9843068667038679,
        "support": 414323.0
      },
      "weighted avg": {
        "precision": 0.9852860448862858,
        "recall": 0.9849103235881185,
        "f1-score": 0.9848639021137677,
        "support": 414323.0
      }
    }
  }
}