{
  "logistic_no_lag": {
    "roc_auc": 0.6581504862312604,
    "average_precision": 0.599882471008904,
    "confusion_matrix": [
      [
        212739,
        65753
      ],
      [
        102310,
        92616
      ]
    ],
    "classification_report": {
      "0": {
        "precision": 0.6752568648051573,
        "recall": 0.7638962699108054,
        "f1-score": 0.7168468564092455,
        "support": 278492.0
      },
      "1": {
        "precision": 0.5848114214271732,
        "recall": 0.47513415347362586,
        "f1-score": 0.5242983908631597,
        "support": 194926.0
      },
      "accuracy": 0.6450008237963069,
      "macro avg": {
        "precision": 0.6300341431161653,
        "recall": 0.6195152116922156,
        "f1-score": 0.6205726236362026,
        "support": 473418.0
      },
      "weighted avg": {
        "precision": 0.6380166912251564,
        "recall": 0.6450008237963069,
        "f1-score": 0.6375665962690811,
        "support": 473418.0
      }
    }
  },
  "rf_no_lag": {
    "roc_auc": 0.6807534289142305,
    "average_precision": 0.6162356188717244,
    "confusion_matrix": [
      [
        194887,
        83605
      ],
      [
        83743,
        111183
      ]
    ],
    "classification_report": {
      "0": {
        "precision": 0.6994472956968022,
        "recall": 0.6997938899501601,
        "f1-score": 0.699620549897509,
        "support": 278492.0
      },
      "1": {
        "precision": 0.570789781711399,
        "recall": 0.5703856848239844,
        "f1-score": 0.5705876617211596,
        "support": 194926.0
      },
      "accuracy": 0.6465111170255461,
      "macro avg": {
        "precision": 0.6351185387041006,
        "recall": 0.6350897873870722,
        "f1-score": 0.6351041058093343,
        "support": 473418.0
      },
      "weighted avg": {
        "precision": 0.6464736137262841,
        "recall": 0.6465111170255461,
        "f1-score": 0.6464923106656608,
        "support": 473418.0
      }
    }
  }
}