{
  "logistic_regression": {
    "roc_auc": 0.9814157948017508,
    "average_precision": 0.9863604394823663,
    "confusion_matrix": [
      [
        279160,
        51
      ],
      [
        6448,
        188715
      ]
    ],
    "classification_report": {
      "0": {
        "precision": 0.9774236015797877,
        "recall": 0.9998173424399468,
        "f1-score": 0.988493659030592,
        "support": 279211.0
      },
      "1": {
        "precision": 0.9997298242268206,
        "recall": 0.9669609505900196,
        "f1-score": 0.9830723909889589,
        "support": 195163.0
      },
      "accuracy": 0.9862998393672503,
      "macro avg": {
        "precision": 0.9885767129033041,
        "recall": 0.9833891465149832,
        "f1-score": 0.9857830250097754,
        "support": 474374.0
      },
      "weighted avg": {
        "precision": 0.9866006419118102,
        "recall": 0.9862998393672503,
        "f1-score": 0.9862632860868614,
        "support": 474374.0
      }
    }
  },
  "random_forest": {
    "roc_auc": 0.9819913705609788,
    "average_precision": 0.986605886724371,
    "confusion_matrix": [
      [
        279209,
        2
      ],
      [
        6448,
        188715
      ]
    ],
    "classification_report": {
      "0": {
        "precision": 0.9774274742085788,
        "recall": 0.9999928369584293,
        "f1-score": 0.9885814030888632,
        "support": 279211.0
      },
      "1": {
        "precision": 0.9999894021206357,
        "recall": 0.9669609505900196,
        "f1-score": 0.9831978743357299,
        "support": 195163.0
      },
      "accuracy": 0.9864031333926395,
      "macro avg": {
        "precision": 0.9887084381646072,
        "recall": 0.9834768937742244,
        "f1-score": 0.9858896387122966,
        "support": 474374.0
      },
      "weighted avg": {
        "precision": 0.9867097146709581,
        "recall": 0.9864031333926395,
        "f1-score": 0.9863665565288753,
        "support": 474374.0
      }
    }
  }
}