{
  "lightgbm_with_lag": {
    "roc_auc": 0.9825632347703408,
    "average_precision": 0.9868476553085467,
    "confusion_matrix": [
      [
        279210,
        1
      ],
      [
        6448,
        188715
      ]
    ],
    "classification_report": {
      "0": {
        "precision": 0.9774275532279859,
        "recall": 0.9999964184792146,
        "f1-score": 0.9885831936254247,
        "support": 279211.0
      },
      "1": {
        "precision": 0.999994701032239,
        "recall": 0.9669609505900196,
        "f1-score": 0.9832004355539116,
        "support": 195163.0
      },
      "accuracy": 0.986405241433974,
      "macro avg": {
        "precision": 0.9887111271301124,
        "recall": 0.9834786845346171,
        "f1-score": 0.9858918145896681,
        "support": 474374.0
      },
      "weighted avg": {
        "precision": 0.9867119412149361,
        "recall": 0.986405241433974,
        "f1-score": 0.9863686641328498,
        "support": 474374.0
      }
    }
  },
  "lightgbm_no_lag": {
    "roc_auc": 0.6929308785583277,
    "average_precision": 0.6264594325745518,
    "confusion_matrix": [
      [
        180547,
        98664
      ],
      [
        71113,
        124050
      ]
    ],
    "classification_report": {
      "0": {
        "precision": 0.7174243026305333,
        "recall": 0.6466328332336476,
        "f1-score": 0.6801916096377463,
        "support": 279211.0
      },
      "1": {
        "precision": 0.5569923758721949,
        "recall": 0.6356225309100598,
        "f1-score": 0.5937153755770238,
        "support": 195163.0
      },
      "accuracy": 0.6421030663569252,
      "macro avg": {
        "precision": 0.6372083392513641,
        "recall": 0.6411276820718537,
        "f1-score": 0.636953492607385,
        "support": 474374.0
      },
      "weighted avg": {
        "precision": 0.6514207355675458,
        "recall": 0.6421030663569252,
        "f1-score": 0.6446142776844925,
        "support": 474374.0
      }
    }
  }
}