{
  "lightgbm_with_lag": {
    "roc_auc": 0.9822509237625807,
    "average_precision": 0.986636318027,
    "confusion_matrix": [
      [
        278491,
        1
      ],
      [
        6528,
        188398
      ]
    ],
    "classification_report": {
      "0": {
        "precision": 0.9770962637578547,
        "recall": 0.9999964092325812,
        "f1-score": 0.9884137133081696,
        "support": 278492.0
      },
      "1": {
        "precision": 0.9999946921162002,
        "recall": 0.9665103680371012,
        "f1-score": 0.9829674558142568,
        "support": 194926.0
      },
      "accuracy": 0.9862088049039116,
      "macro avg": {
        "precision": 0.9885454779370275,
        "recall": 0.9832533886348411,
        "f1-score": 0.9856905845612132,
        "support": 473418.0
      },
      "weighted avg": {
        "precision": 0.9865245048601762,
        "recall": 0.9862088049039116,
        "f1-score": 0.9861712612082105,
        "support": 473418.0
      }
    }
  },
  "lightgbm_no_lag": {
    "roc_auc": 0.6922006039480029,
    "average_precision": 0.6253552662992654,
    "confusion_matrix": [
      [
        179513,
        98979
      ],
      [
        70797,
        124129
      ]
    ],
    "classification_report": {
      "0": {
        "precision": 0.7171627182293956,
        "recall": 0.6445894316533329,
        "f1-score": 0.6789422127752921,
        "support": 278492.0
      },
      "1": {
        "precision": 0.5563628377288129,
        "recall": 0.6368006320347208,
        "f1-score": 0.5938703550428912,
        "support": 194926.0
      },
      "accuracy": 0.6413824569408008,
      "macro avg": {
        "precision": 0.6367627779791043,
        "recall": 0.6406950318440269,
        "f1-score": 0.6364062839090916,
        "support": 473418.0
      },
      "weighted avg": {
        "precision": 0.6509546790199516,
        "recall": 0.6413824569408008,
        "f1-score": 0.6439145692544586,
        "support": 473418.0
      }
    }
  }
}