{
  "lightgbm_with_lag": {
    "roc_auc": 0.9809233860234721,
    "average_precision": 0.9854320747544462,
    "confusion_matrix": [
      [
        244659,
        1
      ],
      [
        6251,
        163412
      ]
    ],
    "classification_report": {
      "0": {
        "precision": 0.9750866844685345,
        "recall": 0.9999959126951689,
        "f1-score": 0.9873842242266481,
        "support": 244660.0
      },
      "1": {
        "precision": 0.9999938805358203,
        "recall": 0.9631563746957204,
        "f1-score": 0.9812295091810878,
        "support": 169663.0
      },
      "accuracy": 0.9849103235881185,
      "macro avg": {
        "precision": 0.9875402825021774,
        "recall": 0.9815761436954447,
        "f1-score": 0.9843068667038679,
        "support": 414323.0
      },
      "weighted avg": {
        "precision": 0.9852860448862858,
        "recall": 0.9849103235881185,
        "f1-score": 0.9848639021137677,
        "support": 414323.0
      }
    }
  },
  "lightgbm_no_lag": {
    "roc_auc": 0.6922146818573991,
    "average_precision": 0.6269091187524252,
    "confusion_matrix": [
      [
        158437,
        86223
      ],
      [
        62588,
        107075
      ]
    ],
    "classification_report": {
      "0": {
        "precision": 0.716828413075444,
        "recall": 0.647580315539933,
        "f1-score": 0.6804470833288596,
        "support": 244660.0
      },
      "1": {
        "precision": 0.553937443739718,
        "recall": 0.6311040120709878,
        "f1-score": 0.5900082929019922,
        "support": 169663.0
      },
      "accuracy": 0.6408333594804054,
      "macro avg": {
        "precision": 0.6353829284075809,
        "recall": 0.6393421638054604,
        "f1-score": 0.635227688115426,
        "support": 414323.0
      },
      "weighted avg": {
        "precision": 0.6501254529925925,
        "recall": 0.6408333594804054,
        "f1-score": 0.6434128938192413,
        "support": 414323.0
      }
    }
  }
}