date,total_crashes,total_segments,total_positive_segments,crash_rate,avg_crashes_last_7_days,avg_crashes_last_30_days,temperature_2m_mean,precipitation_sum,windspeed_10m_max,rain_indicator,crashes_7d_avg_city,crashes_30d_avg_city,crash_rate_7d_avg_city,crash_rate_30d_avg_city,day_of_week,month,hidden_state,state_probability_max,state_label
2018-01-01,282,11641,268,0.023022077141139,0.0,0.0,-11.0,0.0,21.6,0.0,282.0,282.0,0.023022077141139,0.023022077141139,0,1,2,1.0,High Risk Regime
2018-01-02,382,11641,369,0.0316983077055235,0.0242247229619448,0.0242247229619448,-7.8,0.0,19.9,0.0,332.0,332.0,0.0273601924233313,0.0273601924233313,1,1,2,1.0,High Risk Regime
2018-01-03,397,11641,376,0.0322996306159264,0.0570397732153595,0.0570397732153595,-6.8,0.0,12.7,0.0,353.6666666666667,353.6666666666667,0.029006671820863,0.029006671820863,2,1,2,1.0,High Risk Regime
2018-01-04,263,11641,255,0.021905334593248,0.0911433725624946,0.0911433725624946,-5.0,20.1,52.4,1.0,331.0,331.0,0.0272313375139592,0.0272313375139592,3,1,2,1.0,High Risk Regime
2018-01-05,384,11641,368,0.0316124044326088,0.1137359333390602,0.1137359333390602,-12.0,0.0,34.6,0.0,341.6,341.6,0.0281075508976892,0.0281075508976892,4,1,2,1.0,High Risk Regime
2018-01-06,343,11641,323,0.0277467571514474,0.1467227901383042,0.1467227901383042,-14.4,0.0,27.6,0.0,341.8333333333333,341.8333333333333,0.0280474186066489,0.0280474186066489,5,1,2,1.0,High Risk Regime
2018-01-07,285,11641,268,0.023022077141139,0.1761876127480457,0.1761876127480457,-14.7,0.0,21.0,0.0,333.7142857142857,333.7142857142857,0.0273295126830046,0.0273295126830046,6,1,2,1.0,High Risk Regime
2018-01-08,435,11641,405,0.0347908255304527,0.2006700455287346,0.2006700455287346,-6.0,1.0,21.3,1.0,355.57142857142856,346.375,0.0290107624529066,0.0282621767889356,0,1,2,1.0,High Risk Regime
2018-01-09,416,11641,399,0.0342754058929645,0.2138132462846834,0.2380379692466283,-0.2,0.0,20.6,0.0,360.42857142857144,354.1111111111111,0.0293789193368267,0.0289303133560499,1,1,2,1.0,High Risk Regime
2018-01-10,417,11641,391,0.0335881797096469,0.2167339575637832,0.2737737307791427,-3.8,0.0,14.0,0.0,363.2857142857143,360.4,0.0295629977787868,0.0293960999914096,2,1,2,1.0,High Risk Regime
2018-01-11,411,11641,394,0.033845889528391,0.2184520230220771,0.3095953955845718,4.5,0.0,14.2,0.0,384.42857142857144,365.0,0.03126879134095,0.0298006263129534,3,1,2,1.0,High Risk Regime
2018-01-12,423,11641,403,0.0346190189846233,0.2311657074134524,0.3449016407525127,11.8,28.9,35.3,1.0,390.0,369.8333333333333,0.0316983077055235,0.0302021590355925,4,1,2,1.0,High Risk Regime
2018-01-13,378,11641,360,0.0309251782492912,0.2345159350571256,0.3812387251954299,2.6,8.8,29.7,1.0,395.0,370.46153846153845,0.0321523678623584,0.0302577758981847,5,1,2,1.0,High Risk Regime
2018-01-14,324,11641,307,0.0263723047848123,0.2375225496091401,0.4137101623571858,-7.4,0.0,23.8,0.0,400.57142857142856,367.1428571428572,0.0326309718114545,0.0299802422472296,6,1,2,1.0,High Risk Regime
2018-01-15,297,11641,285,0.0244824327806889,0.2408727772528133,0.441542822781548,-5.4,0.0,20.2,0.0,380.8571428571428,362.46666666666664,0.031158344275774,0.0296137216161269,0,1,2,1.0,High Risk Regime
2018-01-16,385,11641,373,0.0320419207971823,0.229018125590585,0.4670560948372133,-1.0,0.0,12.7,0.0,376.42857142857144,363.875,0.0308392749763765,0.0297654840649428,1,1,2,1.0,High Risk Regime
2018-01-17,357,11641,341,0.029293016063912,0.2263551241302293,0.5001288549093721,-0.5,6.5,21.0,1.0,367.8571428571428,363.47058823529414,0.030225680169843,0.0297376918295881,2,1,2,1.0,High Risk Regime
2018-01-18,393,11641,368,0.0316124044326088,0.2212009277553474,0.5307963233399192,-4.6,0.0,25.5,0.0,365.2857142857143,365.1111111111111,0.0299066108704455,0.0298418425297559,3,1,2,1.0,High Risk Regime
2018-01-19,366,11641,358,0.0307533717034619,0.2196546688428829,0.5645563095953956,-1.5,0.0,18.1,0.0,357.14285714285717,365.1578947368421,0.0293543755445653,0.0298898177494246,4,1,2,1.0,High Risk Regime
2018-01-20,329,11641,312,0.0268018211493857,0.2147581822867451,0.595996907482175,3.9,0.0,25.7,0.0,350.14285714285717,363.35,0.0287653245302931,0.0297354179194227,5,1,2,1.0,High Risk Regime
2018-01-21,254,11641,243,0.0208744953182716,0.2105489219139249,0.6242590842711108,4.3,0.0,10.8,0.0,340.14285714285717,358.14285714285717,0.0279799231779302,0.0293134692241298,6,1,2,1.0,High Risk Regime
2018-01-22,345,11641,327,0.0280903702431062,0.204535692809896,0.646078515591444,6.3,0.5,12.7,1.0,347.0,357.54545454545456,0.0284953428154184,0.0292578738159014,0,1,2,1.0,High Risk Regime
2018-01-23,334,11641,319,0.0274031440597886,0.2086590499098015,0.6757151447470149,9.0,7.5,35.1,1.0,339.7142857142857,356.5217391304348,0.0278326604243621,0.0291772333917226,1,1,2,1.0,High Risk Regime
2018-01-24,369,11641,350,0.0300661455201443,0.2042779829911519,0.704406837900524,2.6,0.0,26.4,0.0,341.42857142857144,357.0416666666667,0.0279431074895382,0.0292142713970735,2,1,2,1.0,High Risk Regime
2018-01-25,387,11641,366,0.0314405978867794,0.2053088222661283,0.7361051456060476,-2.8,0.0,24.5,0.0,340.57142857142856,358.24,0.0279185636972768,0.0293033244566617,3,1,2,1.0,High Risk Regime
2018-01-26,430,11641,407,0.0349626320762821,0.2047934026286401,0.7693497122240357,-2.5,0.0,13.2,0.0,349.7142857142857,361.0,0.0285198866076797,0.0295209901343395,4,1,2,1.0,High Risk Regime
2018-01-27,330,11641,316,0.0271454342410445,0.2102912120951808,0.8062881195773559,4.9,0.0,27.0,0.0,349.85714285714283,359.85185185185185,0.0285689741922024,0.0294330065827359,5,1,2,1.0,High Risk Regime
2018-01-28,263,11641,251,0.0215617215015892,0.2103771153680955,0.8346361996392062,8.5,4.1,24.0,1.0,351.14285714285717,356.39285714285717,0.0286671493612478,0.0291518892584093,6,1,2,1.0,High Risk Regime
2018-01-29,320,11641,311,0.026715917876471,0.2111502448243278,0.8572287604157719,4.1,0.5,23.2,1.0,347.57142857142856,355.13793103448273,0.028470799023157,0.029067890245239,0,1,2,1.0,High Risk Regime
2018-01-30,347,11641,337,0.0289494029722532,0.2090026630014603,0.8847178077484752,-0.1,2.0,27.3,1.0,349.42857142857144,354.8666666666667,0.0286916931535091,0.0290639406694728,1,1,2,1.0,High Risk Regime
2018-01-31,370,11641,351,0.030152048793059,0.2101194055493514,0.9145262434498754,-3.9,0.0,25.7,0.0,349.57142857142856,357.8,0.0287039650496398,0.0293016063912035,2,1,2,1.0,High Risk Regime
2018-02-01,351,11641,340,0.0292071127909973,0.2102053088222661,0.9220857314663689,2.8,0.1,16.7,1.0,344.42857142857144,356.76666666666665,0.0283848957502423,0.0292185665607193,3,2,2,1.0,High Risk Regime
2018-02-02,380,11641,364,0.03126879134095,0.207112790997337,0.9194227300060132,-2.3,5.4,33.0,1.0,337.2857142857143,356.2,0.0278572042166235,0.0291842052515534,4,2,2,1.0,High Risk Regime
2018-02-03,287,11641,278,0.023881109870286,0.2028176273516021,0.9179623743664632,-4.9,0.0,21.7,0.0,331.14285714285717,357.0,0.027390872163658,0.0292500644274546,5,2,2,1.0,High Risk Regime
2018-02-04,347,11641,329,0.0282621767889356,0.1991237866162701,0.920024052916416,1.8,17.3,19.5,1.0,343.14285714285717,355.76666666666665,0.0283480800618503,0.0291383901726655,6,2,2,1.0,High Risk Regime
2018-02-05,441,11641,418,0.0359075680783437,0.2063396615411047,0.9168456318185724,-0.7,1.5,32.7,1.0,360.42857142857144,359.03333333333336,0.0296611729478321,0.0294104172035621,0,2,2,1.0,High Risk Regime
2018-02-06,317,11641,308,0.026458208057727,0.2167339575637832,0.9252641525642128,-2.0,0.0,10.2,0.0,356.14285714285717,360.1,0.0293052879600427,0.0295249549007817,1,2,2,1.0,High Risk Regime
2018-02-07,405,11641,375,0.0322137273430117,0.2141568593763422,0.9280130572974832,0.8,25.0,26.6,1.0,361.1428571428572,359.1,0.0295998134671788,0.029439051627867,2,2,2,1.0,High Risk Regime
2018-02-08,368,11641,346,0.0297225324284855,0.2171634739283566,0.925435959110042,-2.1,0.1,25.0,1.0,363.57142857142856,357.5,0.0296734448439628,0.029287289179051,3,2,2,1.0,High Risk Regime
2018-02-09,352,11641,335,0.0287775964264238,0.2186238295679065,0.9213126020101364,-1.9,0.1,20.1,1.0,359.57142857142856,355.3333333333333,0.0293175598561733,0.0291269364029436,4,2,2,1.0,High Risk Regime
2018-02-10,344,11641,325,0.0279185636972768,0.216218537926295,0.9157288892706812,5.4,10.7,14.2,1.0,367.7142857142857,353.1,0.0298943389743149,0.0289293588752398,5,2,2,1.0,High Risk Regime
2018-02-11,301,11641,285,0.0244824327806889,0.2211150244824327,0.9099733699853964,9.2,34.3,30.1,1.0,361.1428571428572,349.03333333333336,0.0293543755445653,0.028591472668442,6,2,2,1.0,High Risk Regime
2018-02-12,325,11641,312,0.0268018211493857,0.2171634739283566,0.8994931706898033,6.6,0.5,25.0,1.0,344.57142857142856,347.26666666666665,0.0280535545547142,0.0284540274317784,0,2,2,1.0,High Risk Regime
2018-02-13,391,11641,378,0.0324714371617558,0.2071986942702517,0.8949402972253243,-1.4,0.0,20.1,0.0,355.14285714285717,349.5,0.0289125872838612,0.0286573318443432,1,2,2,1.0,High Risk Regime
2018-02-14,416,11641,389,0.0334163731638175,0.2135555364659393,0.900695816510609,4.5,0.8,21.9,1.0,356.7142857142857,353.46666666666664,0.0290843938296906,0.0289551298571142,2,2,2,1.0,High Risk Regime
2018-02-15,384,11641,361,0.0310110815222059,0.214500472468001,0.9109183059874582,9.6,7.3,20.3,1.0,359.0,353.43333333333334,0.0292684722716506,0.0289207685479483,3,2,2,1.0,High Risk Regime
2018-02-16,373,11641,351,0.030152048793059,0.2158749248346362,0.9108324027145436,9.7,9.7,28.0,1.0,362.0,353.96666666666664,0.0294648226097414,0.0289494029722532,4,2,2,1.0,High Risk Regime
2018-02-17,373,11641,354,0.0304097586118031,0.2176788935658448,0.9122068550811786,0.4,9.7,25.3,1.0,366.1428571428572,353.3,0.0298207075975308,0.0289093147782263,5,2,2,1.0,High Risk Regime
2018-02-18,286,11641,273,0.0234515935057125,0.2201700884803711,0.9104887896228846,1.7,2.5,21.9,1.0,364.0,350.6333333333333,0.0296734448439628,0.0286659221716347,6,2,2,1.0,High Risk Regime
2018-02-19,250,11641,235,0.020187269134954,0.2188815393866506,0.9036165277897088,4.2,2.3,17.6,1.0,353.2857142857143,348.0,0.0287285088419011,0.028445437104487,0,2,2,1.0,High Risk Regime
2018-02-20,304,11641,293,0.0251696589640065,0.2124387939180483,0.8968301692294477,12.3,0.3,21.4,1.0,340.85714285714283,349.6666666666667,0.0276853976707941,0.0285886092260115,1,2,2,1.0,High Risk Regime
2018-02-21,371,11641,355,0.0304956618847178,0.2049652091744695,0.9011253328751826,16.8,11.4,28.6,1.0,334.42857142857144,350.53333333333336,0.0272681532023512,0.0286687856140652,2,2,2,1.0,High Risk Regime
2018-02-22,338,11641,317,0.0272313375139592,0.2010995618933081,0.9033588179709648,6.1,7.4,21.5,1.0,327.85714285714283,350.6666666666667,0.0267281897726017,0.0286630587292042,3,2,2,1.0,High Risk Regime
2018-02-23,328,11641,316,0.0271454342410445,0.197148011339232,0.9037024310626236,3.1,7.0,15.3,1.0,321.42857142857144,349.3,0.0262986734080282,0.0285657016865675,4,2,2,1.0,High Risk Regime
2018-02-24,330,11641,313,0.0268877244223004,0.1932823640580706,0.9001803968731209,7.7,3.2,18.7,1.0,315.2857142857143,347.4,0.0257955256666707,0.0284139392377516,5,2,2,1.0,High Risk Regime
2018-02-25,293,11641,284,0.0243965295077742,0.1895885233227386,0.8952839103169831,5.7,19.1,24.1,1.0,316.2857142857143,342.8333333333333,0.0259305165241081,0.0280617358188013,6,2,2,1.0,High Risk Regime
2018-02-26,328,11641,319,0.0274031440597886,0.1901898462331414,0.8835151619276694,7.0,0.0,16.6,0.0,327.42857142857144,342.76666666666665,0.0269613557990845,0.0280703261460928,0,2,2,1.0,High Risk Regime
2018-02-27,384,11641,361,0.0310110815222059,0.1968903015204879,0.8833433553818401,5.8,0.0,15.7,0.0,338.85714285714283,346.8,0.0277958447359701,0.0283853048134467,1,2,2,1.0,High Risk Regime
2018-02-28,396,11641,382,0.0328150502534146,0.2037625633536637,0.8937376514045186,8.0,0.0,20.3,0.0,342.42857142857144,349.3333333333333,0.0281271859314982,0.0285886092260115,2,2,2,1.0,High Risk Regime
2018-03-01,392,11641,373,0.0320419207971823,0.2059101451765312,0.9002663001460356,9.7,5.5,17.3,1.0,350.14285714285717,350.8333333333333,0.0288144121148158,0.0286916931535091,3,3,2,1.0,High Risk Regime
2018-03-02,527,11641,496,0.0426080233656902,0.2105489219139249,0.9041319474271968,3.5,49.7,51.0,1.0,378.57142857142856,356.06666666666666,0.0310233534183366,0.0291068923059301,4,3,2,1.0,High Risk Regime
2018-03-03,352,11641,333,0.0286057898805944,0.2276436732239498,0.9176187612748046,4.8,0.0,37.0,0.0,381.7142857142857,356.1,0.03126879134095,0.0290868482089167,5,3,2,1.0,High Risk Regime
2018-03-04,278,11641,266,0.0228502705953096,0.2295335452280731,0.9177046645477192,4.0,0.0,30.1,0.0,379.57142857142856,352.7,0.031047897210598,0.0288062308507287,6,3,2,1.0,High Risk Regime
2018-03-05,367,11641,351,0.030152048793059,0.2282449961343527,0.90894253071042,2.1,0.0,30.8,0.0,385.1428571428572,355.3666666666667,0.0314405978867794,0.0290152621481545,0,3,2,1.0,High Risk Regime
2018-03-06,395,11641,380,0.0326432437075852,0.2315952237780259,0.915814792543596,2.5,0.2,18.5,1.0,386.7142857142857,356.96666666666664,0.0316737639132622,0.0291612977121095,1,3,2,1.0,High Risk Regime
2018-03-07,263,11641,255,0.021905334593248,0.2325401597800876,0.9199381496435014,1.5,34.2,41.2,1.0,367.7142857142857,351.03333333333336,0.030115233104667,0.0286945565959396,2,3,2,1.0,High Risk Regime
2018-03-08,367,11641,347,0.0298084357014002,0.2211150244824327,0.9046473670646852,1.6,0.0,24.4,0.0,364.1428571428572,352.7,0.0297961638052695,0.0288062308507287,3,3,2,1.0,High Risk Regime
2018-03-09,474,11641,447,0.03839876299287,0.2189674426595653,0.90894253071042,1.0,0.0,31.2,0.0,356.57142857142856,355.0,0.0291948408948666,0.029012398705724,4,3,2,1.0,High Risk Regime
2018-03-10,360,11641,349,0.0299802422472296,0.2144145691950863,0.9148698565415342,1.4,0.0,29.5,0.0,357.7142857142857,354.73333333333335,0.0293911912329574,0.0290209890330154,5,3,2,1.0,High Risk Regime
2018-03-11,295,11641,280,0.0240529164161154,0.2151017953784039,0.9141826303582168,1.5,0.0,20.2,0.0,360.14285714285717,352.8333333333333,0.0295629977787868,0.0288634996993385,6,3,2,1.0,High Risk Regime
2018-03-12,416,11641,394,0.033845889528391,0.2165621510179537,0.9092861438020788,1.9,1.1,19.1,1.0,367.1428571428572,355.23333333333335,0.0300906893124056,0.0290610772270423,0,3,2,1.0,High Risk Regime
2018-03-13,340,11641,326,0.0280044669701915,0.220771411390774,0.9154711794519372,2.2,8.2,32.4,1.0,359.2857142857143,356.53333333333336,0.0294280069213494,0.0291784783666924,1,3,2,1.0,High Risk Regime
2018-03-14,346,11641,328,0.0281762735160209,0.2160467313804656,0.9188214070956104,0.7,1.4,29.1,1.0,371.1428571428572,357.23333333333335,0.0303238553388884,0.0292242934455802,2,3,2,1.0,High Risk Regime
2018-03-15,421,11641,400,0.0343613091658792,0.2231767030323855,0.920625375826819,2.5,0.0,29.1,0.0,378.8571428571428,358.23333333333335,0.0309742658338139,0.029287289179051,3,3,2,1.0,High Risk Regime
2018-03-16,488,11641,455,0.0390859891761876,0.2278154797697792,0.92320247401426,0.5,0.0,37.8,0.0,380.8571428571428,360.6333333333333,0.0310724410028593,0.0294762763794633,4,3,2,1.0,High Risk Regime
2018-03-17,349,11641,333,0.0286057898805944,0.229018125590585,0.9293875096641182,2.0,0.0,28.3,0.0,379.2857142857143,359.46666666666664,0.0308760906647686,0.0293960999914096,5,3,2,1.0,High Risk Regime
2018-03-18,313,11641,291,0.0249978524181771,0.2280731895885233,0.9263808951121038,0.6,0.0,23.6,0.0,381.8571428571428,357.46666666666664,0.0310110815222059,0.0292242934455802,6,3,2,1.0,High Risk Regime
2018-03-19,389,11641,370,0.0317842109784382,0.2296194485009879,0.9212266987372218,2.0,0.0,16.1,0.0,378.0,358.0,0.0307165560150698,0.0292701085244681,0,3,2,1.0,High Risk Regime
2018-03-20,370,11641,356,0.0305815651576325,0.227300060132291,0.9226011511038572,0.0,0.5,19.6,1.0,382.2857142857143,360.8,0.03108471289899,0.0295077742461987,1,3,2,1.0,High Risk Regime
2018-03-21,247,11641,231,0.0198436560432952,0.229877158319732,0.9298170260286917,1.2,24.1,27.7,1.0,368.1428571428572,360.7,0.0298943389743149,0.0294963204764768,2,3,2,1.0,High Risk Regime
2018-03-22,415,11641,400,0.0343613091658792,0.2213727343011768,0.9295593162099476,2.5,3.1,26.7,1.0,367.2857142857143,364.4,0.0298943389743149,0.0298027088165392,3,3,2,1.0,High Risk Regime
2018-03-23,458,11641,433,0.0371961171720642,0.2208573146636887,0.9390945795034792,2.3,0.0,19.6,0.0,363.0,367.3,0.0296243572594401,0.0300260573261174,4,3,2,1.0,High Risk Regime
2018-03-24,347,11641,334,0.0286916931535091,0.2182802164762477,0.9465681642470578,3.7,0.0,21.4,0.0,362.7142857142857,367.6,0.0296366291555708,0.0300747358474357,5,3,2,1.0,High Risk Regime
2018-03-25,288,11641,284,0.0243965295077742,0.2181084099304183,0.94734129370329,2.8,0.4,24.8,1.0,359.14285714285717,366.26666666666665,0.0295507258826561,0.0299831056896601,6,3,2,1.0,High Risk Regime
2018-03-26,438,11641,416,0.0357357615325143,0.2159608281075509,0.9439051627867022,2.3,0.0,19.3,0.0,366.1428571428572,369.8666666666667,0.030115233104667,0.0302780402600005,0,3,2,1.0,High Risk Regime
2018-03-27,371,11641,357,0.0306674684305472,0.2201700884803711,0.9531827162614896,2.0,0.2,10.9,1.0,366.2857142857143,372.46666666666664,0.0301275050007976,0.0304870715574263,1,3,2,1.0,High Risk Regime
2018-03-28,372,11641,351,0.030152048793059,0.2202559917532858,0.959883171548836,5.6,3.7,12.4,1.0,384.1428571428572,373.93333333333334,0.0316001325364782,0.030578701715202,2,3,2,1.0,High Risk Regime
2018-03-29,369,11641,353,0.0303238553388884,0.230993900867623,0.9636629155570828,8.8,1.5,14.5,1.0,377.57142857142856,373.43333333333334,0.0310233534183366,0.030555794175758,3,3,2,1.0,High Risk Regime
2018-03-30,325,11641,314,0.0269736276952151,0.2270423503135469,0.9623743664633624,11.6,3.9,25.1,1.0,358.57142857142856,371.06666666666666,0.0295629977787868,0.0303610800904847,4,3,2,1.0,High Risk Regime
2018-03-31,359,11641,348,0.0298943389743149,0.2156172150158921,0.9562752340864188,6.2,0.0,27.8,0.0,360.2857142857143,369.96666666666664,0.0297348043246162,0.0302894940297225,5,3,2,1.0,High Risk Regime
2018-04-01,245,11641,236,0.0202731724078687,0.2166480542908684,0.9534404260802336,8.8,0.0,26.1,0.0,354.14285714285717,360.56666666666666,0.0291457533103439,0.0295449989977951,6,4,2,1.0,High Risk Regime
2018-04-02,314,11641,301,0.0258568851473241,0.2129542135555364,0.9292157031182888,1.8,12.9,18.1,1.0,336.42857142857144,359.3,0.0277344852553168,0.0294533688400194,0,4,2,1.0,High Risk Regime
2018-04-03,348,11641,334,0.0286916931535091,0.2023022077141139,0.9259513787475304,2.7,8.5,16.3,1.0,333.14285714285717,361.6333333333333,0.0274522316443113,0.0296480829252927,1,4,2,1.0,High Risk Regime
2018-04-04,357,11641,339,0.0291212095180826,0.2003264324370758,0.9319646078515592,9.2,1.4,40.0,1.0,331.0,361.3,0.0273049688907433,0.0296137216161269,2,4,2,1.0,High Risk Regime
2018-04-05,341,11641,326,0.0280044669701915,0.1990378833433553,0.9311055751224122,3.3,0.0,33.8,0.0,327.0,359.5,0.0269736276952151,0.0294590957248804,3,4,2,1.0,High Risk Regime
2018-04-06,314,11641,304,0.0261145949660682,0.1966325917017438,0.9264667983850184,6.0,2.1,30.6,1.0,325.42857142857144,361.2,0.0268509087339084,0.0295994044039744,4,4,2,1.0,High Risk Regime
2018-04-07,295,11641,286,0.0245683360536036,0.1956876556996821,0.930847865303668,5.9,0.1,23.0,1.0,316.2857142857143,358.8,0.0260900511738068,0.0294247344157145,5,4,2,1.0,High Risk Regime
2018-04-08,260,11641,244,0.0209603985911863,0.1901898462331414,0.92466282965381,2.7,0.0,26.5,0.0,318.42857142857144,351.6666666666667,0.0261882263428522,0.0288434556023251,6,4,2,1.0,High Risk Regime
2018-04-09,366,11641,348,0.0298943389743149,0.1914783953268619,0.9062795292500644,2.4,0.0,23.7,0.0,325.85714285714283,351.8666666666667,0.0267650054609937,0.0288405921598946,0,4,2,1.0,High Risk Regime
2018-04-10,411,11641,392,0.0336740829825616,0.1959453655184262,0.9067949488875526,5.0,1.4,18.4,1.0,334.85714285714283,355.73333333333335,0.0274767754365727,0.0291612977121095,1,4,2,1.0,High Risk Regime
2018-04-11,351,11641,339,0.0291212095180826,0.2013572717120522,0.9167597285456576,4.3,0.1,17.9,1.0,334.0,353.56666666666666,0.0274767754365727,0.0290038083784325,2,4,2,1.0,High Risk Regime
2018-04-12,374,11641,358,0.0307533717034619,0.200841852074564,0.9111760158062022,9.3,0.3,26.9,1.0,338.7142857142857,354.7,0.0278694761127541,0.0290954385362082,3,4,2,1.0,High Risk Regime
2018-04-13,453,11641,426,0.0365947942616613,0.203676660080749,0.914096727085302,18.8,0.3,27.1,1.0,358.57142857142856,358.26666666666665,0.029366647440696,0.0293760558943962,4,4,2,1.0,High Risk Regime
2018-04-14,390,11641,368,0.0316124044326088,0.2156172150158921,0.9232883772871746,17.3,0.0,25.9,0.0,372.1428571428572,357.23333333333335,0.030372942923411,0.0292844257366205,5,4,2,1.0,High Risk Regime
2018-04-15,310,11641,297,0.0255132720556653,0.2237780259427884,0.920625375826819,5.2,5.9,31.7,1.0,379.2857142857143,351.3,0.0310233534183366,0.0288320018326031,6,4,2,1.0,High Risk Regime
2018-04-16,427,11641,407,0.0349626320762821,0.2280731895885233,0.9053345932480028,9.3,45.7,50.2,1.0,388.0,353.9,0.0317473952900462,0.0290438965724594,0,4,2,1.0,High Risk Regime
2018-04-17,375,11641,359,0.0308392749763766,0.2333132892363199,0.9120350485353492,5.8,0.2,28.4,1.0,382.8571428571428,355.96666666666664,0.0313424227177341,0.0292386106577327,1,4,2,1.0,High Risk Regime
2018-04-18,410,11641,386,0.0331586633450734,0.2302207714113907,0.9173610514560604,6.3,0.0,23.8,0.0,391.2857142857143,356.6666666666667,0.0319192018358756,0.0292844257366205,2,4,2,1.0,High Risk Regime
2018-04-19,417,11641,398,0.0341895026200498,0.2352890645133579,0.9191650201872692,6.4,6.9,26.2,1.0,397.42857142857144,358.23333333333335,0.0324100776811025,0.0294046903187011,3,4,2,1.0,High Risk Regime
2018-04-20,438,11641,410,0.0352203418950262,0.2389829052486899,0.92320247401426,5.4,0.0,27.3,0.0,395.2857142857143,364.6,0.0322137273430117,0.0299172465137588,4,4,2,1.0,High Risk Regime
2018-04-21,370,11641,344,0.0295507258826561,0.2376943561549695,0.9396099991409672,8.3,0.0,19.7,0.0,392.42857142857144,363.1,0.0319192018358756,0.0297568937376514,5,4,2,1.0,High Risk Regime
2018-04-22,334,11641,316,0.0271454342410445,0.2359762906966755,0.935744351859806,9.7,0.0,20.9,0.0,395.8571428571428,358.96666666666664,0.0321523678623584,0.029421870973284,6,4,2,1.0,High Risk Regime
2018-04-23,394,11641,379,0.0325573404346705,0.2380379692466283,0.9250923460183832,9.3,0.0,19.5,0.0,391.1428571428572,360.53333333333336,0.0318087547706996,0.0295507258826561,0,4,2,1.0,High Risk Regime
2018-04-24,411,11641,394,0.033845889528391,0.2352031612404432,0.929129799845374,10.8,2.2,23.7,1.0,396.2857142857143,364.6333333333333,0.0322382711352731,0.02986570455001,1,4,2,1.0,High Risk Regime
2018-04-25,409,11641,390,0.0335022764367322,0.2382956790653723,0.939695902413882,12.3,20.2,21.4,1.0,396.1428571428572,363.6666666666667,0.0322873587197958,0.0297912550468172,2,4,2,1.0,High Risk Regime
2018-04-26,459,11641,431,0.0370243106262348,0.2382097757924577,0.9372047074993556,14.7,1.2,24.2,1.0,402.1428571428572,366.6,0.0326923312921079,0.0300031497866735,3,4,2,1.0,High Risk Regime
2018-04-27,442,11641,423,0.0363370844429172,0.241817713254875,0.9447641955158492,10.9,4.0,18.8,1.0,402.7142857142857,368.93333333333334,0.0328518659418066,0.0302093176416688,4,4,2,1.0,High Risk Regime
2018-04-28,371,11641,347,0.0298084357014002,0.2421613263465338,0.950777424619878,11.2,3.0,22.7,1.0,402.8571428571428,369.0,0.0328886816301986,0.0301921369870858,5,4,2,1.0,High Risk Regime
2018-04-29,314,11641,299,0.0256850786014947,0.2422472296194485,0.9509492311657074,10.6,1.7,28.9,1.0,400.0,368.6333333333333,0.0326800593959772,0.0301491853506285,6,4,2,1.0,High Risk Regime
2018-04-30,402,11641,380,0.0326432437075852,0.2405291641611545,0.9500042951636456,8.2,1.0,31.9,1.0,401.1428571428572,370.06666666666666,0.0326923312921079,0.0302408155084042,0,4,2,1.0,High Risk Regime
2018-05-01,416,11641,392,0.0336740829825616,0.2412163903444721,0.9536981358989778,14.9,0.0,18.7,0.0,401.8571428571428,375.76666666666665,0.0326677874998466,0.0306875125275606,1,5,2,1.0,High Risk Regime
2018-05-02,492,11641,463,0.0397732153595052,0.2416459067090456,0.9683875955673912,20.8,0.0,23.7,0.0,413.7142857142857,381.7,0.0335636359173855,0.0311513902013,2,5,2,1.0,High Risk Regime
2018-05-03,490,11641,471,0.0404604415428227,0.2487758783609655,0.9836783781462074,22.9,0.0,26.0,0.0,418.1428571428572,386.43333333333334,0.0340545117626124,0.0315436818142771,3,5,2,1.0,High Risk Regime
2018-05-04,466,11641,442,0.0379692466282965,0.2514388798213212,0.9958766429000944,22.7,0.0,30.1,0.0,421.57142857142856,390.06666666666666,0.0342876777890951,0.0318386163846175,4,5,2,1.0,High Risk Regime
2018-05-05,391,11641,364,0.03126879134095,0.2535005583712739,1.0052400996477966,18.6,0.0,26.1,0.0,424.42857142857144,391.73333333333335,0.0344963000233166,0.0319474271969762,5,5,2,1.0,High Risk Regime
2018-05-06,292,11641,276,0.0237093033244566,0.2552186238295679,1.0095352632935315,15.4,0.8,23.2,1.0,421.2857142857143,391.0,0.0342140464123111,0.0318672508089224,6,5,2,1.0,High Risk Regime
2018-05-07,408,11641,384,0.032986856799244,0.2533287518254445,1.007645391289408,15.8,0.1,14.3,1.0,422.1428571428572,394.76666666666665,0.0342631339968338,0.0321478681671105,0,5,2,1.0,High Risk Regime
2018-05-08,445,11641,425,0.0365088909887466,0.2538441714629327,1.017352461128769,14.3,0.0,15.1,0.0,426.2857142857143,400.93333333333334,0.034668106569146,0.0326661512470291,1,5,2,1.0,High Risk Regime
2018-05-09,399,11641,381,0.0327291469804999,0.2563353663774589,1.033244566617988,14.7,0.0,18.8,0.0,413.0,402.03333333333336,0.0336618110864309,0.0327606448472353,2,5,2,1.0,High Risk Regime
2018-05-10,434,11641,404,0.034704922257538,0.248346361996392,1.0360793746241732,14.2,2.0,22.9,1.0,405.0,402.8,0.032839594045676,0.0327950061564012,3,5,2,1.0,High Risk Regime
2018-05-11,501,11641,464,0.0398591186324198,0.2435357787131689,1.0380551499012112,17.5,0.0,18.4,0.0,410.0,407.8,0.0331095757605507,0.0331529364602124,4,5,2,1.0,High Risk Regime
2018-05-12,362,11641,346,0.0297225324284855,0.2465423932651834,1.050940640838416,13.6,8.2,19.3,1.0,405.8571428571428,407.4,0.0328886816301986,0.0331185751510465,5,5,2,1.0,High Risk Regime
2018-05-13,328,11641,310,0.0266300146035563,0.2440511983506571,1.0499098015634396,11.7,6.3,18.0,1.0,411.0,403.23333333333335,0.0333059260986415,0.0327864158291097,6,5,2,1.0,High Risk Regime
2018-05-14,428,11641,406,0.0348767288033674,0.2471437161755862,1.0391718924491022,14.3,5.1,16.1,1.0,413.8571428571428,404.5,0.0335759078135162,0.0328952266414683,0,5,2,1.0,High Risk Regime
2018-05-15,461,11641,437,0.037539730263723,0.2488617816338802,1.0424362168198609,21.7,2.9,26.8,1.0,416.1428571428572,409.53333333333336,0.0337231705670843,0.0332961085817369,1,5,2,1.0,High Risk Regime
2018-05-16,418,11641,391,0.0335881797096469,0.2502362340005154,1.0554076110299802,15.9,11.3,17.4,1.0,418.8571428571428,409.23333333333335,0.033845889528391,0.0332502935028491,2,5,2,1.0,High Risk Regime
2018-05-17,457,11641,441,0.0378833433553818,0.2518683961858947,1.054634481573748,16.1,16.1,14.0,1.0,422.1428571428572,411.96666666666664,0.0342999496852258,0.0334850957821493,3,5,2,1.0,High Risk Regime
2018-05-18,369,11641,350,0.0300661455201443,0.2538441714629327,1.0616785499527532,15.7,0.0,28.0,0.0,403.2857142857143,410.6,0.0329009535263293,0.0333820118546516,4,5,2,1.0,High Risk Regime
2018-05-19,357,11641,338,0.0290353062451679,0.2425049394381926,1.0581565157632506,12.4,16.7,20.6,1.0,402.57142857142856,408.6,0.0328027783572839,0.0332102053088222,5,5,2,1.0,High Risk Regime
2018-05-20,360,11641,336,0.0288634996993385,0.2420754230736191,1.0530023193883686,21.2,2.6,27.2,1.0,407.1428571428572,406.0,0.0331218476566814,0.032998310568966,6,5,2,1.0,High Risk Regime
2018-05-21,387,11641,366,0.0314405978867794,0.2448243278068894,1.0463018641010222,18.0,0.0,15.5,0.0,401.2857142857143,406.56666666666666,0.0326309718114545,0.0330613063024367,0,5,2,1.0,High Risk Regime
2018-05-22,402,11641,384,0.032986856799244,0.2413022936173868,1.047762219740572,15.4,4.6,16.6,1.0,392.8571428571428,408.8333333333333,0.031980561316529,0.0332560203877101,1,5,2,1.0,High Risk Regime
2018-05-23,467,11641,445,0.0382269564470406,0.2362340005154196,1.0536036422987716,19.5,4.7,17.5,1.0,399.8571428571428,411.26666666666665,0.0326432437075852,0.0334450075881224,2,5,2,1.0,High Risk Regime
2018-05-24,486,11641,464,0.0398591186324198,0.2404432608882398,1.0598745812215444,20.8,0.0,18.1,0.0,404.0,413.76666666666665,0.0329254973185906,0.0336454485582567,3,5,2,1.0,High Risk Regime
2018-05-25,490,11641,465,0.0399450219053345,0.2429344558027661,1.066317326690147,22.7,0.0,22.0,0.0,421.2857142857143,416.46666666666664,0.0343367653736178,0.0338602067405434,4,5,2,1.0,High Risk Regime
2018-05-26,367,11641,348,0.0298943389743149,0.2533287518254445,1.0732754917962375,23.9,3.9,20.0,1.0,422.7142857142857,413.4,0.0344594843349245,0.0336225410188128,5,5,2,1.0,High Risk Regime
2018-05-27,274,11641,265,0.0227643673223949,0.2541877845545915,1.0653723906880852,16.7,16.9,29.2,1.0,410.42857142857144,407.8,0.0335881797096469,0.0331701171147954,6,5,2,1.0,High Risk Regime
2018-05-28,238,11641,226,0.0194141396787217,0.2468001030839275,1.050940640838416,15.5,0.0,17.4,0.0,389.1428571428572,403.3666666666667,0.0318701142513529,0.0328236405807061,0,5,2,1.0,High Risk Regime
2018-05-29,471,11641,452,0.0388282793574435,0.2340005154196374,1.039515505540761,22.4,0.0,13.7,0.0,399.0,408.6,0.0327046031882386,0.033261747272571,1,5,2,1.0,High Risk Regime
2018-05-30,436,11641,414,0.0355639549866849,0.2399278412507516,1.0530023193883686,18.7,0.0,19.6,0.0,394.57142857142856,409.73333333333335,0.0323241744081878,0.0333591043152077,2,5,2,1.0,High Risk Regime
2018-05-31,380,11641,358,0.0307533717034619,0.237264839790396,1.0559230306674685,18.1,3.5,16.1,1.0,379.42857142857144,408.53333333333336,0.0310233534183366,0.033261747272571,3,5,2,1.0,High Risk Regime
2018-06-01,467,11641,443,0.0380551499012112,0.228159092861438,1.0528305128425393,20.5,7.6,12.1,1.0,376.1428571428572,407.7,0.0307533717034619,0.0332044784239612,4,6,2,1.0,High Risk Regime
2018-06-02,372,11641,356,0.0305815651576325,0.2261833175843999,1.050682931019672,23.4,2.4,18.4,1.0,376.8571428571428,403.76666666666665,0.0308515468725072,0.0328751825444549,5,6,2,1.0,High Risk Regime
2018-06-03,323,11641,309,0.0265441113306416,0.2266128339489734,1.0405463448157375,16.1,10.1,24.5,1.0,383.8571428571428,399.0,0.0313915103022568,0.0324943447011997,6,6,2,1.0,High Risk Regime
2018-06-04,417,11641,399,0.0342754058929645,0.2308220943217936,1.0282621767889355,15.4,6.9,18.6,1.0,409.42857142857144,399.8666666666667,0.0335145483328629,0.0325945651862669,0,6,2,1.0,High Risk Regime
2018-06-05,425,11641,407,0.0349626320762821,0.2461987801735246,1.030495661884718,18.1,0.4,26.3,1.0,402.8571428571428,404.3,0.0329623130069827,0.0329696761446611,1,6,2,1.0,High Risk Regime
2018-06-06,379,11641,366,0.0314405978867794,0.2422472296194485,1.0419207971823727,16.7,0.6,16.3,1.0,394.7142857142857,403.3333333333333,0.0323732619927105,0.0329181341809122,2,6,2,1.0,High Risk Regime
2018-06-07,427,11641,407,0.0349626320762821,0.2373507430633107,1.0394296022678464,16.6,0.2,19.1,1.0,401.42857142857144,402.73333333333335,0.0329745849031133,0.0328665922171634,3,6,2,1.0,High Risk Regime
2018-06-08,458,11641,437,0.037539730263723,0.2413881968903015,1.0378833433553818,20.4,0.5,15.0,1.0,400.1428571428572,404.7,0.0329009535263293,0.0330269449932709,4,6,2,1.0,High Risk Regime
2018-06-09,438,11641,415,0.0356498582595996,0.2406150674340692,1.042951636457349,21.4,0.5,14.1,1.0,409.57142857142856,404.8333333333333,0.0336249953980389,0.0330584428600062,5,6,2,1.0,High Risk Regime
2018-06-10,327,11641,321,0.027574950605618,0.2462846834464393,1.0432952495490078,17.7,3.7,14.3,1.0,410.1428571428572,399.03333333333336,0.033772258151607,0.0326489705924462,6,6,2,1.0,High Risk Regime
2018-06-11,409,11641,388,0.0333304698909028,0.2466282965380981,1.0283480800618503,16.6,1.7,19.0,1.0,409.0,400.6,0.0336372672941696,0.0327692351745268,0,6,2,1.0,High Risk Regime
2018-06-12,421,11641,393,0.0337599862554763,0.2459410703547805,1.0323855338888412,16.8,0.0,26.8,0.0,408.42857142857144,403.7,0.0334654607483402,0.0330069008962574,1,6,2,1.0,High Risk Regime
2018-06-13,426,11641,407,0.0349626320762821,0.2455974572631217,1.040374538269908,20.0,2.0,20.5,1.0,415.1428571428572,403.6333333333333,0.0339686084896977,0.0330097643386879,2,6,2,1.0,High Risk Regime
2018-06-14,508,11641,477,0.0409758611803109,0.2496349110901125,1.0402027317240787,22.8,0.1,26.4,1.0,426.7142857142857,405.2,0.0348276412188447,0.0331243020359075,3,6,2,1.0,High Risk Regime
2018-06-15,470,11641,437,0.037539730263723,0.2565930761962031,1.0442401855510697,19.6,0.0,22.0,0.0,428.42857142857144,406.93333333333334,0.0348276412188447,0.0332560203877101,4,6,2,1.0,High Risk Regime
2018-06-16,393,11641,374,0.032127824070097,0.2576239154711794,1.0487071557426335,21.3,0.0,12.3,0.0,422.0,404.8,0.0343244934774872,0.0330641697448672,5,6,2,1.0,High Risk Regime
2018-06-17,374,11641,356,0.0305815651576325,0.253758268190018,1.0432093462760932,23.1,0.0,18.7,0.0,428.7142857142857,404.96666666666664,0.0347540098420606,0.0330813503994502,6,6,2,1.0,High Risk Regime
2018-06-18,468,11641,449,0.0385705695386994,0.2577957220170088,1.0436388626406663,26.2,0.5,21.2,1.0,437.1428571428572,408.6666666666667,0.0355025955060316,0.0333991925092346,0,6,2,1.0,High Risk Regime
2018-06-19,515,11641,492,0.0422644102740314,0.262864015118976,1.053174125934198,26.4,4.0,21.8,1.0,450.57142857142856,413.8333333333333,0.036717513222968,0.033845889528391,1,6,2,1.0,High Risk Regime
2018-06-20,432,11641,412,0.0353921484408555,0.2709389227729576,1.0664891332359765,22.2,0.4,19.5,1.0,451.42857142857144,415.3333333333333,0.0367788727036214,0.0339776078801935,2,6,2,1.0,High Risk Regime
2018-06-21,501,11641,472,0.0405463448157374,0.2714543424104458,1.0703547805171376,23.1,9.0,17.0,1.0,450.42857142857144,418.6333333333333,0.036717513222968,0.0342295908140766,3,6,2,1.0,High Risk Regime
2018-06-22,458,11641,423,0.0363370844429172,0.2708530195000429,1.0788592045356928,20.3,0.0,20.2,0.0,448.7142857142857,418.3333333333333,0.0365457066771386,0.0341665950806059,4,6,2,1.0,High Risk Regime
2018-06-23,313,11641,305,0.0262004982389829,0.2698221802250666,1.0780860750794603,18.7,11.0,18.3,1.0,437.2857142857143,412.56666666666666,0.0356989458441223,0.033711307734158,5,6,2,1.0,High Risk Regime
2018-06-24,354,11641,335,0.0287775964264238,0.2629499183918907,1.063224808865218,22.6,4.3,23.9,1.0,434.42857142857144,408.03333333333336,0.0354412360253782,0.0333390602181943,6,6,2,1.0,High Risk Regime
2018-06-25,437,11641,420,0.0360793746241731,0.2612318529335968,1.0515419637488188,22.2,0.0,24.9,0.0,430.0,410.3666666666667,0.0350853510375888,0.0335452280731895,0,6,2,1.0,High Risk Regime
2018-06-26,489,11641,461,0.0396014088136758,0.2585688514732411,1.0575551928528475,19.7,0.0,22.0,0.0,426.2857142857143,417.53333333333336,0.034704922257538,0.0341064627895656,1,6,2,1.0,High Risk Regime
2018-06-27,323,11641,311,0.026715917876471,0.2563353663774589,1.0760243965295078,20.1,6.5,25.8,1.0,410.7142857142857,420.3666666666667,0.0334654607483402,0.0343498553961572,2,6,2,1.0,High Risk Regime
2018-06-28,473,11641,455,0.0390859891761876,0.2469719096297569,1.0833261747272571,23.4,17.6,21.9,1.0,406.7142857142857,420.43333333333334,0.0332568385141188,0.0343584457234487,3,6,2,1.0,High Risk Regime
2018-06-29,539,11641,507,0.0435529593677519,0.2445666179881453,1.0834979812730865,25.5,0.0,15.8,0.0,418.2857142857143,423.8666666666667,0.0342876777890951,0.0346247458694842,4,6,2,1.0,High Risk Regime
2018-06-30,406,11641,388,0.0333304698909028,0.2515247830942358,1.0923460183833005,25.5,0.0,18.2,0.0,431.57142857142856,424.73333333333335,0.0353062451679409,0.0347106491423989,5,6,2,1.0,High Risk Regime
2018-07-01,343,11641,326,0.0280044669701915,0.2595137874753028,1.0945795034790826,27.6,0.0,13.6,0.0,430.0,420.6,0.0351957981027648,0.0343756263780316,6,7,2,1.0,High Risk Regime
2018-07-02,441,11641,416,0.0357357615325143,0.2585688514732411,1.08392749763766,26.7,0.0,21.2,0.0,430.57142857142856,422.9,0.0351467105182421,0.034547432923861,0,7,2,1.0,High Risk Regime
2018-07-03,418,11641,405,0.0347908255304527,0.2589124645648999,1.0898548234687742,26.7,0.6,13.0,1.0,420.42857142857144,426.06666666666666,0.0344594843349245,0.0348223233971881,1,7,2,1.0,High Risk Regime
2018-07-04,219,11641,216,0.0185551069495747,0.2528133321879564,1.0980156343956704,25.7,10.4,11.2,1.0,405.57142857142856,419.46666666666664,0.0332936542025108,0.0342983134324084,2,7,2,1.0,High Risk Regime
2018-07-05,426,11641,404,0.034704922257538,0.2438793918048277,1.0810067863585602,26.1,0.1,22.0,1.0,398.8571428571428,419.5,0.0326677874998466,0.0342897231051169,3,7,2,1.0,High Risk Regime
2018-07-06,412,11641,395,0.0339317928013057,0.2398419379778369,1.081092689631475,24.8,6.1,21.2,1.0,380.7142857142857,420.6,0.0312933351332114,0.0343727629356011,4,7,2,1.0,High Risk Regime
2018-07-07,325,11641,301,0.0258568851473241,0.2289322223176703,1.08392749763766,20.2,0.0,21.5,0.0,369.1428571428572,417.2,0.030225680169843,0.0340692380379692,5,7,2,1.0,High Risk Regime
2018-07-08,335,11641,319,0.0274031440597886,0.2219740572115797,1.0751653638003609,20.9,0.0,17.8,0.0,368.0,413.1,0.0301397768969283,0.0337313518311714,6,7,2,1.0,High Risk Regime
2018-07-09,389,11641,374,0.032127824070097,0.2212868310282622,1.064599261231853,22.7,0.0,23.9,0.0,360.57142857142856,411.46666666666664,0.0296243572594401,0.0336139506915213,0,7,2,1.0,High Risk Regime
2018-07-10,430,11641,412,0.0353921484408555,0.2168198608366978,1.0603900008590328,25.6,0.9,25.4,1.0,362.2857142857143,414.9,0.0297102605323548,0.0338745239526959,1,7,2,1.0,High Risk Regime
2018-07-11,372,11641,358,0.0307533717034619,0.2178507001116742,1.0692380379692463,24.5,1.4,18.7,1.0,384.1428571428572,413.6666666666667,0.0314528697829101,0.0337886206797812,2,7,2,1.0,High Risk Regime
2018-07-12,411,11641,390,0.0335022764367322,0.230993900867623,1.0660596168714027,23.1,0.0,18.0,0.0,382.0,413.3333333333333,0.0312810632370807,0.0337800303524897,3,7,2,1.0,High Risk Regime
2018-07-13,456,11641,435,0.0373679237178936,0.2297053517739025,1.0652005841422558,22.9,0.0,22.3,0.0,388.2857142857143,414.3333333333333,0.0317719390823076,0.0338602067405434,4,7,2,1.0,High Risk Regime
2018-07-14,335,11641,319,0.0274031440597886,0.2334850957821493,1.0677776823296967,25.5,0.0,28.5,0.0,389.7142857142857,408.56666666666666,0.0319928332126596,0.033407782836526,5,7,2,1.0,High Risk Regime
2018-07-15,326,11641,316,0.0271454342410445,0.2343441285112962,1.052916416115454,24.6,10.7,15.5,1.0,388.42857142857144,403.76666666666665,0.0319560175242676,0.0330613063024367,6,7,2,1.0,High Risk Regime
2018-07-16,427,11641,405,0.0347908255304527,0.233570999055064,1.0405463448157375,26.7,0.4,24.2,1.0,393.8571428571428,404.9,0.0323364463043184,0.0331500730177819,0,7,2,1.0,High Risk Regime
2018-07-17,425,11641,404,0.034704922257538,0.2368353234258225,1.0434670560948371,25.5,37.9,20.5,1.0,393.1428571428572,406.6,0.0322382711352731,0.0332875182544454,1,7,2,1.0,High Risk Regime
2018-07-18,419,11641,395,0.0339317928013057,0.236405807061249,1.0478481230134868,24.2,0.0,20.5,0.0,399.8571428571428,404.96666666666664,0.0326923312921079,0.033132892363199,2,7,2,1.0,High Risk Regime
2018-07-19,462,11641,438,0.0376256335366377,0.2404432608882398,1.0436388626406663,22.2,0.0,15.5,0.0,407.1428571428572,403.2,0.0332813823063801,0.0329782664719525,3,7,2,1.0,High Risk Regime
2018-07-20,441,11641,417,0.035821664805429,0.2448243278068894,1.0390859891761877,21.9,0.0,21.5,0.0,405.0,403.5,0.033060488176028,0.032992583684105,4,7,2,1.0,High Risk Regime
2018-07-21,375,11641,358,0.0307533717034619,0.2435357787131689,1.03985911863242,21.2,11.6,29.2,1.0,410.7142857142857,399.3,0.0335390921251242,0.0326661512470291,5,7,2,1.0,High Risk Regime
2018-07-22,309,11641,293,0.0251696589640065,0.2469719096297569,1.029035306245168,23.7,23.0,34.4,1.0,408.2857142857143,394.3333333333333,0.0332568385141188,0.0322939037310654,6,7,2,1.0,High Risk Regime
2018-07-23,396,11641,378,0.0324714371617558,0.245511553990207,1.016235718580878,23.9,15.1,27.4,1.0,403.8571428571428,397.1,0.0329254973185906,0.0325029350284912,0,7,2,1.0,High Risk Regime
2018-07-24,393,11641,379,0.0325573404346705,0.2428485525298513,1.023365690232798,24.5,8.2,33.0,1.0,399.2857142857143,398.4,0.0326186999153239,0.0326289264954328,1,7,2,1.0,High Risk Regime
2018-07-25,418,11641,392,0.0336740829825616,0.240099647796581,1.026715917876471,23.2,25.6,24.5,1.0,399.1428571428572,397.76666666666665,0.0325818842269319,0.032548750107379,2,7,2,1.0,High Risk Regime
2018-07-26,376,11641,362,0.0310969847951206,0.2400137445236663,1.025083755691092,24.8,1.8,13.1,1.0,386.8571428571428,394.0,0.0316492201210008,0.0322652693067605,3,7,2,1.0,High Risk Regime
2018-07-27,476,11641,443,0.0380551499012112,0.2326260630530023,1.015376685851731,25.2,4.0,19.9,1.0,391.8571428571428,399.1,0.0319682894203983,0.0326432437075852,4,7,2,1.0,High Risk Regime
2018-07-28,398,11641,368,0.0316124044326088,0.2356326776050167,1.0285198866076797,24.5,2.5,18.7,1.0,395.1428571428572,396.6,0.032091008381705,0.0323941242161326,5,7,2,1.0,High Risk Regime
2018-07-29,262,11641,253,0.0217335280474186,0.2376084528820548,1.0220771411390774,23.9,0.0,14.6,0.0,388.42857142857144,387.3666666666667,0.0316001325364782,0.0316668098387881,6,7,2,1.0,High Risk Regime
2018-07-30,349,11641,337,0.0289494029722532,0.233570999055064,0.998281934541706,22.9,0.9,13.2,1.0,381.7142857142857,385.46666666666664,0.0310969847951206,0.0315207742748332,0,7,2,1.0,High Risk Regime
2018-07-31,430,11641,408,0.0350485353491968,0.2295335452280731,0.9933854479855684,22.8,0.0,16.4,0.0,387.0,388.3666666666667,0.0314528697829101,0.0317555765541333,1,7,2,1.0,High Risk Regime
2018-08-01,414,11641,387,0.0332445666179881,0.232711966325917,1.000859032729147,25.3,7.0,23.7,1.0,386.42857142857144,387.46666666666664,0.0313915103022568,0.0316725367236491,2,8,2,1.0,High Risk Regime
2018-08-02,438,11641,419,0.0359934713512584,0.2323683532342582,0.9985396443604502,25.8,5.9,19.9,1.0,395.2857142857143,388.1333333333333,0.032091008381705,0.031712624917676,3,8,2,1.0,High Risk Regime
2018-08-03,451,11641,413,0.0354780517137702,0.2376943561549695,1.0002577098187442,25.3,5.1,24.5,1.0,391.7142857142857,395.8666666666667,0.0317228514977849,0.0322767230764825,4,8,2,1.0,High Risk Regime
2018-08-04,369,11641,344,0.0295507258826561,0.235546774332102,1.020187269134954,25.1,29.6,15.8,1.0,387.57142857142856,393.96666666666664,0.0314283259906488,0.0321049165306531,5,8,2,1.0,High Risk Regime
2018-08-05,347,11641,325,0.0279185636972768,0.2330555794175758,1.0152907825788162,26.6,0.0,17.7,0.0,399.7142857142857,391.8,0.0323119025120571,0.0319044755605188,6,8,2,1.0,High Risk Regime
2018-08-06,388,11641,369,0.0316983077055235,0.2403573576153251,1.0097070698393609,27.7,0.0,14.5,0.0,405.2857142857143,393.9,0.0327046031882386,0.0320991896457921,0,8,2,1.0,High Risk Regime
2018-08-07,406,11641,390,0.0335022764367322,0.2437075852589983,1.0151189760329868,26.7,1.7,24.3,1.0,401.8571428571428,396.26666666666665,0.0324837090578865,0.0323024940583569,1,8,2,1.0,High Risk Regime
2018-08-08,414,11641,397,0.0341035993471351,0.2416459067090456,1.0212181084099303,26.2,7.1,15.0,1.0,401.8571428571428,397.1,0.0326064280191932,0.0323683532342582,2,8,2,1.0,High Risk Regime
2018-08-09,444,11641,421,0.0361652778970878,0.2416459067090456,1.023365690232798,26.5,1.7,15.8,1.0,402.7142857142857,397.56666666666666,0.0326309718114545,0.0323941242161326,3,8,2,1.0,High Risk Regime
2018-08-10,427,11641,405,0.0347908255304527,0.2421613263465338,1.0245683360536035,25.4,0.2,15.7,1.0,399.2857142857143,399.4,0.0325327966424092,0.0325287060103656,4,8,2,1.0,High Risk Regime
2018-08-11,359,11641,349,0.0299802422472296,0.240099647796581,1.029293016063912,24.1,12.5,13.7,1.0,397.8571428571428,397.6666666666667,0.0325941561230625,0.0324113048707155,5,8,2,1.0,High Risk Regime
2018-08-12,298,11641,275,0.0236234000515419,0.239240615067434,1.0248260458723475,23.6,9.9,16.5,1.0,390.8571428571428,392.4,0.031980561316529,0.0319531540818371,6,8,2,1.0,High Risk Regime
2018-08-13,364,11641,349,0.0299802422472296,0.2350313546946138,1.0112533287518255,22.6,18.0,17.3,1.0,387.42857142857144,393.3666666666667,0.0317351233939155,0.0320390573547518,0,8,2,1.0,High Risk Regime
2018-08-14,448,11641,417,0.035821664805429,0.2329696761446611,1.0137445236663516,22.9,3.4,23.7,1.0,393.42857142857144,397.43333333333334,0.0320664645894437,0.0323282650402313,1,8,2,1.0,High Risk Regime
2018-08-15,410,11641,390,0.0335022764367322,0.2365776136070784,1.0242247229619448,25.4,0.1,18.2,1.0,392.8571428571428,396.8666666666667,0.031980561316529,0.032285313403774,2,8,2,1.0,High Risk Regime
2018-08-16,393,11641,374,0.032127824070097,0.2362340005154196,1.022764367322395,26.9,0.0,15.2,0.0,385.57142857142856,395.8,0.0314037821983874,0.0321994101308593,3,8,2,1.0,High Risk Regime
2018-08-17,450,11641,426,0.0365947942616613,0.23185293359677,1.020015462589125,26.0,5.9,19.3,1.0,388.8571428571428,396.8333333333333,0.0316614920171315,0.0322881768462045,4,8,2,1.0,High Risk Regime
2018-08-18,374,11641,357,0.0306674684305472,0.2338287088738081,1.0226784640494804,25.0,13.2,20.9,1.0,391.0,393.9,0.0317596671861769,0.0320562380093348,5,8,2,1.0,High Risk Regime
2018-08-19,283,11641,274,0.0235374967786272,0.2351172579675285,1.0151189760329868,21.0,20.3,20.6,1.0,388.8571428571428,388.6333333333333,0.0317473952900462,0.0316467657417747,6,8,2,1.0,High Risk Regime
2018-08-20,321,11641,312,0.0268018211493857,0.2338287088738081,1.0015462589124646,20.9,1.2,18.2,1.0,382.7142857142857,386.8333333333333,0.0312933351332114,0.0315150473899722,0,8,2,1.0,High Risk Regime
2018-08-21,353,11641,338,0.0290353062451679,0.230134868138476,0.9969074821750707,21.5,3.2,21.7,1.0,369.1428571428572,388.3,0.0303238553388884,0.0316439022993442,1,8,2,1.0,High Risk Regime
2018-08-22,383,11641,365,0.0313546946138647,0.2219740572115797,1.0006872261833175,24.3,11.3,19.2,1.0,365.2857142857143,387.8666666666667,0.0300170579356216,0.0316066775477479,2,8,2,1.0,High Risk Regime
2018-08-23,405,11641,387,0.0332445666179881,0.2196546688428829,0.9995704836354266,21.4,1.0,18.6,1.0,367.0,388.26666666666665,0.0301765925853203,0.0316295850871918,3,8,2,1.0,High Risk Regime
2018-08-24,458,11641,432,0.0371102138991495,0.2206855081178592,1.000601322910403,21.4,0.0,18.0,0.0,368.1428571428572,389.6,0.0302502239621043,0.0317441227844114,4,8,2,1.0,High Risk Regime
2018-08-25,338,11641,322,0.0276608538785327,0.2213727343011768,1.0040374538269907,21.4,0.0,15.3,0.0,363.0,388.3333333333333,0.0298207075975308,0.0316295850871918,5,8,2,1.0,High Risk Regime
2018-08-26,309,11641,297,0.0255132720556653,0.2182802164762477,1.0007731294562323,23.0,0.2,17.7,1.0,366.7142857142857,382.76666666666665,0.0301029612085363,0.0312115224923402,6,8,2,1.0,High Risk Regime
2018-08-27,382,11641,363,0.0311828880680353,0.2205137015720299,0.9864272828794776,25.5,0.0,16.5,0.0,375.42857142857144,382.23333333333335,0.0307288279112005,0.0311972052801878,0,8,2,1.0,High Risk Regime
2018-08-28,436,11641,418,0.0359075680783437,0.2257538012198264,0.9850528305128424,28.5,0.0,16.8,0.0,387.2857142857143,388.03333333333336,0.0317105796016542,0.0316696732812186,1,8,2,1.0,High Risk Regime
2018-08-29,422,11641,400,0.0343613091658792,0.2328837728717464,1.0,28.9,0.0,20.9,0.0,392.8571428571428,390.46666666666664,0.0321400959662277,0.0318500701543395,2,8,2,1.0,High Risk Regime
2018-08-30,435,11641,405,0.0347908255304527,0.2362340005154196,1.0062709389227729,27.6,0.2,16.3,1.0,397.1428571428572,390.6333333333333,0.0323609900965798,0.031841479827048,3,8,2,1.0,High Risk Regime
2018-08-31,384,11641,366,0.0314405978867794,0.2388110987028605,1.0067004552873464,22.8,2.2,24.6,1.0,386.57142857142856,389.6333333333333,0.0315510449519555,0.0317813475360077,4,8,2,1.0,High Risk Regime
2018-09-01,339,11641,317,0.0272313375139592,0.2324542565071729,1.0041233570999055,21.6,2.2,19.8,1.0,386.7142857142857,386.3333333333333,0.0314896854713021,0.0314892764080978,5,9,2,1.0,High Risk Regime
2018-09-02,314,11641,297,0.0255132720556653,0.2325401597800876,0.9956189330813504,22.6,0.0,19.2,0.0,387.42857142857144,381.76666666666665,0.0314896854713021,0.0311571170861609,6,9,2,1.0,High Risk Regime
2018-09-03,323,11641,306,0.0262864015118976,0.2329696761446611,0.9838501846920368,26.1,0.2,16.6,1.0,379.0,380.23333333333335,0.0307901873918539,0.0310483062738023,0,9,2,1.0,High Risk Regime
2018-09-04,464,11641,428,0.0367666008074907,0.2279013830426939,0.9798986341379606,27.6,0.0,10.2,0.0,383.0,384.1333333333333,0.0309129063531606,0.0313432408441428,1,9,2,1.0,High Risk Regime
2018-09-05,467,11641,449,0.0385705695386994,0.2303066746843054,0.9899493170689804,26.3,0.0,18.9,0.0,389.42857142857144,386.76666666666665,0.0315142292635635,0.031572316238582,2,9,2,1.0,High Risk Regime
2018-09-06,491,11641,463,0.0397732153595052,0.2341723219654669,0.9967356756292416,26.9,2.6,19.3,1.0,397.42857142857144,389.6,0.0322259992391424,0.0317813475360077,3,9,2,1.0,High Risk Regime
2018-09-07,408,11641,387,0.0332445666179881,0.2389829052486899,1.0040374538269907,23.2,6.0,16.2,1.0,400.8571428571428,389.4,0.0324837090578865,0.0317527131117028,4,9,2,1.0,High Risk Regime
2018-09-08,377,11641,354,0.0304097586118031,0.2410445837986427,1.0035220341895026,19.2,7.4,19.3,1.0,406.2857142857143,387.1666666666667,0.0329377692147213,0.03156086246886,5,9,2,1.0,High Risk Regime
2018-09-09,340,11641,310,0.0266300146035563,0.2443089081694012,0.997766514904218,15.3,20.1,21.5,1.0,410.0,384.26666666666665,0.03309730386442,0.0312888354379635,6,9,2,1.0,High Risk Regime
2018-09-10,398,11641,380,0.0326432437075852,0.2465423932651834,0.9902929301606392,16.0,26.6,25.9,1.0,420.7142857142857,385.56666666666666,0.0340054241780897,0.0313776021533087,0,9,2,1.0,High Risk Regime
2018-09-11,346,11641,333,0.0286057898805944,0.2529851387337857,0.9936431578043124,21.0,11.1,17.7,1.0,403.8571428571428,387.1666666666667,0.032839594045676,0.0315436818142771,1,9,2,1.0,High Risk Regime
2018-09-12,478,11641,456,0.0391718924491023,0.2428485525298513,0.997766514904218,22.9,13.4,12.6,1.0,405.42857142857144,390.96666666666664,0.0329254973185906,0.0318500701543395,2,9,2,1.0,High Risk Regime
2018-09-13,449,11641,434,0.0372820204449789,0.243793488531913,1.0075594880164935,22.5,38.5,17.2,1.0,399.42857142857144,391.0,0.0325696123308012,0.0318987486756578,3,9,2,1.0,High Risk Regime
2018-09-14,415,11641,394,0.033845889528391,0.2401855510694957,1.007645391289408,21.6,1.0,15.0,1.0,400.42857142857144,391.1666666666667,0.0326555156037159,0.0319102024453798,4,9,2,1.0,High Risk Regime
2018-09-15,369,11641,341,0.029293016063912,0.2407868739798986,1.0080749076539817,21.4,0.2,10.0,1.0,399.2857142857143,390.3666666666667,0.0324959809540172,0.0318157088451736,5,9,2,1.0,High Risk Regime
2018-09-16,371,11641,355,0.0304956618847178,0.240099647796581,1.006013229104029,21.7,0.0,14.7,0.0,403.7142857142857,387.73333333333335,0.0330482162798974,0.0316124044326088,6,9,2,1.0,High Risk Regime
2018-09-17,390,11641,370,0.0317842109784382,0.2427626492569367,0.9992268705437676,22.1,4.3,19.4,1.0,402.57142857142856,388.26666666666665,0.0329254973185906,0.0316496291842052,0,9,2,1.0,High Risk Regime
2018-09-18,444,11641,415,0.0356498582595996,0.2420754230736191,1.000601322910403,22.8,27.7,21.6,1.0,416.57142857142856,393.6333333333333,0.0339317928013057,0.0320533745669043,1,9,2,1.0,High Risk Regime
2018-09-19,313,11641,304,0.0261145949660682,0.2504939438192595,1.014431749849669,22.4,0.8,17.3,1.0,393.0,393.3666666666667,0.0320664645894437,0.0320304670274604,2,9,2,1.0,High Risk Regime
2018-09-20,393,11641,380,0.0326432437075852,0.2363199037883343,1.0137445236663516,19.5,3.5,12.6,1.0,385.0,394.7,0.0314037821983874,0.0321507316095409,3,9,2,1.0,High Risk Regime
2018-09-21,431,11641,411,0.0353062451679409,0.2315093205051112,1.0171806545829396,20.9,0.0,24.9,0.0,387.2857142857143,396.3,0.0316124044326088,0.0322824499613435,4,9,2,1.0,High Risk Regime
2018-09-22,330,11641,318,0.0273172407868739,0.2328837728717464,1.0213040116828451,20.3,4.2,24.9,1.0,381.7142857142857,393.8,0.0313301508216034,0.0320848724336397,5,9,2,1.0,High Risk Regime
2018-09-23,291,11641,279,0.0239670131432007,0.2295335452280731,1.0148612662142429,16.7,3.1,13.4,1.0,370.2857142857143,388.23333333333335,0.0303974867156724,0.0316467657417747,6,9,2,1.0,High Risk Regime
2018-09-24,348,11641,340,0.0292071127909973,0.2226612833948973,1.000515419637488,17.0,0.2,25.3,1.0,364.2857142857143,388.56666666666666,0.0300293298317523,0.0316983077055235,0,9,2,1.0,High Risk Regime
2018-09-25,437,11641,411,0.0353062451679409,0.21905334593248,1.0013744523666352,18.7,52.9,30.7,1.0,363.2857142857143,392.8333333333333,0.0299802422472296,0.0320247401425994,1,9,2,1.0,High Risk Regime
2018-09-26,458,11641,435,0.0373679237178936,0.2184520230220771,1.0123700712997166,23.2,10.3,23.0,1.0,384.0,395.3666666666667,0.0315878606403475,0.0322309079975947,2,9,2,1.0,High Risk Regime
2018-09-27,391,11641,373,0.0320419207971823,0.2309079975947083,1.0188987200412336,18.6,4.0,23.7,1.0,383.7142857142857,393.8666666666667,0.0315019573674328,0.0321020530882226,3,9,2,1.0,High Risk Regime
2018-09-28,426,11641,403,0.0346190189846233,0.2307361910488789,1.0150330727600725,16.7,37.6,32.8,1.0,383.0,394.0,0.0314037821983874,0.0321106434155141,4,9,2,1.0,High Risk Regime
2018-09-29,370,11641,350,0.0300661455201443,0.2303066746843054,1.015376685851731,17.7,0.0,14.6,0.0,388.7142857142857,391.8333333333333,0.0317964828745689,0.0319531540818371,5,9,2,1.0,High Risk Regime
2018-09-30,301,11641,287,0.0246542393265183,0.2337428056008934,1.0097929731122757,16.3,0.0,14.1,0.0,390.1428571428572,389.06666666666666,0.0318946580436143,0.0317269421298284,6,9,2,1.0,High Risk Regime
2018-10-01,351,11641,341,0.029293016063912,0.2346018383300403,1.0026630014603557,19.9,0.4,20.7,1.0,390.57142857142856,389.46666666666664,0.0319069299397449,0.0317956647481602,0,10,2,1.0,High Risk Regime
2018-10-02,368,11641,356,0.0305815651576325,0.2348595481487844,1.003693840735332,20.6,27.4,16.6,1.0,380.7142857142857,391.26666666666665,0.031231975652558,0.0319646078515591,1,10,2,1.0,High Risk Regime
2018-10-03,477,11641,454,0.0390000859032729,0.2289322223176703,1.0083326174727256,20.7,0.1,19.9,1.0,383.42857142857144,396.4,0.0314651416790408,0.0323883973312716,2,10,2,1.0,High Risk Regime
2018-10-04,421,11641,405,0.0347908255304527,0.2305643845030495,1.0215617215015893,20.5,1.7,19.0,1.0,387.7142857142857,394.96666666666664,0.0318578423552223,0.0323225381553703,3,10,2,1.0,High Risk Regime
2018-10-05,484,11641,457,0.039257795722017,0.2331414826904905,1.0178678807662571,17.6,0.0,21.6,0.0,396.0,395.53333333333336,0.0325205247462785,0.0323454456948143,4,10,2,1.0,High Risk Regime
2018-10-06,335,11641,322,0.0276608538785327,0.238123872519543,1.0193282364058072,18.8,0.7,19.2,1.0,391.0,390.3333333333333,0.0321769116546197,0.0319417003121152,5,10,2,1.0,High Risk Regime
2018-10-07,310,11641,296,0.0254273687827506,0.2351172579675285,1.005927325831114,22.3,0.1,17.6,1.0,392.2857142857143,387.06666666666666,0.0322873587197957,0.0316811270509406,6,10,2,1.0,High Risk Regime
2018-10-08,297,11641,289,0.0248260458723477,0.2358903874237608,0.9975088050854738,19.1,0.7,19.8,1.0,384.57142857142856,384.4,0.0316492201210008,0.0314950032929588,0,10,2,1.0,High Risk Regime
2018-10-09,369,11641,350,0.0300661455201443,0.2312516106863671,0.990636543252298,21.7,0.6,16.1,1.0,384.7142857142857,385.3666666666667,0.0315755887442168,0.0316095409901783,1,10,2,1.0,High Risk Regime
2018-10-10,432,11641,416,0.0357357615325143,0.2313375139592818,0.9931277381668242,22.2,0.6,16.7,1.0,378.2857142857143,386.5,0.0311092566912513,0.031712624917676,2,10,2,1.0,High Risk Regime
2018-10-11,437,11641,419,0.0359934713512584,0.2274718666781204,0.996048449445924,22.4,11.8,29.8,1.0,380.57142857142856,389.53333333333336,0.0312810632370807,0.0319588809666981,3,10,2,1.0,High Risk Regime
2018-10-12,493,11641,463,0.0397732153595052,0.2288463190447556,1.0038656472811611,15.7,7.2,34.7,1.0,381.8571428571428,390.03333333333336,0.0313546946138647,0.0319789250637116,4,10,2,1.0,High Risk Regime
2018-10-13,325,11641,313,0.0268877244223004,0.2296194485009879,1.0051541963748818,11.0,3.7,22.1,1.0,380.42857142857144,385.9,0.0312442475486887,0.0316324485296223,5,10,2,1.0,High Risk Regime
2018-10-14,283,11641,275,0.0236234000515419,0.2287604157718409,0.9945021905334592,10.8,0.0,14.6,0.0,376.57142857142856,381.5,0.0309865377299446,0.031291698880394,6,10,2,1.0,High Risk Regime
2018-10-15,410,11641,389,0.0334163731638175,0.226441027403144,0.9831629585087192,15.6,6.1,28.7,1.0,392.7142857142857,382.8666666666667,0.0322137273430117,0.0314291441170575,0,10,2,1.0,High Risk Regime
2018-10-16,401,11641,382,0.0328150502534146,0.2361480972425049,0.986684992698222,11.7,1.7,28.7,1.0,397.2857142857143,383.8666666666667,0.0326064280191932,0.0315064570626807,1,10,2,1.0,High Risk Regime
2018-10-17,404,11641,382,0.0328150502534146,0.2388970019757752,0.9892620908856627,11.4,0.1,31.7,1.0,393.2857142857143,384.3333333333333,0.0321891835507504,0.0315408183718466,2,10,2,1.0,High Risk Regime
2018-10-18,459,11641,433,0.0371961171720642,0.2364917103341637,0.9904647367064684,7.3,0.0,24.7,0.0,396.42857142857144,384.8333333333333,0.0323609900965798,0.0315923603355954,3,10,2,1.0,High Risk Regime
2018-10-19,481,11641,456,0.0391718924491023,0.2383815823382871,0.991753285800189,9.4,0.4,21.0,1.0,394.7142857142857,390.43333333333334,0.0322750868236651,0.0320276035850299,4,10,2,1.0,High Risk Regime
2018-10-20,397,11641,378,0.0324714371617558,0.2373507430633107,1.0061850356498585,13.3,2.6,23.9,1.0,405.0,390.56666666666666,0.0330727600721587,0.0320218767001689,5,10,2,1.0,High Risk Regime
2018-10-21,343,11641,330,0.0283480800618503,0.2435357787131689,1.006528648741517,7.4,0.4,34.6,1.0,413.57142857142856,387.6333333333333,0.0337477143593456,0.0317899378632992,6,10,2,1.0,High Risk Regime
2018-10-22,388,11641,375,0.0322137273430117,0.2486899750880508,0.9989691607250236,7.0,0.0,17.9,0.0,410.42857142857144,389.56666666666666,0.0335759078135162,0.0319531540818371,0,10,2,1.0,High Risk Regime
2018-10-23,407,11641,392,0.0336740829825616,0.2468001030839275,1.003951550554076,11.4,0.2,20.2,1.0,411.2857142857143,393.43333333333334,0.0336986267748229,0.0322767230764825,1,10,2,1.0,High Risk Regime
2018-10-24,433,11641,409,0.0351344386221115,0.2473155227214157,1.0139163302121812,9.2,0.0,31.0,0.0,415.42857142857144,396.26666666666665,0.0340299679703511,0.0324743006041863,2,10,2,1.0,High Risk Regime
2018-10-25,488,11641,464,0.0398591186324198,0.2498067176359419,1.0212181084099303,6.8,0.0,19.6,0.0,419.57142857142856,397.96666666666664,0.0344103967504019,0.0326260630530023,3,10,2,1.0,High Risk Regime
2018-10-26,460,11641,435,0.0373679237178936,0.2522979125504682,1.02559917532858,6.6,0.0,17.8,0.0,416.57142857142856,398.03333333333336,0.0341526869316578,0.0326260630530023,4,10,2,1.0,High Risk Regime
2018-10-27,476,11641,449,0.0385705695386994,0.2504939438192595,1.0257709818744094,8.9,44.8,37.7,1.0,427.8571428571428,400.8666666666667,0.0350239915569354,0.0328436846777195,5,10,2,1.0,High Risk Regime
2018-10-28,353,11641,337,0.0289494029722532,0.2572803023795206,1.0330727600721588,9.4,1.3,18.0,1.0,429.2857142857143,398.43333333333334,0.0351098948298501,0.0326546974773072,6,10,2,1.0,High Risk Regime
2018-10-29,399,11641,385,0.0330727600721587,0.2581393351086676,1.026801821149386,10.6,2.1,24.5,1.0,430.8571428571428,399.4,0.0352326137911568,0.0327549179623743,0,10,2,1.0,High Risk Regime
2018-10-30,419,11641,401,0.0344472124387939,0.2590842711107293,1.029293016063912,8.0,0.0,21.9,0.0,432.57142857142856,403.3333333333333,0.0353430608563329,0.0330813503994502,1,10,2,1.0,High Risk Regime
2018-10-31,407,11641,398,0.0341895026200498,0.2601151103857057,1.0394296022678464,11.2,0.0,22.3,0.0,428.8571428571428,405.2,0.0352080699988955,0.0332445666179881,2,10,2,1.0,High Risk Regime
2018-11-01,428,11641,399,0.0342754058929645,0.2578816252899235,1.0442401855510697,15.5,0.1,24.1,1.0,420.2857142857143,407.2,0.0344103967504019,0.0333676946424992,3,11,2,1.0,High Risk Regime
2018-11-02,445,11641,418,0.0359075680783437,0.2527274289150417,1.0493943819259517,19.2,9.0,30.8,1.0,418.1428571428572,406.1333333333333,0.0342017745161805,0.0332646107150015,4,11,2,1.0,High Risk Regime
2018-11-03,379,11641,362,0.0310969847951206,0.2514388798213212,1.046645477192681,13.9,8.1,36.4,1.0,404.2857142857143,404.73333333333335,0.0331341195528121,0.0331414826904905,5,11,2,1.0,High Risk Regime
2018-11-04,279,11641,271,0.0232797869598831,0.2431062623485954,1.0430375397302638,7.9,0.0,10.5,0.0,393.7142857142857,397.9,0.0323241744081878,0.0326088823984193,6,11,2,1.0,High Risk Regime
2018-11-05,473,11641,445,0.0382269564470406,0.2367494201529078,1.0254273687827506,10.1,5.9,22.1,1.0,404.2857142857143,402.5,0.033060488176028,0.0329610858173696,0,11,2,1.0,High Risk Regime
2018-11-06,423,11641,400,0.0343613091658792,0.2431062623485954,1.0372820204449789,12.2,14.0,26.9,1.0,404.8571428571428,406.26666666666665,0.0330482162798974,0.0332588838301406,1,11,2,1.0,High Risk Regime
2018-11-07,406,11641,384,0.032986856799244,0.2434498754402543,1.0469890902843395,12.9,0.0,23.4,0.0,404.7142857142857,409.9,0.032876409734068,0.0335309108610371,2,11,2,1.0,High Risk Regime
2018-11-08,401,11641,388,0.0333304698909028,0.2433639721673395,1.0563525470320418,9.3,0.0,18.3,0.0,400.8571428571428,410.96666666666664,0.0327414188766306,0.0336397216733957,3,11,2,1.0,High Risk Regime
2018-11-09,546,11641,502,0.0431234430031784,0.2410445837986427,1.0591014517653123,7.5,14.5,21.9,1.0,415.2857142857143,414.76666666666665,0.033772258151607,0.0338859777224178,4,11,2,1.0,High Risk Regime
2018-11-10,362,11641,339,0.0291212095180826,0.2497208143630272,1.0688944248775878,6.3,1.1,34.1,1.0,412.8571428571428,412.26666666666665,0.0334900045406015,0.0336569023279786,5,11,2,1.0,High Risk Regime
2018-11-11,288,11641,277,0.0237952065973713,0.2482604587234773,1.0624516794089855,3.3,0.0,17.4,0.0,414.1428571428572,405.43333333333334,0.0335636359173856,0.0331243020359075,6,11,2,1.0,High Risk Regime
2018-11-12,309,11641,302,0.0259427884202388,0.2490335881797096,1.0448415084614724,4.7,0.1,12.0,1.0,390.7142857142857,404.9,0.0318087547706996,0.0330928041691721,0,11,2,1.0,High Risk Regime
2018-11-13,461,11641,438,0.0376256335366377,0.2349454514216991,1.0434670560948371,8.0,19.2,26.7,1.0,396.1428571428572,410.8333333333333,0.0322750868236651,0.033559545285342,1,11,2,1.0,High Risk Regime
2018-11-14,418,11641,396,0.0340176960742204,0.2382097757924577,1.0587578386736534,2.9,0.0,28.0,0.0,397.8571428571428,411.1,0.0324223495772331,0.0335795893823554,2,11,2,1.0,High Risk Regime
2018-11-15,538,11641,513,0.0440683790052401,0.239240615067434,1.059445064856971,0.6,21.1,35.0,1.0,417.42857142857144,415.6666666666667,0.033956336593567,0.0339547003407496,3,11,2,1.0,High Risk Regime
2018-11-16,424,11641,401,0.0344472124387939,0.2510093634567477,1.0712138132462847,4.1,11.0,42.9,1.0,400.0,416.3333333333333,0.0327168750843692,0.0340091057469289,4,11,2,1.0,High Risk Regime
2018-11-17,310,11641,302,0.0259427884202388,0.2405291641611545,1.0729318787045787,4.4,0.0,21.0,0.0,392.57142857142856,411.3666666666667,0.0322628149275344,0.0336339947885347,5,11,2,1.0,High Risk Regime
2018-11-18,288,11641,275,0.0236234000515419,0.2360621939695902,1.0601322910402886,3.9,1.1,12.5,1.0,392.57142857142856,404.93333333333334,0.0322382711352731,0.033115711708616,6,11,2,1.0,High Risk Regime
2018-11-19,397,11641,382,0.0328150502534146,0.2360621939695902,1.043552959367752,6.7,0.0,10.3,0.0,405.1428571428572,404.93333333333334,0.0332200228257268,0.033127165478338,0,11,2,1.0,High Risk Regime
2018-11-20,396,11641,376,0.0322996306159264,0.2436216819860836,1.043552959367752,5.7,0.6,24.2,1.0,395.8571428571428,406.7,0.0324591652656251,0.0332588838301406,1,11,2,1.0,High Risk Regime
2018-11-21,433,11641,412,0.0353921484408555,0.2380379692466283,1.0481058328322308,3.2,0.2,30.2,1.0,398.0,408.2,0.0326555156037159,0.0333648312000687,2,11,2,1.0,High Risk Regime
2018-11-22,235,11641,228,0.0195859462245511,0.2393265183403487,1.0519714801133924,-5.0,0.0,28.4,0.0,354.7142857142857,402.46666666666664,0.0291580252064746,0.0328952266414683,3,11,2,1.0,High Risk Regime
2018-11-23,260,11641,249,0.0213899149557598,0.2132978266471952,1.0371961171720645,-4.7,0.0,19.3,0.0,331.2857142857143,396.7,0.0272926969946126,0.0324370758525899,4,11,2,1.0,High Risk Regime
2018-11-24,316,11641,299,0.0256850786014947,0.1992096898891847,1.0223348509578214,3.1,9.1,20.1,1.0,332.14285714285717,390.96666666666664,0.0272558813062206,0.0319646078515591,5,11,2,1.0,High Risk Regime
2018-11-25,301,11641,289,0.0248260458723477,0.1997251095266729,1.0075594880164935,8.2,28.1,35.0,1.0,334.0,385.6666666666667,0.02742768785205,0.0315465452567076,6,11,2,1.0,High Risk Regime
2018-11-26,432,11641,409,0.0351344386221115,0.200841852074564,0.9939008676230564,7.4,27.8,34.8,1.0,339.0,384.2,0.0277590290475781,0.031432007559488,0,11,2,1.0,High Risk Regime
2018-11-27,366,11641,354,0.0304097586118031,0.2038484666265784,0.9901211236148098,5.0,1.6,32.8,1.0,334.7142857142857,384.6333333333333,0.0274890473327033,0.0314806860808063,1,11,2,1.0,High Risk Regime
2018-11-28,326,11641,318,0.0273172407868739,0.2012713684391375,0.9912378661627008,3.4,0.0,37.4,0.0,319.42857142857144,382.2,0.0263354890964202,0.0312888354379635,2,11,2,1.0,High Risk Regime
2018-11-29,401,11641,386,0.0331586633450734,0.1920797182372648,0.9849669272399278,4.5,0.0,31.7,0.0,343.14285714285717,381.6,0.0282744486850663,0.0312458838015061,3,11,2,1.0,High Risk Regime
2018-11-30,446,11641,430,0.0369384073533201,0.2063396615411047,0.9834206683274632,2.8,1.8,12.0,1.0,369.7142857142857,382.9,0.0304956618847178,0.0313375139592818,4,11,2,1.0,High Risk Regime
2018-12-01,371,11641,359,0.0308392749763766,0.2223176703032385,0.9867708959711364,3.4,2.8,10.8,1.0,377.57142857142856,381.0,0.031231975652558,0.0312229762620622,5,12,2,1.0,High Risk Regime
2018-12-02,331,11641,314,0.0269736276952151,0.2270423503135469,0.9818744094149988,10.7,16.9,19.2,1.0,381.8571428571428,377.2,0.0315387730558248,0.0309251782492913,6,12,2,1.0,High Risk Regime
2018-12-03,428,11641,403,0.0346190189846233,0.2296194485009879,0.9720814363027231,10.4,0.0,26.8,0.0,381.2857142857143,378.8333333333333,0.0314651416790408,0.0310425793889413,0,12,2,1.0,High Risk Regime
2018-12-04,392,11641,372,0.0319560175242676,0.229275835409329,0.9762906966755434,2.6,0.0,24.1,0.0,385.0,382.6,0.0316860358093929,0.0313317870744208,1,12,2,1.0,High Risk Regime
2018-12-05,390,11641,370,0.0317842109784382,0.2315093205051112,0.9859977665149042,-1.1,0.0,16.0,0.0,394.1428571428572,379.8333333333333,0.0323241744081878,0.0311170288921341,2,12,2,1.0,High Risk Regime
2018-12-06,392,11641,376,0.0322996306159264,0.2370071299716519,0.9788677948629844,0.5,0.0,22.5,0.0,392.8571428571428,378.8,0.0322014554468811,0.0310483062738023,3,12,2,1.0,High Risk Regime
2018-12-07,417,11641,397,0.0341035993471351,0.2362340005154196,0.9762047934026288,0.6,0.0,23.2,0.0,388.7142857142857,379.1666666666667,0.0317964828745689,0.0310855310253987,4,12,2,1.0,High Risk Regime
2018-12-08,407,11641,389,0.0334163731638175,0.2337428056008934,0.9771497294046904,-1.9,0.0,19.8,0.0,393.8571428571428,379.3666666666667,0.032164639758489,0.0310883944678292,5,12,2,1.0,High Risk Regime
2018-12-09,272,11641,263,0.0225925607765655,0.2368353234258225,0.9776651490421784,-1.4,0.0,11.8,0.0,385.42857142857144,370.23333333333335,0.0315387730558248,0.0304040317269421,6,12,2,1.0,High Risk Regime
2018-12-10,383,11641,368,0.0316124044326088,0.2317670303238553,0.9541276522635512,-0.7,0.0,17.8,0.0,379.0,370.93333333333334,0.0311092566912513,0.0304870715574263,0,12,2,1.0,High Risk Regime
2018-12-11,432,11641,407,0.0349626320762821,0.2279013830426939,0.95593162099476,-0.8,0.0,18.8,0.0,384.7142857142857,375.73333333333335,0.0315387730558248,0.03085931907339,1,12,2,1.0,High Risk Regime
2018-12-12,383,11641,370,0.0317842109784382,0.2313375139592818,0.9683016922944764,1.3,0.0,17.1,0.0,383.7142857142857,378.2,0.0315387730558248,0.0310540331586633,2,12,2,1.0,High Risk Regime
2018-12-13,436,11641,411,0.0353062451679409,0.2307361910488789,0.974658534490164,1.4,1.0,21.9,1.0,390.0,377.3666666666667,0.0319682894203983,0.0309767202130401,3,12,2,1.0,High Risk Regime
2018-12-14,568,11641,533,0.045786444463534,0.2345159350571256,0.9725109526672966,6.3,1.1,17.3,1.0,411.57142857142856,382.3666666666667,0.0336372672941696,0.0313690118260172,4,12,2,1.0,High Risk Regime
2018-12-15,377,11641,360,0.0309251782492912,0.2474873292672451,0.9853964436045012,7.6,4.8,22.9,1.0,407.2857142857143,377.0,0.0332813823063801,0.0309309051341522,5,12,2,1.0,High Risk Regime
2018-12-16,371,11641,364,0.03126879134095,0.2449102310798041,0.9715660166652348,4.1,21.3,30.2,1.0,421.42857142857144,375.23333333333335,0.0345208438155779,0.0308249577642241,6,12,2,1.0,High Risk Regime
2018-12-17,434,11641,418,0.0359075680783437,0.2534146550983592,0.967013143200756,4.2,1.6,30.0,1.0,428.7142857142857,379.3666666666667,0.0351344386221115,0.0311571170861609,0,12,2,1.0,High Risk Regime
2018-12-18,448,11641,426,0.0365947942616613,0.2577957220170088,0.9776651490421784,0.1,0.0,29.3,0.0,431.0,384.7,0.0353676046485942,0.0315894968931649,1,12,2,1.0,High Risk Regime
2018-12-19,455,11641,431,0.0370243106262348,0.259170174383644,0.9914096727085302,-0.6,0.0,14.5,0.0,441.2857142857143,386.6333333333333,0.0361161903125651,0.0317298055722589,2,12,2,1.0,High Risk Regime
2018-12-20,467,11641,444,0.0381410531741259,0.2653552100335022,0.9963920625375828,3.0,6.9,17.8,1.0,445.7142857142857,389.0,0.0365211628848773,0.0319245196575322,3,12,2,1.0,High Risk Regime
2018-12-21,488,11641,460,0.0395155055407611,0.2680182114938579,1.0024911949145263,12.2,43.2,38.0,1.0,434.2857142857143,390.8333333333333,0.0356253144673383,0.0320619648941958,4,12,2,1.0,High Risk Regime
2018-12-22,331,11641,320,0.0274890473327033,0.261145949660682,1.0072158749248346,6.9,3.0,33.0,1.0,427.7142857142857,394.03333333333336,0.0351344386221115,0.0323254015978008,5,12,2,1.0,High Risk Regime
2018-12-23,317,11641,303,0.0260286916931535,0.2571943991066059,1.0154625891246456,3.0,0.0,22.5,0.0,420.0,395.93333333333334,0.0343858529581405,0.0324800274890473,6,12,2,1.0,High Risk Regime
2018-12-24,347,11641,327,0.0280903702431062,0.2525556223692122,1.0203590756807834,3.1,2.4,19.8,1.0,407.57142857142856,396.96666666666664,0.0332691104102494,0.032560203877101,0,12,2,1.0,High Risk Regime
2018-12-25,180,11641,175,0.0150330727600721,0.2450820376256335,1.0230220771411391,1.4,0.0,19.8,0.0,369.2857142857143,392.93333333333334,0.030188864481451,0.0322337714400252,1,12,2,1.0,High Risk Regime
2018-12-26,313,11641,299,0.0256850786014947,0.2220599604844944,1.0126277811184603,1.0,0.0,19.0,0.0,349.0,388.96666666666664,0.0285689741922024,0.0319187927726713,2,12,2,1.0,High Risk Regime
2018-12-27,341,11641,333,0.0286057898805944,0.2098616957306073,1.0024052916416115,2.0,0.0,15.3,0.0,331.0,388.1333333333333,0.0272067937216979,0.031858660481631,3,12,2,1.0,High Risk Regime
2018-12-28,400,11641,383,0.0329009535263293,0.1990378833433553,1.0002577098187442,9.9,28.7,27.7,1.0,318.42857142857144,390.6,0.0262618577196362,0.0320447842396128,4,12,2,1.0,High Risk Regime
2018-12-29,305,11641,297,0.0255132720556653,0.1914783953268619,1.0066145520144318,8.8,0.1,27.2,1.0,314.7142857142857,387.4,0.0259796041086308,0.0317899378632992,5,12,2,1.0,High Risk Regime
2018-12-30,243,11641,234,0.0201013658620393,0.1892449102310798,0.9983678378146208,1.9,0.4,13.9,1.0,304.14285714285717,380.6333333333333,0.0251328432756145,0.0312287031469232,6,12,2,1.0,High Risk Regime
2018-12-31,389,11641,369,0.0316983077055235,0.1828880680353921,0.980929473412937,3.3,19.1,26.3,1.0,310.14285714285717,381.23333333333335,0.0256482629131027,0.0312573375712281,0,12,2,1.0,High Risk Regime
2019-01-01,255,11641,248,0.0213040116828451,0.1864960054978094,0.9824757323254016,9.9,7.5,35.6,1.0,320.85714285714283,378.7,0.0265441113306416,0.0310683503708157,1,1,2,1.0,High Risk Regime
2019-01-02,273,11641,269,0.0231079804140537,0.1929387509664118,0.9759470835838846,2.1,0.0,16.0,0.0,315.14285714285717,373.53333333333336,0.0261759544467215,0.0306846490851301,2,1,2,1.0,High Risk Regime
2019-01-03,294,11641,282,0.0242247229619448,0.1895026200498239,0.9626320762821065,4.5,0.0,25.7,0.0,308.42857142857144,370.26666666666665,0.0255500877440573,0.030426939266386,3,1,2,1.0,High Risk Regime
2019-01-04,356,11641,339,0.0291212095180826,0.1854651662228331,0.954213555536466,2.8,0.0,20.4,0.0,302.14285714285717,369.1333333333333,0.0250101243143078,0.0303381725510408,4,1,2,1.0,High Risk Regime
2019-01-05,273,11641,265,0.0227643673223949,0.1816854222145864,0.9512928442573662,5.5,20.0,23.8,1.0,297.57142857142856,365.1666666666667,0.0246174236381263,0.0300203304412564,5,1,2,1.0,High Risk Regime
2019-01-06,237,11641,233,0.0200154625891246,0.178936517481316,0.9410703547805171,4.2,0.2,31.3,1.0,296.7142857142857,359.1666666666667,0.0246051517419956,0.0295507258826561,6,1,2,1.0,High Risk Regime
2019-01-07,334,11641,320,0.0274890473327033,0.1784210978438278,0.9256077656558714,-1.9,0.2,19.1,1.0,288.85714285714283,356.73333333333335,0.0240038288315927,0.0293531483549523,0,1,2,1.0,High Risk Regime
2019-01-08,344,11641,332,0.0285198866076797,0.1736964178335194,0.9193368267330986,4.2,0.3,15.4,1.0,301.57142857142856,359.1333333333333,0.0250346681065691,0.0295507258826561,1,1,2,1.0,High Risk Regime
2019-01-09,320,11641,309,0.0265441113306416,0.1813418091229275,0.9255218623829568,4.6,3.0,35.3,1.0,308.2857142857143,357.03333333333336,0.0255255439517959,0.0293817827792572,2,1,2,1.0,High Risk Regime
2019-01-10,333,11641,326,0.0280044669701915,0.1853792629499183,0.9201099561893308,-0.2,0.0,36.7,0.0,313.85714285714283,353.73333333333335,0.0260655073815455,0.0291498439423875,3,1,2,1.0,High Risk Regime
2019-01-11,375,11641,360,0.0309251782492912,0.1887294905935916,0.9116055321707756,-3.5,0.0,28.3,0.0,316.57142857142856,353.46666666666664,0.0263232172002896,0.0291212095180826,4,1,2,1.0,High Risk Regime
2019-01-12,299,11641,282,0.0242247229619448,0.1903616527789708,0.9109183059874582,-2.9,0.0,11.8,0.0,320.2857142857143,348.9,0.026531839434511,0.0287518254445494,5,1,2,1.0,High Risk Regime
2019-01-13,218,11641,209,0.0179537840391718,0.192595137874753,0.8991495575981445,-2.4,0.8,16.9,1.0,317.57142857142856,337.23333333333335,0.0262373139273749,0.0278240700970706,6,1,2,1.0,High Risk Regime
2019-01-14,399,11641,388,0.0333304698909028,0.1909629756893737,0.8690834120780002,-3.5,0.0,21.5,0.0,326.85714285714283,337.96666666666664,0.0270718028642605,0.0279042464851244,0,1,2,1.0,High Risk Regime
2019-01-15,381,11641,364,0.03126879134095,0.1965466884288291,0.8709732840821235,-1.7,0.0,10.4,0.0,332.14285714285717,338.3,0.027464503540442,0.0279042464851244,1,1,2,1.0,High Risk Regime
2019-01-16,349,11641,334,0.0286916931535091,0.1997251095266729,0.8718323168112705,-0.3,0.0,22.8,0.0,336.2857142857143,335.46666666666664,0.0277713009437088,0.0276637173209632,2,1,2,1.0,High Risk Regime
2019-01-17,354,11641,340,0.0292071127909973,0.2022163044411992,0.8645305386135211,-2.3,0.0,18.6,0.0,339.2857142857143,332.3333333333333,0.0279431074895382,0.0274174612719411,3,1,2,1.0,High Risk Regime
2019-01-18,342,11641,328,0.0281762735160209,0.2040202731724078,0.8564556309595396,0.3,1.5,11.9,1.0,334.57142857142856,328.56666666666666,0.0275504068133567,0.0271225267016006,4,1,2,1.0,High Risk Regime
2019-01-19,292,11641,286,0.0245683360536036,0.2011854651662228,0.8467485611201787,0.0,3.0,20.4,1.0,333.57142857142856,322.73333333333335,0.0275994943978794,0.0266701027975832,5,1,2,1.0,High Risk Regime
2019-01-20,235,11641,231,0.0198436560432952,0.2005841422558199,0.8317154883601066,0.5,30.9,33.8,1.0,336.0,314.3,0.0278694761127541,0.026014374481001,6,1,2,1.0,High Risk Regime
2019-01-21,268,11641,254,0.0218194313203333,0.2020444978953698,0.8099819603126879,-13.1,0.0,35.9,0.0,317.2857142857143,312.2,0.0262250420312442,0.0258253872805887,0,1,2,1.0,High Risk Regime
2019-01-22,388,11641,370,0.0317842109784382,0.1907911691435443,0.8045700541190619,-6.8,0.0,21.8,0.0,318.2857142857143,314.56666666666666,0.0262986734080282,0.0260172379234315,1,1,2,1.0,High Risk Regime
2019-01-23,330,11641,314,0.0269736276952151,0.1913924920539472,0.8106691864960055,1.8,0.0,22.9,0.0,315.57142857142856,314.0,0.0260532354854148,0.0259800131718351,2,1,2,1.0,High Risk Regime
2019-01-24,345,11641,334,0.0286916931535091,0.189760329868568,0.8092088308564557,8.7,33.1,44.4,1.0,314.2857142857143,319.5,0.0259796041086308,0.026435300518283,3,1,2,1.0,High Risk Regime
2019-01-25,393,11641,376,0.0322996306159264,0.1889872004123357,0.8233828708873808,-0.6,0.0,35.0,0.0,321.57142857142856,322.1666666666667,0.026568655122903,0.0266557855854308,4,1,2,1.0,High Risk Regime
2019-01-26,317,11641,310,0.0266300146035563,0.1933682673309853,0.8302551327205566,-2.8,0.0,13.4,0.0,325.14285714285717,321.3666666666667,0.0268631806300391,0.0265899264095295,5,1,2,1.0,High Risk Regime
2019-01-27,254,11641,239,0.0205308822266128,0.1955158491538527,0.8281934541706039,3.1,0.0,29.2,0.0,327.85714285714283,316.5,0.0269613557990845,0.0261775906995389,6,1,2,1.0,High Risk Regime
2019-01-28,321,11641,313,0.0268877244223004,0.197148011339232,0.815651576325058,-2.2,0.0,19.1,0.0,335.42857142857144,317.03333333333336,0.0276853976707941,0.0262234057784268,0,1,2,1.0,High Risk Regime
2019-01-29,432,11641,415,0.0356498582595996,0.201700884803711,0.8170260286916932,-0.3,5.1,23.4,1.0,341.7142857142857,323.3333333333333,0.0282376329966743,0.0267416888583455,1,1,2,1.0,High Risk Regime
2019-01-30,339,11641,320,0.0274890473327033,0.2054806288119577,0.8332617472725711,-5.9,0.6,39.8,1.0,343.0,321.6666666666667,0.0283112643734583,0.0266013801792514,2,1,2,1.0,High Risk Regime
2019-01-31,354,11641,341,0.029293016063912,0.20625375826819,0.8289665836268362,-12.5,0.0,25.4,0.0,344.2857142857143,324.96666666666664,0.028397167646373,0.026867680325287,3,1,2,1.0,High Risk Regime
2019-02-01,353,11641,333,0.0286057898805944,0.2070268877244223,0.8374710076453913,-8.7,0.0,13.5,0.0,338.57142857142856,327.6333333333333,0.0278694761127541,0.0270509406408384,4,2,2,1.0,High Risk Regime
2019-02-02,342,11641,326,0.0280044669701915,0.2035907568078343,0.8443432694785671,-4.5,0.0,23.8,0.0,342.14285714285717,329.23333333333335,0.0280658264508449,0.0271769321077799,5,2,2,1.0,High Risk Regime
2019-02-03,290,11641,280,0.0240529164161154,0.2057383386307018,0.8484666265784726,1.7,0.0,18.3,0.0,347.2857142857143,327.03333333333336,0.0285689741922024,0.027007989004381,6,2,2,1.0,High Risk Regime
2019-02-04,416,11641,396,0.0340176960742204,0.2088308564556309,0.8427970105661026,3.7,0.0,14.4,0.0,360.8571428571428,331.8,0.0295875415710481,0.0273830999627752,0,2,2,1.0,High Risk Regime
2019-02-05,352,11641,338,0.0290353062451679,0.2169916673825273,0.8550811785929044,7.2,0.0,13.8,0.0,349.42857142857144,335.6333333333333,0.0286426055689864,0.0276837614179766,1,2,2,1.0,High Risk Regime
2019-02-06,386,11641,369,0.0316983077055235,0.2101194055493514,0.8649600549780947,3.0,6.5,17.7,1.0,356.14285714285717,337.3666666666667,0.0292439284793893,0.0278240700970707,2,2,2,1.0,High Risk Regime
2019-02-07,369,11641,359,0.0308392749763766,0.2141568593763422,0.869427025169659,5.1,7.0,16.9,1.0,358.2857142857143,338.2,0.0294648226097414,0.0279013830426939,3,2,2,1.0,High Risk Regime
2019-02-08,397,11641,380,0.0326432437075852,0.2154454084700627,0.8715746069925264,5.7,8.3,33.8,1.0,364.57142857142856,340.76666666666665,0.0300416017278829,0.0281046874552587,4,2,2,1.0,High Risk Regime
2019-02-09,338,11641,318,0.0273172407868739,0.2192251524783094,0.8781891590069582,-2.6,0.0,32.8,0.0,364.0,340.93333333333334,0.0299434265588376,0.0280817799158147,5,2,2,1.0,High Risk Regime
2019-02-10,285,11641,271,0.0232797869598831,0.2188815393866506,0.8786186753715317,-2.3,0.0,13.4,0.0,363.2857142857143,337.93333333333334,0.0298329794936615,0.0278269335395011,6,2,2,1.0,High Risk Regime
2019-02-11,321,11641,312,0.0268018211493857,0.2184520230220771,0.8708873808092088,0.1,0.4,11.0,1.0,349.7142857142857,338.6666666666667,0.0288021402186851,0.0279128368124158,0,2,2,1.0,High Risk Regime
2019-02-12,370,11641,346,0.0297225324284855,0.2102912120951808,0.8727772528133322,-1.3,16.9,25.4,1.0,352.2857142857143,343.73333333333335,0.0289003153877305,0.028305128425393,1,2,2,1.0,High Risk Regime
2019-02-13,379,11641,364,0.03126879134095,0.2118374710076453,0.8858345502963663,2.2,2.7,34.0,1.0,351.2857142857143,343.06666666666666,0.0288389559070772,0.0282364058070612,2,2,2,1.0,High Risk Regime
2019-02-14,381,11641,364,0.03126879134095,0.2112361480972425,0.8841164848380724,1.4,0.0,19.5,0.0,353.0,343.06666666666666,0.0289003153877305,0.0282364058070612,3,2,2,1.0,High Risk Regime
2019-02-15,367,11641,344,0.0295507258826561,0.2122669873722188,0.8841164848380724,8.3,0.2,25.0,1.0,348.7142857142857,343.6666666666667,0.0284585271270263,0.0282650402313661,4,2,2,1.0,High Risk Regime
2019-02-16,309,11641,298,0.02559917532858,0.2096898891847779,0.8856627437505369,2.5,0.0,23.8,0.0,344.57142857142856,342.1666666666667,0.0282130892044129,0.0281447756492855,5,2,2,1.0,High Risk Regime
2019-02-17,269,11641,263,0.0225925607765655,0.2071986942702517,0.8817970964693754,-1.2,0.5,15.5,1.0,342.2857142857143,339.73333333333335,0.0281149140353676,0.0279586518913037,6,2,2,1.0,High Risk Regime
2019-02-18,237,11641,227,0.0195000429516364,0.2058242419036165,0.8755261575466026,1.5,4.9,30.5,1.0,330.2857142857143,337.9,0.0270718028642605,0.0277897087879048,0,2,2,1.0,High Risk Regime
2019-02-19,318,11641,305,0.0262004982389829,0.1986083669787819,0.8708014775362941,-2.4,0.0,19.6,0.0,322.85714285714283,340.6666666666667,0.026568655122903,0.028001603527761,1,2,2,1.0,High Risk Regime
2019-02-20,336,11641,323,0.0277467571514474,0.1941413967872176,0.8779314491882141,-2.4,9.8,16.1,1.0,316.7142857142857,342.93333333333334,0.0260655073815455,0.0281991810554648,2,2,2,1.0,High Risk Regime
2019-02-21,349,11641,336,0.0288634996993385,0.1904475560518855,0.8837728717464135,4.1,8.9,19.8,1.0,312.14285714285717,341.6333333333333,0.0257218942898867,0.0281018240128282,3,2,2,1.0,High Risk Regime
2019-02-22,320,11641,302,0.0259427884202388,0.1876986513186152,0.8804226441027403,3.3,0.0,18.2,0.0,305.42857142857144,341.3,0.0252064746523985,0.0280674627036623,4,2,2,1.0,High Risk Regime
2019-02-23,248,11641,243,0.0208744953182716,0.1836611974916244,0.8795636113735933,1.0,1.1,12.9,1.0,296.7142857142857,338.06666666666666,0.0245315203652116,0.0278068894424877,5,2,2,1.0,High Risk Regime
2019-02-24,250,11641,236,0.0202731724078687,0.1784210978438278,0.8712309939008677,6.6,20.9,40.1,1.0,294.0,333.3,0.0242001791696835,0.0274060075022191,6,2,2,1.0,High Risk Regime
2019-02-25,401,11641,381,0.0327291469804999,0.1767889356584485,0.8589468258740658,2.2,0.0,45.7,0.0,317.42857142857144,336.1,0.0260900511738068,0.0276093119147839,0,2,2,1.0,High Risk Regime
2019-02-26,409,11641,394,0.033845889528391,0.190877072416459,0.8661627007989005,-1.7,0.0,28.0,0.0,330.42857142857144,341.26666666666665,0.0271822499294366,0.0280531454915098,1,2,2,1.0,High Risk Regime
2019-02-27,319,11641,308,0.026458208057727,0.1986942702516966,0.8794777081006786,-3.4,0.4,19.1,1.0,328.0,341.2,0.0269981714874765,0.0280388282793574,2,2,2,1.0,High Risk Regime
2019-02-28,403,11641,387,0.0332445666179881,0.1972339146121467,0.8793059015548492,-0.8,0.3,27.7,1.0,335.7142857142857,340.23333333333335,0.0276240381901407,0.0279586518913037,3,2,2,1.0,High Risk Regime
2019-03-01,438,11641,420,0.0360793746241731,0.2018726913495404,0.876814706640323,-0.7,2.0,13.3,1.0,352.57142857142856,343.53333333333336,0.0290721219335599,0.0282449961343527,4,3,2,1.0,High Risk Regime
2019-03-02,374,11641,362,0.0310969847951206,0.2120092775534748,0.8853191306588781,1.2,10.4,19.9,1.0,370.57142857142856,344.2,0.0305324775731098,0.028305128425393,5,3,2,1.0,High Risk Regime
2019-03-03,319,11641,310,0.0266300146035563,0.2228330899407267,0.887037196117172,1.8,8.6,14.4,1.0,380.42857142857144,343.06666666666666,0.0314405978867794,0.0282392692494917,6,3,2,1.0,High Risk Regime
2019-03-04,272,11641,264,0.0226784640494802,0.2287604157718409,0.8841164848380724,0.0,17.9,22.2,1.0,362.0,340.73333333333335,0.0300047860394909,0.0280617358188013,0,3,2,1.0,High Risk Regime
2019-03-05,373,11641,359,0.0308392749763766,0.2176788935658448,0.8781032557340435,-6.2,0.0,15.8,0.0,356.85714285714283,343.5,0.0295752696749174,0.02828794777081,1,3,2,1.0,High Risk Regime
2019-03-06,370,11641,353,0.0303238553388884,0.2145863757409157,0.8852332273859634,-6.1,0.0,27.3,0.0,364.1428571428572,341.96666666666664,0.0301275050007976,0.028164819746299,2,3,2,1.0,High Risk Regime
2019-03-07,333,11641,327,0.0280903702431062,0.2189674426595653,0.8812816768318873,-4.5,0.2,27.2,1.0,354.14285714285717,341.3333333333333,0.0293911912329574,0.0281333218795636,3,3,2,1.0,High Risk Regime
2019-03-08,378,11641,363,0.0311828880680353,0.2129542135555364,0.879649514646508,-2.0,0.0,15.0,0.0,345.57142857142856,341.06666666666666,0.0286916931535091,0.0281161412249806,4,3,2,1.0,High Risk Regime
2019-03-09,323,11641,312,0.0268018211493857,0.2078000171806545,0.8789622884631905,1.2,0.0,13.8,0.0,338.2857142857143,339.53333333333336,0.0280780983469755,0.0279815594307476,5,3,2,1.0,High Risk Regime
2019-03-10,260,11641,256,0.0219912378661627,0.203418950262005,0.8750107379091143,4.1,14.7,24.9,1.0,329.85714285714283,334.96666666666664,0.0274154159559193,0.0276264925693668,6,3,2,1.0,High Risk Regime
2019-03-11,390,11641,374,0.032127824070097,0.1983506571600378,0.8632419895198007,6.6,0.0,26.4,0.0,346.7142857142857,336.7,0.0287653245302931,0.0277868453454743,0,3,2,1.0,High Risk Regime
2019-03-12,345,11641,327,0.0280903702431062,0.2084872433639721,0.867708959711365,2.1,0.0,26.2,0.0,342.7142857142857,338.7,0.0283726238541116,0.0279471981215817,1,3,2,1.0,High Risk Regime
2019-03-13,338,11641,324,0.0278326604243621,0.2060819517223606,0.8728631560862469,1.4,0.0,19.1,0.0,338.14285714285717,339.26666666666665,0.0280167388663222,0.0279815594307476,2,3,2,1.0,High Risk Regime
2019-03-14,380,11641,364,0.03126879134095,0.2033330469890902,0.8743235117257967,6.6,0.0,22.5,0.0,344.85714285714283,339.6,0.028470799023157,0.0280331013944964,3,3,2,1.0,High Risk Regime
2019-03-15,390,11641,381,0.0327291469804999,0.2073705008160811,0.8751825444549437,15.4,19.6,31.6,1.0,346.57142857142856,339.96666666666664,0.0286916931535091,0.0280817799158147,4,3,2,1.0,High Risk Regime
2019-03-16,340,11641,326,0.0280044669701915,0.2084013400910574,0.8761274804570054,7.4,0.0,31.6,0.0,349.0,338.6,0.0288634996993385,0.0279729691034561,5,3,2,1.0,High Risk Regime
2019-03-17,257,11641,247,0.0212181084099304,0.2098616957306073,0.8726054462675028,2.1,0.0,21.5,0.0,348.57142857142856,334.93333333333334,0.0287530526341625,0.0276952151876986,6,3,2,1.0,High Risk Regime
2019-03-18,348,11641,335,0.0287775964264238,0.2096039859118632,0.863156086246886,1.7,0.0,15.7,0.0,342.57142857142856,336.23333333333335,0.0282744486850663,0.0278011625576267,0,3,2,1.0,High Risk Regime
2019-03-19,340,11641,320,0.0274890473327033,0.2059960484494459,0.8665063138905592,2.6,0.0,15.1,0.0,341.85714285714283,338.6,0.0281885454121516,0.0279643787761647,1,3,2,1.0,High Risk Regime
2019-03-20,340,11641,323,0.0277467571514474,0.2055665320848724,0.8726054462675028,3.9,0.0,26.6,0.0,342.14285714285717,342.03333333333336,0.0281762735160209,0.0282392692494917,2,3,2,1.0,High Risk Regime
2019-03-21,391,11641,380,0.0326432437075852,0.2057383386307018,0.8814534833777167,6.0,14.7,24.3,1.0,343.7142857142857,344.46666666666664,0.0283726238541116,0.0284540274317784,3,3,2,1.0,High Risk Regime
2019-03-22,466,11641,438,0.0376256335366377,0.2066832746327635,0.8877244223004896,6.1,18.1,39.0,1.0,354.57142857142856,348.8,0.0290721219335599,0.0287833233112848,4,3,2,1.0,High Risk Regime
2019-03-23,314,11641,302,0.0259427884202388,0.2132119233742805,0.8988918477794003,4.0,0.4,34.5,1.0,350.85714285714283,347.6333333333333,0.0287775964264238,0.0286859662686481,5,3,2,1.0,High Risk Regime
2019-03-24,260,11641,251,0.0215617215015892,0.2109784382784984,0.895885233227386,6.4,0.0,21.6,0.0,351.2857142857143,345.6333333333333,0.0288266840109465,0.0285399307046931,6,3,2,1.0,High Risk Regime
2019-03-25,314,11641,305,0.0262004982389829,0.2112361480972425,0.8907310368525041,8.0,1.2,16.3,1.0,346.42857142857144,347.8333333333333,0.0284585271270263,0.0287174641353835,0,3,2,1.0,High Risk Regime
2019-03-26,368,11641,356,0.0305815651576325,0.2083154368181427,0.8964006528648741,3.1,0.0,22.9,0.0,350.42857142857144,351.76666666666665,0.0289003153877305,0.0290610772270423,1,3,2,1.0,High Risk Regime
2019-03-27,313,11641,305,0.0262004982389829,0.2107207284597543,0.9065372390688086,1.9,0.0,16.2,0.0,346.57142857142856,348.8333333333333,0.0286794212573784,0.0288434556023251,2,3,2,1.0,High Risk Regime
2019-03-28,412,11641,396,0.0340176960742204,0.2084013400910574,0.8989777510523151,3.9,0.0,26.9,0.0,349.57142857142856,348.93333333333334,0.0288757715954692,0.028849182487186,3,3,2,1.0,High Risk Regime
2019-03-29,340,11641,328,0.0281762735160209,0.2102053088222661,0.8992354608710592,9.2,0.6,14.6,1.0,331.57142857142856,349.6333333333333,0.0275258630210953,0.0289064513357958,4,3,2,1.0,High Risk Regime
2019-03-30,319,11641,309,0.0265441113306416,0.1993814964350141,0.9010394296022678,11.4,0.0,32.1,0.0,332.2857142857143,346.8333333333333,0.02761176629401,0.0286831028262176,5,3,2,1.0,High Risk Regime
2019-03-31,271,11641,265,0.0227643673223949,0.1998110127995876,0.8938235546774332,10.8,4.3,24.1,1.0,333.85714285714283,341.26666666666665,0.0277835728398394,0.0282392692494917,6,3,2,1.0,High Risk Regime
2019-04-01,345,11641,327,0.0280903702431062,0.2007559488016493,0.8794777081006786,3.1,0.0,32.3,0.0,338.2857142857143,340.3,0.0280535545547142,0.0281390487644245,0,4,2,1.0,High Risk Regime
2019-04-02,326,11641,318,0.0273172407868739,0.203418950262005,0.8769865131861524,4.2,0.9,25.0,1.0,332.2857142857143,340.53333333333336,0.0275872225017487,0.0281619563038685,1,4,2,1.0,High Risk Regime
2019-04-03,355,11641,340,0.0292071127909973,0.1998110127995876,0.8775878360965553,9.6,0.8,38.6,1.0,338.2857142857143,343.3,0.0280167388663222,0.0283795779285857,2,4,2,1.0,High Risk Regime
2019-04-04,430,11641,414,0.0355639549866849,0.203418950262005,0.8847178077484752,8.0,0.0,28.2,0.0,340.85714285714283,345.2,0.0282376329966743,0.0285370672622626,3,4,2,1.0,High Risk Regime
2019-04-05,429,11641,408,0.0350485353491968,0.2049652091744695,0.889614294304613,3.8,6.9,18.0,1.0,353.57142857142856,347.1666666666667,0.029219384687128,0.0286945565959396,4,4,2,1.0,High Risk Regime
2019-04-06,358,11641,338,0.0290353062451679,0.2126106004638776,0.8946825874065802,10.1,0.4,14.8,1.0,359.14285714285717,348.0,0.0295752696749174,0.028726054462675,5,4,2,1.0,High Risk Regime
2019-04-07,296,11641,289,0.0248260458723477,0.2159608281075509,0.8968301692294477,10.3,0.0,19.4,0.0,362.7142857142857,345.26666666666665,0.0298697951820535,0.0285141597228187,6,4,2,1.0,High Risk Regime
2019-04-08,344,11641,335,0.0287775964264238,0.2181084099304183,0.8897861008504424,16.5,10.0,25.2,1.0,362.57142857142856,345.96666666666664,0.0299679703510989,0.02858001889872,0,4,2,1.0,High Risk Regime
2019-04-09,328,11641,316,0.0271454342410445,0.2180225066575036,0.8915900695816511,8.8,0.8,21.5,1.0,362.8571428571428,348.23333333333335,0.0299434265588376,0.0287518254445494,1,4,2,1.0,High Risk Regime
2019-04-10,346,11641,332,0.0285198866076797,0.218194313203333,0.8974314921398505,9.3,0.0,26.0,0.0,361.57142857142856,346.76666666666665,0.0298452513897922,0.0286315608624688,2,4,2,1.0,High Risk Regime
2019-04-11,332,11641,322,0.0276608538785327,0.2174211837471007,0.8936517481316039,6.3,0.0,14.9,0.0,347.57142857142856,346.3333333333333,0.0287162369457704,0.0286172436503164,3,4,2,1.0,High Risk Regime
2019-04-12,437,11641,412,0.0353921484408555,0.2090026630014603,0.8925350055837128,12.1,12.3,32.4,1.0,348.7142857142857,349.6333333333333,0.0287653245302931,0.0288692265841995,4,4,2,1.0,High Risk Regime
2019-04-13,387,11641,375,0.0322137273430117,0.2096898891847779,0.9010394296022678,17.6,12.6,21.3,1.0,352.85714285714283,349.8666666666667,0.029219384687128,0.0289007244509349,5,4,2,1.0,High Risk Regime
2019-04-14,278,11641,265,0.0227643673223949,0.2121810840993042,0.9016407525126708,15.4,2.6,24.2,1.0,350.2857142857143,346.1333333333333,0.0289248591799919,0.028568565128998,6,4,2,1.0,High Risk Regime
2019-04-15,401,11641,383,0.0329009535263293,0.2106348251868396,0.8920195859462245,13.9,17.2,39.6,1.0,358.42857142857144,348.1666666666667,0.0295139101942641,0.028731781347536,0,4,2,1.0,High Risk Regime
2019-04-16,404,11641,385,0.0330727600721587,0.2155313117429774,0.8972596855940211,11.0,0.0,29.0,0.0,369.2857142857143,353.06666666666666,0.0303606710272804,0.0291269364029436,1,4,2,1.0,High Risk Regime
2019-04-17,366,11641,347,0.0298084357014002,0.2220599604844944,0.9098874667124818,10.5,0.6,21.9,1.0,372.1428571428572,353.6666666666667,0.0305447494692404,0.0291612977121095,2,4,2,1.0,High Risk Regime
2019-04-18,319,11641,307,0.0263723047848123,0.2237780259427884,0.9114337256249464,12.5,1.7,24.6,1.0,370.2857142857143,352.96666666666664,0.0303606710272804,0.0291240729605131,3,4,2,1.0,High Risk Regime
2019-04-19,338,11641,329,0.0282621767889356,0.2226612833948973,0.9096297568937376,18.6,6.1,33.5,1.0,356.14285714285717,352.9,0.0293421036484347,0.029141253615096,4,4,2,1.0,High Risk Regime
2019-04-20,274,11641,267,0.0229361738682243,0.2141568593763422,0.9094579503479082,15.7,10.7,33.5,1.0,340.0,349.0,0.0280167388663222,0.0288176846204507,5,4,2,1.0,High Risk Regime
2019-04-21,232,11641,227,0.0195000429516364,0.2044497895369813,0.8994072674168886,13.3,0.1,20.9,1.0,333.42857142857144,341.2,0.0275504068133567,0.0282134982676173,6,4,2,1.0,High Risk Regime
2019-04-22,308,11641,295,0.0253414655098359,0.2004982389829052,0.8793059015548492,13.5,7.4,23.6,1.0,320.14285714285717,341.0,0.0264704799538576,0.0281934541706038,0,4,2,1.0,High Risk Regime
2019-04-23,344,11641,330,0.0283480800618503,0.1925092346018383,0.8787904819173611,15.7,0.2,23.8,1.0,311.57142857142856,343.8,0.0257955256666707,0.0284196661226126,1,4,2,1.0,High Risk Regime
2019-04-24,313,11641,297,0.0255132720556653,0.1873550382269564,0.8860063568421956,16.6,0.2,22.3,1.0,304.0,343.76666666666665,0.0251819308601372,0.0283967585831686,2,4,2,1.0,High Risk Regime
2019-04-25,322,11641,310,0.0266300146035563,0.1828021647624774,0.885920453569281,11.4,2.3,17.0,1.0,304.42857142857144,342.23333333333335,0.0252187465485292,0.0282650402313661,3,4,2,1.0,High Risk Regime
2019-04-26,327,11641,313,0.0268877244223004,0.1830598745812215,0.8819689030152049,13.4,16.6,28.0,1.0,302.85714285714283,342.7,0.0250223962104384,0.02828794777081,4,4,2,1.0,High Risk Regime
2019-04-27,326,11641,317,0.0272313375139592,0.1821149385791598,0.8831715488360107,10.6,2.9,40.4,1.0,310.2857142857143,339.8333333333333,0.025635991016972,0.0280617358188013,5,4,2,1.0,High Risk Regime
2019-04-28,239,11641,232,0.0199295593162099,0.1865819087707241,0.8757838673653466,8.8,1.7,21.0,1.0,311.2857142857143,336.46666666666664,0.0256973504976253,0.0277868453454743,6,4,2,1.0,High Risk Regime
2019-04-29,336,11641,326,0.0280044669701915,0.187183231681127,0.8671076368009621,8.5,0.1,19.7,1.0,315.2857142857143,337.03333333333336,0.0260777792776761,0.0278355238667926,0,4,2,1.0,High Risk Regime
2019-04-30,348,11641,338,0.0290353062451679,0.1895885233227386,0.868567992440512,12.5,3.7,12.9,1.0,315.85714285714283,339.6,0.0261759544467215,0.0280445551642184,1,4,2,1.0,High Risk Regime
2019-05-01,349,11641,335,0.0287775964264238,0.1899321364143973,0.8751825444549437,10.7,1.6,20.2,1.0,321.0,339.73333333333335,0.026642286499687,0.0280674627036623,2,5,2,1.0,High Risk Regime
2019-05-02,407,11641,387,0.0332445666179881,0.1930246542393265,0.8755261575466026,14.6,5.7,19.4,1.0,333.14285714285717,342.43333333333334,0.0275872225017487,0.0282650402313661,3,5,2,1.0,High Risk Regime
2019-05-03,391,11641,379,0.0325573404346705,0.2003264324370758,0.882484322652693,11.5,0.6,12.7,1.0,342.2857142857143,343.6333333333333,0.028397167646373,0.0283767144861552,4,5,2,1.0,High Risk Regime
2019-05-04,331,11641,318,0.0273172407868739,0.2058242419036165,0.8855768404776222,14.6,11.6,10.9,1.0,343.0,340.3333333333333,0.0284094395425037,0.0281018240128282,5,5,2,1.0,High Risk Regime
2019-05-05,331,11641,317,0.0272313375139592,0.20625375826819,0.8770724164590671,12.3,36.0,24.6,1.0,356.14285714285717,337.06666666666666,0.0294525507136107,0.0278412507516536,6,5,2,1.0,High Risk Regime
2019-05-06,374,11641,355,0.0304956618847178,0.2141568593763422,0.8686538957134267,14.0,0.9,20.9,1.0,361.57142857142856,337.6,0.0298084357014002,0.0278899292729719,0,5,2,1.0,High Risk Regime
2019-05-07,371,11641,364,0.03126879134095,0.2174211837471007,0.8700283480800618,14.3,4.4,20.0,1.0,364.8571428571428,340.1,0.0301275050007976,0.0281046874552587,1,5,2,1.0,High Risk Regime
2019-05-08,406,11641,389,0.0334163731638175,0.2193969590241388,0.8764710935486643,14.3,1.0,17.5,1.0,373.0,342.1666666666667,0.0307901873918539,0.0282593133465051,2,5,2,1.0,High Risk Regime
2019-05-09,361,11641,350,0.0300661455201443,0.2242934455802766,0.8817970964693754,11.9,0.0,23.3,0.0,366.42857142857144,343.26666666666665,0.030336127235019,0.0283566703891418,3,5,2,1.0,High Risk Regime
2019-05-10,424,11641,414,0.0355639549866849,0.2203418950262005,0.8846319044755605,17.8,2.0,22.4,1.0,371.1428571428572,345.8666666666667,0.0307656435995925,0.028591472668442,4,5,2,1.0,High Risk Regime
2019-05-11,372,11641,357,0.0306674684305472,0.2231767030323855,0.8913323597629069,16.2,4.5,20.7,1.0,377.0,347.2,0.0312442475486887,0.0286916931535091,5,5,2,1.0,High Risk Regime
2019-05-12,357,11641,339,0.0291212095180826,0.2266987372218881,0.8947684906794949,9.3,29.2,31.0,1.0,380.7142857142857,344.53333333333336,0.0315142292635635,0.0284826618560833,6,5,2,1.0,High Risk Regime
2019-05-13,372,11641,359,0.0308392749763766,0.2289322223176703,0.887896228846319,8.6,20.5,20.4,1.0,380.42857142857144,344.03333333333336,0.0315633168480862,0.0284368467771955,0,5,2,1.0,High Risk Regime
2019-05-14,380,11641,362,0.0310969847951206,0.2287604157718409,0.8866076797525986,9.2,4.0,15.0,1.0,381.7142857142857,347.43333333333334,0.0315387730558248,0.028714600692953,1,5,2,1.0,High Risk Regime
2019-05-15,411,11641,401,0.0344472124387939,0.2295335452280731,0.8953698135898978,13.0,0.4,23.4,1.0,382.42857142857144,347.76666666666665,0.0316860358093929,0.0287661426567018,2,5,2,1.0,High Risk Regime
2019-05-16,374,11641,358,0.0307533717034619,0.2299630615926466,0.8962288463190448,15.8,0.4,15.2,1.0,384.2857142857143,346.76666666666665,0.0317842109784382,0.0286888297110786,3,5,2,1.0,High Risk Regime
2019-05-17,455,11641,440,0.0377974400824671,0.2310798041405377,0.8936517481316039,18.8,0.9,18.0,1.0,388.7142857142857,349.73333333333335,0.0321032802778357,0.0289551298571142,4,5,2,1.0,High Risk Regime
2019-05-18,368,11641,353,0.0303238553388884,0.2337428056008934,0.901297139421012,16.9,0.0,17.1,0.0,388.1428571428572,351.3666666666667,0.032054192693313,0.0290868482089167,5,5,2,1.0,High Risk Regime
2019-05-19,318,11641,304,0.0261145949660682,0.2333991925092346,0.9055063997938322,18.0,0.7,27.4,1.0,382.57142857142856,350.7,0.0316246763287395,0.0290152621481545,6,5,2,1.0,High Risk Regime
2019-05-20,376,11641,361,0.0310110815222059,0.2300489648655613,0.9037883343355382,23.4,1.8,26.5,1.0,383.1428571428572,354.1,0.0316492201210008,0.0292844257366205,0,5,2,1.0,High Risk Regime
2019-05-21,465,11641,444,0.0381410531741259,0.2303925779572201,0.9125504681728374,16.4,0.0,27.8,0.0,395.2857142857143,361.8666666666667,0.0326555156037159,0.0299057927440368,1,5,2,1.0,High Risk Regime
2019-05-22,394,11641,381,0.0327291469804999,0.2376943561549695,0.932565930761962,16.8,0.0,18.9,0.0,392.8571428571428,364.73333333333335,0.0324100776811025,0.030152048793059,2,5,2,1.0,High Risk Regime
2019-05-23,436,11641,418,0.0359075680783437,0.2362340005154196,0.939953612232626,18.8,2.1,23.5,1.0,401.7142857142857,367.8,0.0331463914489427,0.0304040317269421,3,5,2,1.0,High Risk Regime
2019-05-24,449,11641,423,0.0363370844429172,0.2415600034361309,0.9478567133407784,20.1,0.0,34.7,0.0,400.8571428571428,372.3333333333333,0.0329377692147213,0.0307648254731838,4,5,2,1.0,High Risk Regime
2019-05-25,315,11641,308,0.026458208057727,0.2410445837986427,0.9595395584571772,15.8,0.0,29.1,0.0,393.2857142857143,372.1,0.0323855338888411,0.0307590985883228,5,5,2,1.0,High Risk Regime
2019-05-26,312,11641,299,0.0256850786014947,0.2364917103341637,0.9589382355467744,21.9,2.0,21.3,1.0,392.42857142857144,371.6,0.0323241744081878,0.030719010394296,6,5,2,1.0,High Risk Regime
2019-05-27,252,11641,243,0.0208744953182716,0.2359762906966755,0.9576496864530538,21.4,0.0,17.1,0.0,374.7142857142857,369.1333333333333,0.0308760906647686,0.0305071156544397,0,5,2,1.0,High Risk Regime
2019-05-28,399,11641,379,0.0325573404346705,0.225324284855253,0.9512928442573662,18.6,6.5,30.8,1.0,365.2857142857143,374.46666666666664,0.0300784174162749,0.0309280416917217,1,5,2,1.0,High Risk Regime
2019-05-29,360,11641,348,0.0298943389743149,0.2196546688428829,0.965037367923718,18.3,2.7,21.0,1.0,360.42857142857144,375.26666666666665,0.0296734448439628,0.0309910374251925,2,5,2,1.0,High Risk Regime
2019-05-30,362,11641,345,0.0296366291555708,0.2167339575637832,0.9670990464736706,16.7,14.1,17.8,1.0,349.85714285714283,375.73333333333335,0.0287775964264238,0.0310110815222059,3,5,2,1.0,High Risk Regime
2019-05-31,477,11641,457,0.039257795722017,0.2103771153680955,0.9683016922944764,21.3,0.5,14.8,1.0,353.85714285714283,380.0,0.0291948408948666,0.0313604214987257,4,5,2,1.0,High Risk Regime
2019-06-01,309,11641,298,0.02559917532858,0.212782407009707,0.9792973112275578,19.9,0.0,19.5,0.0,353.0,376.73333333333335,0.0290721219335599,0.0311055751224121,5,6,2,1.0,High Risk Regime
2019-06-02,308,11641,300,0.0257709818744094,0.2122669873722188,0.9708787904819174,21.1,2.1,20.6,1.0,352.42857142857144,373.96666666666664,0.0290843938296906,0.0308793631704034,6,6,2,1.0,High Risk Regime
2019-06-03,379,11641,365,0.0313546946138647,0.2119233742805601,0.9637488188299974,17.2,0.0,27.0,0.0,370.57142857142856,375.56666666666666,0.0305815651576325,0.0310139449646364,0,6,2,1.0,High Risk Regime
2019-06-04,364,11641,345,0.0296366291555708,0.2228330899407267,0.9678721759299028,16.2,0.0,20.0,0.0,365.57142857142856,376.6666666666667,0.0301643206891896,0.0310941213526902,1,6,2,1.0,High Risk Regime
2019-06-05,397,11641,383,0.0329009535263293,0.2198264753887123,0.970706983936088,20.9,3.9,23.4,1.0,370.8571428571428,377.43333333333334,0.0305938370537631,0.0311742977407439,2,6,2,1.0,High Risk Regime
2019-06-06,425,11641,400,0.0343613091658792,0.2230048964865561,0.972682759213126,23.4,15.8,21.1,1.0,379.8571428571428,379.23333333333335,0.03126879134095,0.0312773816682415,3,6,2,1.0,High Risk Regime
2019-06-07,460,11641,446,0.0383128597199553,0.2284168026801821,0.9773215359505196,20.7,0.0,16.8,0.0,377.42857142857144,381.03333333333336,0.0311338004835127,0.0314405978867794,4,6,2,1.0,High Risk Regime
2019-06-08,343,11641,331,0.028433983334765,0.2269564470406322,0.9819603126879134,20.4,0.0,21.7,0.0,382.2857142857143,380.43333333333334,0.0315387730558248,0.0313861924806001,5,6,2,1.0,High Risk Regime
2019-06-09,292,11641,279,0.0239670131432007,0.229877158319732,0.9804140537754488,18.3,0.0,24.9,0.0,380.0,376.03333333333336,0.0312810632370807,0.030999627752484,6,6,2,1.0,High Risk Regime
2019-06-10,351,11641,341,0.029293016063912,0.2285027059530968,0.9690748217507088,17.5,15.4,25.2,1.0,376.0,375.3333333333333,0.0309865377299446,0.0309538126735962,0,6,2,1.0,High Risk Regime
2019-06-11,404,11641,394,0.033845889528391,0.2260974143114852,0.9672708530195,20.4,8.7,29.2,1.0,381.7142857142857,376.9,0.0315878606403475,0.0311113020072731,1,6,2,1.0,High Risk Regime
2019-06-12,391,11641,373,0.0320419207971823,0.2295335452280731,0.9713083068464908,17.8,0.0,23.0,0.0,380.8571428571428,377.53333333333336,0.0314651416790408,0.0311513902013,2,6,2,1.0,High Risk Regime
2019-06-13,351,11641,343,0.0294648226097414,0.229018125590585,0.97294046903187,16.9,22.8,32.8,1.0,370.2857142857143,376.56666666666666,0.0307656435995925,0.0310969847951206,3,6,2,1.0,High Risk Regime
2019-06-14,439,11641,413,0.0354780517137702,0.2226612833948973,0.9704492741173438,18.0,0.7,28.7,1.0,367.2857142857143,377.5,0.0303606710272804,0.0311313461042865,4,6,2,1.0,High Risk Regime
2019-06-15,360,11641,354,0.0304097586118031,0.2208573146636887,0.9728545657589556,20.3,0.0,24.7,0.0,369.7142857142857,377.03333333333336,0.0306429246382858,0.0311198923345646,5,6,2,1.0,High Risk Regime
2019-06-16,284,11641,281,0.0241388196890301,0.2223176703032385,0.9716519199381496,22.5,3.2,20.9,1.0,368.57142857142856,371.3333333333333,0.0306674684305472,0.0306646049881167,6,6,2,1.0,High Risk Regime
2019-06-17,328,11641,315,0.0270595309681298,0.2216304441199209,0.9569624602697364,21.5,5.2,12.3,1.0,365.2857142857143,370.0,0.0303483991311497,0.030555794175758,0,6,2,1.0,High Risk Regime
2019-06-18,428,11641,408,0.0350485353491968,0.2196546688428829,0.9535263293531484,21.3,10.9,14.8,1.0,368.7142857142857,373.6666666666667,0.0305202056769791,0.030853592188529,1,6,2,1.0,High Risk Regime
2019-06-19,351,11641,337,0.0289494029722532,0.2217163473928356,0.9629756893737652,19.8,11.7,16.9,1.0,363.0,372.8333333333333,0.0300784174162749,0.0307848695701972,2,6,2,1.0,High Risk Regime
2019-06-20,411,11641,390,0.0335022764367322,0.2182802164762477,0.9608281075508976,22.2,10.9,15.4,1.0,371.57142857142856,371.03333333333336,0.0306551965344165,0.0306302436789508,3,6,2,1.0,High Risk Regime
2019-06-21,472,11641,442,0.0379692466282965,0.2234344128511296,0.956189330813504,20.8,15.9,26.4,1.0,376.2857142857143,373.6333333333333,0.0310110815222059,0.0308049136672107,4,6,2,1.0,High Risk Regime
2019-06-22,399,11641,384,0.032986856799244,0.2262692208573146,0.9628897861008504,20.5,0.0,24.3,0.0,381.8571428571428,372.4,0.0313792384061261,0.030707556624574,5,6,2,1.0,High Risk Regime
2019-06-23,347,11641,335,0.0287775964264238,0.2296194485009879,0.9597113650030066,21.7,0.0,18.3,0.0,390.8571428571428,369.0,0.0320419207971823,0.0304555736906909,6,6,2,1.0,High Risk Regime
2019-06-24,436,11641,412,0.0353921484408555,0.2350313546946138,0.9509492311657074,22.4,0.0,13.8,0.0,406.2857142857143,373.03333333333336,0.0332322947218574,0.0307533717034619,0,6,2,1.0,High Risk Regime
2019-06-25,379,11641,366,0.0314405978867794,0.2443089081694012,0.961343527188386,23.4,9.0,11.8,1.0,399.2857142857143,375.26666666666665,0.0327168750843692,0.0309452223463047,1,6,2,1.0,High Risk Regime
2019-06-26,489,11641,468,0.0402027317240786,0.240099647796581,0.9670990464736706,25.3,0.2,18.4,1.0,419.0,383.1666666666667,0.0343244934774872,0.0315894968931649,2,6,2,1.0,High Risk Regime
2019-06-27,447,11641,424,0.0364229877158319,0.2519542994588093,0.987458122154454,25.6,0.0,17.4,0.0,424.1428571428572,384.76666666666665,0.03474173794593,0.031718351802537,3,6,2,1.0,High Risk Regime
2019-06-28,456,11641,442,0.0379692466282965,0.2550468172837385,0.9915814792543596,25.1,0.3,13.6,1.0,421.8571428571428,387.96666666666664,0.03474173794593,0.031987515391003,4,6,2,1.0,High Risk Regime
2019-06-29,386,11641,369,0.0316983077055235,0.2536723649171033,0.9998281934541706,25.9,1.4,19.3,1.0,420.0,388.76666666666665,0.0345576595039699,0.0320562380093348,5,6,2,1.0,High Risk Regime
2019-06-30,332,11641,321,0.027574950605618,0.2525556223692122,1.0018898720041234,24.1,0.0,29.0,0.0,417.8571428571428,383.93333333333334,0.0343858529581405,0.0316668098387881,6,6,2,1.0,High Risk Regime
2019-07-01,416,11641,391,0.0335881797096469,0.2512670732754918,0.989433897431492,23.5,0.0,17.7,0.0,415.0,387.5,0.0341281431393964,0.0319331099848237,0,7,2,1.0,High Risk Regime
2019-07-02,346,11641,333,0.0286057898805944,0.2495490078171978,0.9986255476333648,24.8,0.4,17.5,1.0,410.2857142857143,388.76666666666665,0.0337231705670843,0.0320276035850299,1,7,2,1.0,High Risk Regime
2019-07-03,386,11641,373,0.0320419207971823,0.2467141998110128,1.0018898720041234,25.9,0.7,10.1,1.0,395.57142857142856,389.0,0.0325573404346705,0.0320505111244738,2,7,2,1.0,High Risk Regime
2019-07-04,212,11641,210,0.0180396873120865,0.2378661627007989,1.0024911949145263,25.7,0.0,17.7,0.0,362.0,383.93333333333334,0.0299311546627069,0.0316639463963577,3,7,2,1.0,High Risk Regime
2019-07-05,297,11641,281,0.0241388196890301,0.2176788935658448,0.989433897431492,23.9,0.4,20.9,1.0,339.2857142857143,380.6,0.0279553793856688,0.0313718752684477,4,7,2,1.0,High Risk Regime
2019-07-06,267,11641,259,0.0222489476849067,0.2040202731724078,0.9808435701400224,26.3,8.5,18.8,1.0,322.2857142857143,375.3333333333333,0.026605470811295,0.0309681298857486,5,7,2,1.0,High Risk Regime
2019-07-07,273,11641,260,0.0223348509578214,0.1937977836955588,0.9672708530195,24.6,2.3,18.7,1.0,313.85714285714283,369.1,0.0258568851473241,0.0304355295936775,6,7,2,1.0,High Risk Regime
2019-07-08,348,11641,334,0.0286916931535091,0.1887294905935916,0.9512069409844516,22.0,11.2,9.4,1.0,304.14285714285717,369.26666666666665,0.0251573870678758,0.0304441199209689,0,7,2,1.0,High Risk Regime
2019-07-09,404,11641,391,0.0335881797096469,0.1828880680353921,0.951636457349025,25.2,0.0,12.1,0.0,312.42857142857144,373.0,0.0258691570434547,0.0307648254731838,1,7,2,1.0,High Risk Regime
2019-07-10,329,11641,316,0.0271454342410445,0.1878704578644446,0.9612576239154712,26.0,0.0,22.3,0.0,304.2857142857143,372.26666666666665,0.0251696589640065,0.0306932394124216,2,7,2,1.0,High Risk Regime
2019-07-11,387,11641,379,0.0325573404346705,0.1829739713083068,0.9593677519113478,24.8,8.6,25.2,1.0,329.2857142857143,371.7,0.0272436094100899,0.0306502877759642,3,7,2,1.0,High Risk Regime
2019-07-12,462,11641,432,0.0371102138991495,0.198007044068379,0.957907396271798,25.5,3.0,24.0,1.0,352.85714285714283,374.06666666666666,0.0290966657258212,0.0308192308793631,4,7,2,1.0,High Risk Regime
2019-07-13,317,11641,300,0.0257709818744094,0.2121810840993042,0.9640065286487416,24.8,0.0,17.2,0.0,360.0,372.93333333333334,0.0295998134671788,0.0306961028548521,5,7,2,1.0,High Risk Regime
2019-07-14,313,11641,298,0.02559917532858,0.2164762477450391,0.9610858173696418,26.6,0.0,22.6,0.0,365.7142857142857,368.73333333333335,0.0300661455201443,0.0303668069753457,6,7,2,1.0,High Risk Regime
2019-07-15,369,11641,359,0.0308392749763766,0.219912378661627,0.9502620049823898,24.7,0.0,13.9,0.0,368.7142857142857,369.03333333333336,0.030372942923411,0.0303811241874982,0,7,2,1.0,High Risk Regime
2019-07-16,413,11641,395,0.0339317928013057,0.2217163473928356,0.951035134438622,26.6,0.1,21.3,1.0,370.0,373.3333333333333,0.0304220305079337,0.030707556624574,1,7,2,1.0,High Risk Regime
2019-07-17,392,11641,382,0.0328150502534146,0.2224894768490679,0.9621166566446182,27.7,17.1,16.3,1.0,379.0,375.46666666666664,0.031231975652558,0.0308994072674168,2,7,2,1.0,High Risk Regime
2019-07-18,369,11641,357,0.0306674684305472,0.2279013830426939,0.9676144661111588,25.0,11.4,18.0,1.0,376.42857142857144,373.5,0.0309619939376833,0.0307533717034619,3,7,2,1.0,High Risk Regime
2019-07-19,420,11641,403,0.0346190189846233,0.2263551241302293,0.9625461730091917,27.1,0.1,15.8,1.0,370.42857142857144,375.8,0.0306061089498938,0.0309423589038742,4,7,2,1.0,High Risk Regime
2019-07-20,341,11641,331,0.028433983334765,0.222747186667812,0.968473498840306,29.9,0.7,19.3,1.0,373.8571428571428,373.46666666666664,0.0309865377299446,0.0307734158004753,5,7,2,1.0,High Risk Regime
2019-07-21,276,11641,269,0.0231079804140537,0.2248088652177648,0.962460269736277,29.9,0.1,20.4,1.0,368.57142857142856,366.93333333333334,0.0306306527421551,0.0302780402600005,6,7,2,1.0,High Risk Regime
2019-07-22,413,11641,396,0.0340176960742204,0.2216304441199209,0.945623228244996,26.8,27.5,21.2,1.0,374.8571428571428,367.4,0.03108471289899,0.0303124015691664,0,7,2,1.0,High Risk Regime
2019-07-23,313,11641,304,0.0261145949660682,0.2254101881281676,0.946825874065802,22.2,24.1,18.4,1.0,360.57142857142856,366.26666666666665,0.0299679703510989,0.0302236348538212,1,7,2,1.0,High Risk Regime
2019-07-24,381,11641,364,0.03126879134095,0.2168198608366978,0.9439051627867022,23.2,1.2,12.4,1.0,359.0,364.43333333333334,0.0297470762207468,0.0300861896171577,2,7,2,1.0,High Risk Regime
2019-07-25,363,11641,353,0.0303238553388884,0.2158749248346362,0.9391804827763938,24.0,0.0,11.2,0.0,358.14285714285717,363.9,0.0296979886362241,0.0300489648655613,3,7,2,1.0,High Risk Regime
2019-07-26,392,11641,372,0.0319560175242676,0.215359505197148,0.9378060304097586,24.2,0.0,13.3,0.0,354.14285714285717,360.6666666666667,0.0293175598561733,0.0297740743922343,4,7,2,1.0,High Risk Regime
2019-07-27,350,11641,337,0.0289494029722532,0.2129542135555364,0.9294734129370328,24.3,0.0,17.9,0.0,355.42857142857144,357.43333333333334,0.0293911912329574,0.0295249549007817,5,7,2,1.0,High Risk Regime
2019-07-28,316,11641,306,0.0262864015118976,0.2137273430117687,0.9211407954643072,26.3,0.0,18.1,0.0,361.1428571428572,352.76666666666665,0.0298452513897922,0.029135526730235,6,7,2,1.0,High Risk Regime
2019-07-29,385,11641,366,0.0314405978867794,0.2171634739283566,0.9091143372562496,26.6,0.7,17.7,1.0,357.14285714285717,352.73333333333335,0.0294770945058721,0.0291269364029436,0,7,2,1.0,High Risk Regime
2019-07-30,380,11641,365,0.0313546946138647,0.2147581822867451,0.9090284339833348,27.5,0.4,19.9,1.0,366.7142857142857,354.3333333333333,0.030225680169843,0.0292529278698851,1,7,2,1.0,High Risk Regime
2019-07-31,366,11641,353,0.0303238553388884,0.2205137015720299,0.9131517910832404,25.7,12.0,14.7,1.0,364.57142857142856,352.6666666666667,0.0300906893124056,0.0291441170575265,2,7,2,1.0,High Risk Regime
2019-08-01,379,11641,360,0.0309251782492912,0.2192251524783094,0.9088566274375054,25.7,0.0,10.5,0.0,366.8571428571428,353.76666666666665,0.0301765925853203,0.0292214300031497,3,8,2,1.0,High Risk Regime
2019-08-02,354,11641,340,0.0292071127909973,0.2205996048449446,0.9116914354436904,25.3,0.1,16.9,1.0,361.42857142857144,352.7,0.0297838919091388,0.0291269364029436,4,8,2,1.0,High Risk Regime
2019-08-03,343,11641,327,0.0280903702431062,0.217335280474186,0.90894253071042,24.3,1.7,18.1,1.0,360.42857142857144,357.06666666666666,0.0296611729478321,0.0294619591673109,5,8,2,1.0,High Risk Regime
2019-08-04,274,11641,262,0.0225066575036508,0.2167339575637832,0.9201958594622456,25.7,2.0,9.1,1.0,354.42857142857144,356.3,0.0291212095180826,0.0294075537611316,6,8,2,1.0,High Risk Regime
2019-08-05,374,11641,364,0.03126879134095,0.2131260201013658,0.9182200841852076,24.1,0.0,15.6,0.0,352.85714285714283,359.8666666666667,0.0290966657258212,0.029708215216333,0,8,2,1.0,High Risk Regime
2019-08-06,351,11641,329,0.0282621767889356,0.2121810840993042,0.92741173438708,24.0,1.0,16.1,1.0,348.7142857142857,362.46666666666664,0.0286548774651171,0.0299057927440368,1,8,2,1.0,High Risk Regime
2019-08-07,380,11641,365,0.0313546946138647,0.2096898891847779,0.9341121896744266,23.8,17.4,19.2,1.0,350.7142857142857,363.53333333333336,0.0288021402186851,0.029994559459382,2,8,2,1.0,High Risk Regime
2019-08-08,426,11641,410,0.0352203418950262,0.2108925350055837,0.9368610944076968,23.9,1.0,21.3,1.0,357.42857142857144,364.26666666666665,0.0294157350252187,0.0300489648655613,3,8,2,1.0,High Risk Regime
2019-08-09,371,11641,359,0.0308392749763766,0.2149299888325745,0.9387509664118204,24.2,0.3,17.3,1.0,359.85714285714283,365.6666666666667,0.0296489010517015,0.0301720928900724,4,8,2,1.0,High Risk Regime
2019-08-10,346,11641,330,0.0283480800618503,0.2163903444721243,0.9423589038742376,22.9,0.0,22.3,0.0,360.2857142857143,364.3,0.0296857167400935,0.0300317842109784,5,8,2,1.0,High Risk Regime
2019-08-11,294,11641,284,0.0243965295077742,0.2166480542908684,0.938836869684735,21.9,0.0,15.1,0.0,363.1428571428572,358.7,0.0299556984549682,0.0296079947312659,6,8,2,1.0,High Risk Regime
2019-08-12,320,11641,308,0.026458208057727,0.2183661197491624,0.9244051198350656,23.2,0.0,25.6,0.0,355.42857142857144,358.8,0.0292684722716506,0.0296309022707098,0,8,2,1.0,High Risk Regime
2019-08-13,275,11641,268,0.023022077141139,0.2137273430117687,0.92466282965381,23.5,8.0,13.8,1.0,344.57142857142856,357.53333333333336,0.0285198866076797,0.0295449989977951,1,8,2,1.0,High Risk Regime
2019-08-14,316,11641,304,0.0261145949660682,0.2071986942702517,0.9213985052830512,23.3,10.1,11.2,1.0,335.42857142857144,355.76666666666665,0.0277713009437088,0.0293875096641182,2,8,2,1.0,High Risk Regime
2019-08-15,327,11641,314,0.0269736276952151,0.201700884803711,0.9168456318185724,23.0,1.1,17.1,1.0,321.2857142857143,352.9,0.0265931989151643,0.0291555708272485,3,8,2,1.0,High Risk Regime
2019-08-16,311,11641,297,0.0255132720556653,0.1931964607851559,0.9094579503479082,22.8,0.9,15.3,1.0,312.7142857142857,350.2,0.0258323413550627,0.0289121782206568,4,8,2,1.0,High Risk Regime
2019-08-17,309,11641,293,0.0251696589640065,0.188042264410274,0.9024997852418176,24.2,2.8,13.4,1.0,307.42857142857144,348.2,0.0253782811982279,0.0287289179051055,5,8,2,1.0,High Risk Regime
2019-08-18,281,11641,269,0.0231079804140537,0.1848638433124302,0.8973455888669358,24.7,13.5,13.8,1.0,305.57142857142856,343.56666666666666,0.0251942027562678,0.0283452166194198,6,8,2,1.0,High Risk Regime
2019-08-19,333,11641,318,0.0273172407868739,0.1837471007645391,0.8854050339317928,26.2,1.9,14.2,1.0,307.42857142857144,343.3,0.0253169217175745,0.0283079918678234,0,8,2,1.0,High Risk Regime
2019-08-20,362,11641,345,0.0296366291555708,0.1848638433124302,0.8847178077484752,25.4,0.0,14.9,0.0,319.85714285714283,346.1666666666667,0.0262618577196362,0.0285256134925407,1,8,2,1.0,High Risk Regime
2019-08-21,302,11641,290,0.0249119491452624,0.1923374280560089,0.8921054892191392,26.2,7.5,25.8,1.0,317.85714285714283,342.46666666666664,0.0260900511738068,0.0282220885949088,2,8,2,1.0,High Risk Regime
2019-08-22,362,11641,351,0.030152048793059,0.1911347822352031,0.8825702259256077,26.7,5.3,16.6,1.0,322.85714285714283,344.1,0.0265441113306416,0.0283566703891418,3,8,2,1.0,High Risk Regime
2019-08-23,335,11641,323,0.0277467571514474,0.1941413967872176,0.886779486298428,21.4,16.8,18.5,1.0,326.2857142857143,342.56666666666666,0.0268631806300391,0.0282392692494917,4,8,2,1.0,High Risk Regime
2019-08-24,310,11641,300,0.0257709818744094,0.1962030753371703,0.8828279357443518,20.5,0.0,16.6,0.0,326.42857142857144,340.8,0.0269490839029538,0.0280875068006757,5,8,2,1.0,High Risk Regime
2019-08-25,279,11641,268,0.023022077141139,0.196288978610085,0.8782750622798728,20.3,0.0,23.7,0.0,326.14285714285717,337.03333333333336,0.0269368120068231,0.0277897087879048,6,8,2,1.0,High Risk Regime
2019-08-26,303,11641,292,0.0250837556910918,0.1961171720642556,0.868567992440512,18.7,0.0,17.6,0.0,321.85714285714283,335.46666666666664,0.0266177427074257,0.0276608538785327,0,8,2,1.0,High Risk Regime
2019-08-27,301,11641,289,0.0248260458723477,0.1935400738768147,0.8645305386135211,19.3,0.0,13.0,0.0,313.14285714285717,334.96666666666664,0.0259305165241081,0.0276121753572144,1,8,2,1.0,High Risk Regime
2019-08-28,341,11641,327,0.0280903702431062,0.1882999742290181,0.8632419895198007,20.8,11.3,14.3,1.0,318.7142857142857,333.5,0.0263845766809429,0.0275005011024253,2,8,2,1.0,High Risk Regime
2019-08-29,353,11641,336,0.0288634996993385,0.1916502018726913,0.859462245511554,22.4,0.0,21.1,0.0,317.42857142857144,332.6,0.0262004982389829,0.0274174612719411,3,8,2,1.0,High Risk Regime
2019-08-30,385,11641,375,0.0322137273430117,0.190877072416459,0.8571428571428571,22.8,0.0,20.9,0.0,324.57142857142856,333.23333333333335,0.0268386368377778,0.0274804570054119,4,8,2,1.0,High Risk Regime
2019-08-31,287,11641,283,0.0243106262348595,0.1951722360621939,0.8587750193282364,22.6,0.0,15.2,0.0,321.2857142857143,330.1666666666667,0.0266300146035563,0.0272599719382641,5,8,2,1.0,High Risk Regime
2019-09-01,281,11641,269,0.0231079804140537,0.1931964607851559,0.8508719182200842,20.7,0.0,20.4,0.0,321.57142857142856,327.73333333333335,0.026642286499687,0.0270566675256993,6,9,2,1.0,High Risk Regime
2019-09-02,255,11641,240,0.0206167854995275,0.1933682673309853,0.8446009792973113,21.8,8.4,17.5,1.0,314.7142857142857,324.8,0.0260041479008921,0.0268075480342467,0,9,2,1.0,High Risk Regime
2019-09-03,373,11641,359,0.0308392749763766,0.1892449102310798,0.8370414912808178,21.9,0.0,13.6,0.0,325.0,328.1,0.0268631806300391,0.0270853019500042,1,9,2,1.0,High Risk Regime
2019-09-04,365,11641,351,0.030152048793059,0.195429945880938,0.845545915299373,23.7,1.8,27.2,1.0,328.42857142857144,327.8,0.0271577061371752,0.0270480771984079,2,9,2,1.0,High Risk Regime
2019-09-05,371,11641,358,0.0307533717034619,0.1974916244308908,0.8447727858431406,20.3,0.0,20.5,0.0,331.0,328.46666666666664,0.02742768785205,0.0271311170288921,3,9,2,1.0,High Risk Regime
2019-09-06,330,11641,317,0.0272313375139592,0.1990378833433553,0.8464908513014345,18.3,1.7,29.5,1.0,323.14285714285717,326.8,0.026715917876471,0.0269936717922286,4,9,2,1.0,High Risk Regime
2019-09-07,303,11641,294,0.0252555622369212,0.194313203333047,0.8421956876556996,18.5,8.1,22.3,1.0,325.42857142857144,322.7,0.0268509087339084,0.0266615124702917,5,9,2,1.0,High Risk Regime
2019-09-08,280,11641,275,0.0236234000515419,0.1956876556996821,0.8316295850871919,20.1,0.0,15.9,0.0,325.2857142857143,319.6666666666667,0.0269245401106925,0.0264209833061306,6,9,2,1.0,High Risk Regime
2019-09-09,364,11641,349,0.0299802422472296,0.1956017524267674,0.8238123872519543,20.4,1.5,13.9,1.0,340.85714285714283,320.26666666666665,0.0282621767889356,0.0264753887123099,0,9,2,1.0,High Risk Regime
2019-09-10,384,11641,367,0.0315265011596941,0.2049652091744695,0.8253586461644189,20.9,0.6,21.6,1.0,342.42857142857144,323.26666666666665,0.028360351957981,0.0267130544340406,1,9,2,1.0,High Risk Regime
2019-09-11,383,11641,363,0.0311828880680353,0.2059101451765312,0.8330899407267417,24.8,0.1,22.4,1.0,345.0,325.3666666666667,0.028507614711549,0.0268705437677175,2,9,2,1.0,High Risk Regime
2019-09-12,401,11641,389,0.0334163731638175,0.2074564040889958,0.8385018469203677,22.5,7.8,20.2,1.0,349.2857142857143,329.56666666666666,0.0288880434915998,0.0272170203018068,3,9,2,1.0,High Risk Regime
2019-09-13,399,11641,384,0.032986856799244,0.2100335022764367,0.8493256593076196,17.4,0.0,20.7,0.0,359.14285714285717,332.3333333333333,0.0297102605323548,0.027446095696246,4,9,2,1.0,High Risk Regime
2019-09-14,296,11641,282,0.0242247229619448,0.2159608281075509,0.8564556309595396,20.4,0.0,26.9,0.0,358.14285714285717,331.3,0.0295629977787868,0.0273544655384703,5,9,2,1.0,High Risk Regime
2019-09-15,365,11641,351,0.030152048793059,0.215359505197148,0.8537926294991839,22.4,0.5,9.0,1.0,370.2857142857143,333.1,0.0304956618847178,0.0275090914297168,6,9,2,1.0,High Risk Regime
2019-09-16,368,11641,354,0.0304097586118031,0.2226612833948973,0.8584314062365777,21.4,0.8,11.5,1.0,370.8571428571428,335.06666666666666,0.0305570213653711,0.0276837614179766,0,9,2,1.0,High Risk Regime
2019-09-17,387,11641,374,0.032127824070097,0.2230048964865561,0.8634996993385448,19.1,0.0,17.9,0.0,371.2857142857143,338.6,0.0306429246382858,0.0279844228731781,1,9,2,1.0,High Risk Regime
2019-09-18,368,11641,359,0.0308392749763766,0.2232626063053002,0.8726054462675028,16.6,0.3,16.4,1.0,369.1428571428572,339.76666666666665,0.0305938370537631,0.0281018240128282,2,9,2,1.0,High Risk Regime
2019-09-19,365,11641,345,0.0296366291555708,0.2219740572115797,0.8756120608195173,15.2,0.0,9.8,0.0,364.0,339.8666666666667,0.0300538736240136,0.0281018240128282,3,9,2,1.0,High Risk Regime
2019-09-20,413,11641,396,0.0340176960742204,0.2188815393866506,0.8758697706382613,17.6,0.0,13.0,0.0,366.0,343.56666666666666,0.0302011363775817,0.0284053489104601,4,9,2,1.0,High Risk Regime
2019-09-21,329,11641,314,0.0269736276952151,0.2200841852074564,0.8854050339317928,19.9,0.0,10.1,0.0,370.7142857142857,342.46666666666664,0.0305938370537631,0.028299401540532,5,9,2,1.0,High Risk Regime
2019-09-22,325,11641,318,0.0273172407868739,0.2229189932136414,0.8825702259256077,21.6,0.0,20.5,0.0,365.0,342.1333333333333,0.030188864481451,0.0282850843283795,6,9,2,1.0,High Risk Regime
2019-09-23,407,11641,394,0.033845889528391,0.2194828622970535,0.8817111931964607,25.1,0.1,20.7,1.0,370.57142857142856,345.3666666666667,0.0306797403266778,0.0285542479168456,0,9,2,1.0,High Risk Regime
2019-09-24,373,11641,354,0.0304097586118031,0.2228330899407267,0.8900438106691865,20.9,0.7,25.0,1.0,368.57142857142856,348.5,0.0304343024040644,0.0288005039658677,1,9,2,1.0,High Risk Regime
2019-09-25,374,11641,356,0.0305815651576325,0.2216304441199209,0.8981187183231681,18.4,0.0,20.1,0.0,369.42857142857144,350.8666666666667,0.0303974867156724,0.0289837642814191,2,9,2,1.0,High Risk Regime
2019-09-26,396,11641,376,0.0322996306159264,0.2221458637574091,0.9042178507001116,19.9,0.7,19.0,1.0,373.8571428571428,354.03333333333336,0.0307779154957232,0.0292328837728717,3,9,2,1.0,High Risk Regime
2019-09-27,414,11641,389,0.0334163731638175,0.2248088652177648,0.912378661627008,17.5,0.0,15.5,0.0,374.0,356.46666666666664,0.0306920122228085,0.0294104172035621,4,9,2,1.0,High Risk Regime
2019-09-28,312,11641,299,0.0256850786014947,0.2248947684906795,0.918649600549781,21.1,0.0,19.9,0.0,371.57142857142856,355.1,0.0305079337808484,0.0293044698336339,5,9,2,1.0,High Risk Regime
2019-09-29,301,11641,290,0.0249119491452624,0.2234344128511296,0.9151275663602784,21.0,0.0,18.6,0.0,368.1428571428572,352.3,0.0301643206891896,0.0290610772270423,6,9,2,1.0,High Risk Regime
2019-09-30,271,11641,264,0.0226784640494802,0.2213727343011768,0.9079116914354436,17.8,0.2,17.4,1.0,348.7142857142857,351.76666666666665,0.0285689741922024,0.029006671820863,0,9,2,1.0,High Risk Regime
2019-10-01,274,11641,264,0.0226784640494802,0.2096898891847779,0.9065372390688086,21.3,0.3,20.4,1.0,334.57142857142856,351.53333333333336,0.027464503540442,0.0289923546087105,1,10,2,1.0,High Risk Regime
2019-10-02,418,11641,403,0.0346190189846233,0.2011854651662228,0.9059359161584056,24.8,2.3,26.0,1.0,340.85714285714283,356.96666666666664,0.0280412826585835,0.0294590957248804,2,10,2,1.0,High Risk Regime
2019-10-03,416,11641,400,0.0343613091658792,0.2049652091744695,0.9199381496435014,14.4,10.0,23.7,1.0,343.7142857142857,358.4,0.0283358081657196,0.0295764968645305,3,10,2,1.0,High Risk Regime
2019-10-04,432,11641,414,0.0355639549866849,0.2066832746327635,0.9236319903788336,15.3,0.6,30.2,1.0,346.2857142857143,360.6333333333333,0.0286426055689864,0.0297568937376514,4,10,2,1.0,High Risk Regime
2019-10-05,330,11641,317,0.0272313375139592,0.208229533545228,0.9293875096641182,11.0,0.0,17.0,0.0,348.85714285714283,359.26666666666665,0.0288634996993385,0.0296394925980013,5,10,2,1.0,High Risk Regime
2019-10-06,262,11641,257,0.0220771411390774,0.2097757924576926,0.9258654754746156,17.9,2.1,23.8,1.0,343.2857142857143,357.0,0.0284585271270263,0.0294676860521719,6,10,2,1.0,High Risk Regime
2019-10-07,317,11641,308,0.026458208057727,0.2064255648140194,0.920024052916416,21.0,4.6,29.9,1.0,349.85714285714283,357.46666666666664,0.0289984905567759,0.0295077742461987,0,10,2,1.0,High Risk Regime
2019-10-08,322,11641,310,0.0266300146035563,0.2103771153680955,0.9212266987372218,15.9,2.1,20.5,1.0,356.7142857142857,358.8666666666667,0.0295629977787868,0.0296079947312659,1,10,2,1.0,High Risk Regime
2019-10-09,226,11641,219,0.0188128167683188,0.214500472468001,0.9248346361996392,13.1,13.3,23.9,1.0,329.2857142857143,354.26666666666665,0.0273049688907433,0.0292357472153022,2,10,2,1.0,High Risk Regime
2019-10-10,377,11641,362,0.0310969847951206,0.198007044068379,0.9129799845374108,15.2,0.6,25.9,1.0,323.7142857142857,354.03333333333336,0.0268386368377778,0.0292214300031497,3,10,2,1.0,High Risk Regime
2019-10-11,376,11641,365,0.0313546946138647,0.1946568164247057,0.912378661627008,14.5,0.0,28.0,0.0,315.7142857142857,353.8,0.0262373139273749,0.0292271568880107,4,10,2,1.0,High Risk Regime
2019-10-12,281,11641,273,0.0234515935057125,0.1898462331414827,0.9117773387166052,15.1,0.0,19.0,0.0,308.7142857142857,349.8,0.0256973504976253,0.0288949975660739,5,10,2,1.0,High Risk Regime
2019-10-13,254,11641,246,0.0211322051370157,0.1856369727686624,0.9014689459668414,14.4,0.1,15.1,1.0,307.57142857142856,344.96666666666664,0.025562359640188,0.0284998425106663,6,10,2,1.0,High Risk Regime
2019-10-14,217,11641,212,0.0182114938579159,0.1849497465853449,0.8890129713942101,16.5,0.2,17.6,1.0,293.2857142857143,342.3333333333333,0.0243842576116435,0.028299401540532,0,10,2,1.0,High Risk Regime
2019-10-15,331,11641,319,0.0274031440597886,0.1763594192938751,0.882226612833949,13.0,0.0,14.9,0.0,294.57142857142856,341.2,0.0244947046768196,0.0282077713827563,1,10,2,1.0,High Risk Regime
2019-10-16,397,11641,379,0.0325573404346705,0.1771325487501073,0.8793059015548492,15.3,28.7,49.9,1.0,319.0,342.1666666666667,0.0264582080577269,0.0282793574435186,2,10,2,1.0,High Risk Regime
2019-10-17,362,11641,348,0.0298943389743149,0.1918220084185207,0.8817970964693754,11.9,0.5,44.1,1.0,316.85714285714283,341.3333333333333,0.0262864015118976,0.0282049079403258,3,10,2,1.0,High Risk Regime
2019-10-18,378,11641,362,0.0310969847951206,0.1905334593248003,0.879649514646508,11.2,0.0,28.3,0.0,317.14285714285717,341.6666666666667,0.0262495858235055,0.0282134982676173,4,10,2,1.0,High Risk Regime
2019-10-19,341,11641,330,0.0283480800618503,0.1907052658706296,0.880508547375655,10.0,0.0,10.6,0.0,325.7142857142857,340.8666666666667,0.0269490839029538,0.0281705466311599,5,10,2,1.0,High Risk Regime
2019-10-20,293,11641,280,0.0240529164161154,0.1958594622455115,0.8784468688257022,11.5,10.8,16.8,1.0,331.2857142857143,336.8666666666667,0.0273663283713966,0.0278383873092231,6,10,2,1.0,High Risk Regime
2019-10-21,322,11641,310,0.0266300146035563,0.1992096898891847,0.8681384760759385,13.2,2.3,18.7,1.0,346.2857142857143,336.6333333333333,0.0285689741922024,0.0278269335395011,0,10,2,1.0,High Risk Regime
2019-10-22,347,11641,337,0.0289494029722532,0.208229533545228,0.8675371531655356,13.9,6.8,27.5,1.0,348.57142857142856,337.3666666666667,0.0287898683225545,0.0278813389456804,1,10,2,1.0,High Risk Regime
2019-10-23,410,11641,391,0.0335881797096469,0.2096039859118632,0.869427025169659,15.2,4.1,22.5,1.0,350.42857142857144,337.46666666666664,0.0289371310761225,0.027872748618389,2,10,2,1.0,High Risk Regime
2019-10-24,359,11641,341,0.029293016063912,0.2107207284597543,0.869684734988403,12.3,0.0,18.7,0.0,350.0,337.0,0.0288512278032078,0.0278355238667926,3,10,2,1.0,High Risk Regime
2019-10-25,380,11641,365,0.0313546946138647,0.2104630186410102,0.8684820891675973,12.8,0.0,12.7,0.0,350.2857142857143,337.2,0.0288880434915998,0.027861294848667,4,10,2,1.0,High Risk Regime
2019-10-26,330,11641,316,0.0271454342410445,0.2106348251868396,0.8689975088050855,13.4,0.1,13.1,1.0,348.7142857142857,335.0,0.0287162369457704,0.0276894883028376,5,10,2,1.0,High Risk Regime
2019-10-27,284,11641,270,0.0231938836869684,0.2096898891847779,0.8633278927927154,15.7,29.2,34.2,1.0,347.42857142857144,330.6666666666667,0.0285935179844637,0.0273487386536093,6,10,2,1.0,High Risk Regime
2019-10-28,366,11641,357,0.0306674684305472,0.2089167597285456,0.8521604673138047,14.1,0.0,17.1,0.0,353.7142857142857,332.46666666666664,0.0291702971026053,0.0275148183145777,0,10,2,1.0,High Risk Regime
2019-10-29,387,11641,378,0.0324714371617558,0.2126965037367923,0.8567992440511983,14.0,2.1,13.8,1.0,359.42857142857144,335.3333333333333,0.0296734448439628,0.0277668012484609,1,10,2,1.0,High Risk Regime
2019-10-30,338,11641,328,0.0281762735160209,0.2161326346533802,0.8641869255218624,15.7,0.8,11.6,1.0,349.14285714285717,337.56666666666666,0.0289003153877305,0.0279500615640122,2,10,2,1.0,High Risk Regime
2019-10-31,352,11641,338,0.0290353062451679,0.209947599003522,0.8699424448071471,18.6,22.2,39.7,1.0,348.14285714285717,340.1666666666667,0.0288634996993385,0.0281619563038685,3,10,2,1.0,High Risk Regime
2019-11-01,446,11641,422,0.0362511811700025,0.2093462760931191,0.8766429000944936,10.6,5.7,46.0,1.0,357.57142857142856,341.1,0.0295629977787868,0.0282163617100478,4,11,2,1.0,High Risk Regime
2019-11-02,284,11641,276,0.0237093033244566,0.2150158921054892,0.8790481917361052,7.5,0.0,11.3,0.0,351.0,336.7,0.0290721219335599,0.027861294848667,5,11,2,1.0,High Risk Regime
2019-11-03,284,11641,276,0.0237093033244566,0.2110643415514131,0.867708959711365,7.7,0.0,18.4,0.0,351.0,331.76666666666665,0.0291457533103439,0.0274661397932594,6,11,2,1.0,High Risk Regime
2019-11-04,345,11641,334,0.0286916931535091,0.2110643415514131,0.8549952753199896,8.2,0.0,20.1,0.0,348.0,332.26666666666665,0.0288634996993385,0.0275148183145777,0,11,2,1.0,High Risk Regime
2019-11-05,249,11641,246,0.0211322051370157,0.2092603728202044,0.8562838244137102,11.0,0.6,15.1,1.0,328.2857142857143,331.8333333333333,0.0272436094100899,0.0274833204478423,1,11,2,1.0,High Risk Regime
2019-11-06,365,11641,341,0.029293016063912,0.1974057211579761,0.8551670818658191,8.4,0.0,15.3,0.0,332.14285714285717,333.43333333333334,0.0274031440597886,0.0275778140480485,2,11,2,1.0,High Risk Regime
2019-11-07,409,11641,400,0.0343613091658792,0.1997251095266729,0.8592904389657245,9.1,4.0,21.1,1.0,340.2857142857143,336.3333333333333,0.0281640016198902,0.0278355238667926,3,11,2,1.0,High Risk Regime
2019-11-08,410,11641,394,0.033845889528391,0.2046215960828107,0.8667640237093033,2.2,0.1,31.9,1.0,335.14285714285717,342.46666666666664,0.0278203885282314,0.0283366262921283,4,11,2,1.0,High Risk Regime
2019-11-09,306,11641,299,0.0256850786014947,0.2015290782578816,0.8825702259256077,0.6,0.0,14.0,0.0,338.2857142857143,340.1,0.0281026421392369,0.0281562294190075,5,11,2,1.0,High Risk Regime
2019-11-10,259,11641,248,0.0213040116828451,0.203418950262005,0.8764710935486643,5.0,0.0,15.3,0.0,334.7142857142857,336.2,0.0277590290475781,0.0278212066546402,6,11,2,1.0,High Risk Regime
2019-11-11,282,11641,273,0.0234515935057125,0.2012713684391375,0.8664204106176445,8.9,0.0,12.8,0.0,325.7142857142857,336.23333333333335,0.0270104433836072,0.0278212066546402,0,11,2,1.0,High Risk Regime
2019-11-12,352,11641,342,0.0293789193368267,0.1958594622455115,0.8665063138905592,5.1,3.8,26.3,1.0,340.42857142857144,339.5,0.0281885454121516,0.0280960971279672,1,11,2,1.0,High Risk Regime
2019-11-13,328,11641,317,0.0272313375139592,0.2047074993557254,0.8749248346361996,-2.2,0.0,26.0,0.0,335.14285714285717,343.2,0.0278940199050155,0.0283967585831686,2,11,2,1.0,High Risk Regime
2019-11-14,331,11641,318,0.0273172407868739,0.2015290782578816,0.8844600979297311,1.2,0.0,14.3,0.0,324.0,343.2,0.0268877244223004,0.0283938951407381,3,11,2,1.0,High Risk Regime
2019-11-15,390,11641,374,0.032127824070097,0.1948286229705352,0.8844600979297311,4.3,0.0,20.3,0.0,321.14285714285717,342.96666666666664,0.026642286499687,0.0283795779285857,4,11,2,1.0,High Risk Regime
2019-11-16,302,11641,293,0.0251696589640065,0.1931105575122412,0.8838587750193282,2.0,0.0,28.2,0.0,320.57142857142856,340.96666666666664,0.026568655122903,0.0282220885949088,5,11,2,1.0,High Risk Regime
2019-11-17,270,11641,263,0.0225925607765655,0.1927669444205824,0.8787045786444464,1.5,0.0,26.7,0.0,322.14285714285717,337.3666666666667,0.0267527335648631,0.0279386077942902,6,11,2,1.0,High Risk Regime
2019-11-18,477,11641,454,0.0390000859032729,0.1937118804226441,0.869427025169659,3.7,8.8,21.0,1.0,350.0,341.9,0.0289739467645145,0.028293674655671,0,11,2,1.0,High Risk Regime
2019-11-19,374,11641,362,0.0310969847951206,0.2104630186410102,0.8811098702860579,6.4,4.1,12.4,1.0,353.14285714285717,344.6,0.029219384687128,0.0285284769349712,1,11,2,1.0,High Risk Regime
2019-11-20,309,11641,304,0.0261145949660682,0.2123528906451335,0.8880680353921484,5.3,0.0,18.8,0.0,350.42857142857144,344.1666666666667,0.0290598500374292,0.0285112962803882,2,11,2,1.0,High Risk Regime
2019-11-21,399,11641,386,0.0331586633450734,0.2107207284597543,0.8869512928442573,6.3,0.0,17.1,0.0,360.14285714285717,345.9,0.0298943389743149,0.0286516049594822,3,11,2,1.0,High Risk Regime
2019-11-22,397,11641,376,0.0322996306159264,0.2165621510179537,0.8914182630358216,7.4,3.0,28.7,1.0,361.1428571428572,345.46666666666664,0.0299188827665762,0.0286086533230249,4,11,2,1.0,High Risk Regime
2019-11-23,295,11641,280,0.0240529164161154,0.2171634739283566,0.8903015204879305,3.5,1.2,15.0,1.0,360.14285714285717,343.3333333333333,0.0297593481168775,0.028433983334765,5,11,2,1.0,High Risk Regime
2019-11-24,299,11641,292,0.0250837556910918,0.2165621510179537,0.8848037110213899,5.5,23.6,28.4,1.0,364.2857142857143,340.6333333333333,0.030115233104667,0.0282249520373392,6,11,2,1.0,High Risk Regime
2019-11-25,368,11641,352,0.0302379520659737,0.21905334593248,0.8778455459152994,5.7,0.0,19.3,0.0,348.7142857142857,341.9,0.0288634996993385,0.0283280359648369,0,11,2,1.0,High Risk Regime
2019-11-26,429,11641,406,0.0348767288033674,0.2096898891847779,0.8811098702860579,7.0,0.0,11.5,0.0,356.57142857142856,346.73333333333335,0.029403463129088,0.0287174641353835,1,11,2,1.0,High Risk Regime
2019-11-27,342,11641,332,0.0285198866076797,0.2144145691950863,0.8935658448586891,9.4,1.1,25.0,1.0,361.2857142857143,345.93333333333334,0.0297470762207468,0.0286458780746213,2,11,2,1.0,High Risk Regime
2019-11-28,223,11641,214,0.0183833004037453,0.2172493772012713,0.8915041663087364,7.2,0.0,37.5,0.0,336.14285714285717,340.46666666666664,0.0276363100862714,0.0281762735160209,3,11,2,1.0,High Risk Regime
2019-11-29,252,11641,243,0.0208744953182716,0.2021304011682845,0.8774160295507258,1.4,0.0,27.5,0.0,315.42857142857144,337.6,0.0260041479008921,0.0279328809094293,4,11,2,1.0,High Risk Regime
2019-11-30,269,11641,256,0.0219912378661627,0.1896744265956532,0.8700283480800618,1.5,0.0,16.2,0.0,311.7142857142857,334.8333333333333,0.025709622393756,0.0276980786301291,5,11,2,1.0,High Risk Regime
2019-12-01,227,11641,216,0.0185551069495747,0.1874409414998711,0.8628983764281419,-0.1,17.2,34.8,1.0,301.42857142857144,327.53333333333336,0.024776958287825,0.0271082094894482,6,12,2,1.0,High Risk Regime
2019-12-02,342,11641,331,0.028433983334765,0.1812559058500129,0.844085559659823,1.4,15.0,31.5,1.0,297.7142857142857,329.46666666666664,0.0245192484690809,0.0272656988231251,0,12,2,1.0,High Risk Regime
2019-12-03,395,11641,381,0.0327291469804999,0.1790224207542307,0.8490679494888755,0.4,2.5,27.7,1.0,292.85714285714283,333.1666666666667,0.0242124510658141,0.0275663602783266,1,12,2,1.0,High Risk Regime
2019-12-04,328,11641,315,0.0270595309681298,0.176101709475131,0.858603212782407,1.7,0.0,15.0,0.0,290.85714285714283,332.6,0.0240038288315927,0.0275119548721472,2,12,2,1.0,High Risk Regime
2019-12-05,338,11641,322,0.0276608538785327,0.1748990636543252,0.8571428571428571,2.7,0.0,31.4,0.0,307.2857142857143,335.56666666666666,0.0253291936137052,0.0277295764968645,3,12,2,1.0,High Risk Regime
2019-12-06,316,11641,308,0.026458208057727,0.1847779400395155,0.8647882484322653,3.8,0.0,26.7,0.0,316.42857142857144,333.93333333333334,0.0261268668621988,0.0276350828966583,4,12,2,1.0,High Risk Regime
2019-12-07,332,11641,314,0.0269736276952151,0.1902757495060562,0.8605789880594451,0.3,0.0,22.8,0.0,325.42857142857144,331.3666666666667,0.0268386368377778,0.0273888268476362,5,12,2,1.0,High Risk Regime
2019-12-08,264,11641,253,0.0217335280474186,0.1956876556996821,0.8539644360450133,0.0,0.0,18.4,0.0,330.7142857142857,326.5,0.0272926969946126,0.0269850814649371,6,12,2,1.0,High Risk Regime
2019-12-09,457,11641,437,0.037539730263723,0.198866076797526,0.8414225581994674,8.2,21.4,28.0,1.0,347.14285714285717,331.53333333333336,0.0285935179844637,0.0273802365203447,0,12,2,1.0,High Risk Regime
2019-12-10,379,11641,359,0.0308392749763766,0.2087449531827162,0.8543939524095868,11.4,8.8,28.3,1.0,344.85714285714283,335.53333333333336,0.028323536269589,0.0276980786301291,1,12,2,1.0,High Risk Regime
2019-12-11,337,11641,331,0.028433983334765,0.2073705008160811,0.8647023451593505,2.1,8.4,23.2,1.0,346.14285714285717,337.3666666666667,0.0285198866076797,0.0278641582910975,2,12,2,1.0,High Risk Regime
2019-12-12,362,11641,345,0.0296366291555708,0.2081436302723133,0.869427025169659,-1.4,0.0,21.9,0.0,349.57142857142856,337.7,0.0288021402186851,0.027872748618389,3,12,2,1.0,High Risk Regime
2019-12-13,477,11641,459,0.0394296022678464,0.2102053088222661,0.870286057898806,4.0,14.6,15.6,1.0,372.57142857142856,342.6666666666667,0.0306551965344165,0.0282793574435186,4,12,2,1.0,High Risk Regime
2019-12-14,357,11641,338,0.0290353062451679,0.2240357357615325,0.883085645563096,9.9,22.1,28.0,1.0,376.1428571428572,343.53333333333336,0.0309497220415526,0.0283366262921283,5,12,2,1.0,High Risk Regime
2019-12-15,309,11641,296,0.0254273687827506,0.2261833175843999,0.8853191306588781,5.5,0.0,32.4,0.0,382.57142857142856,340.8333333333333,0.0314774135751714,0.0281132777825501,6,12,2,1.0,High Risk Regime
2019-12-16,300,11641,293,0.0251696589640065,0.2300489648655613,0.8783609655527875,1.2,1.3,13.0,1.0,360.14285714285717,340.76666666666665,0.0297102605323548,0.0281132777825501,0,12,2,1.0,High Risk Regime
2019-12-17,445,11641,418,0.0359075680783437,0.2165621510179537,0.8781891590069582,0.6,25.1,21.7,1.0,369.57142857142856,346.6,0.0304343024040644,0.0285571113592761,1,12,2,1.0,High Risk Regime
2019-12-18,414,11641,397,0.0341035993471351,0.2222317670303238,0.8932222317670303,0.0,0.3,30.8,1.0,380.57142857142856,344.5,0.0312442475486887,0.0283938951407381,2,12,2,1.0,High Risk Regime
2019-12-19,428,11641,407,0.0349626320762821,0.2288463190447556,0.8878103255734043,-5.9,0.0,34.2,0.0,390.0,346.3,0.0320051051087903,0.0285227500501102,3,12,2,1.0,High Risk Regime
2019-12-20,416,11641,401,0.0344472124387939,0.2345159350571256,0.892449102310798,-3.4,0.0,17.6,0.0,381.2857142857143,349.8666666666667,0.0312933351332114,0.0288005039658677,4,12,2,1.0,High Risk Regime
2019-12-21,316,11641,301,0.0258568851473241,0.229275835409329,0.9016407525126708,-3.0,0.0,14.8,0.0,375.42857142857144,347.1,0.0308392749763765,0.0285571113592761,5,12,2,1.0,High Risk Regime
2019-12-22,297,11641,284,0.0243965295077742,0.2257538012198264,0.8945107808607508,0.6,0.0,18.1,0.0,373.7142857142857,343.76666666666665,0.0306920122228085,0.028293674655671,6,12,2,1.0,High Risk Regime
2019-12-23,345,11641,335,0.0287775964264238,0.22472296194485,0.885920453569281,4.3,0.0,17.6,0.0,380.1428571428572,345.43333333333334,0.0312074318602967,0.0284511639893479,0,12,2,1.0,High Risk Regime
2019-12-24,318,11641,305,0.0262004982389829,0.2285886092260115,0.8902156172150159,3.4,0.0,21.4,0.0,362.0,346.06666666666666,0.0298207075975308,0.0284883887409443,1,12,2,1.0,High Risk Regime
2019-12-25,148,11641,146,0.0125418778455459,0.2176788935658448,0.8918477794003952,0.7,0.0,10.0,0.0,324.0,338.73333333333335,0.0267404616687324,0.0278985196002634,2,12,2,1.0,High Risk Regime
2019-12-26,247,11641,237,0.0203590756807834,0.1948286229705352,0.8729490593591616,2.8,0.3,12.0,1.0,298.14285714285717,332.6666666666667,0.0246542393265183,0.0274145978295106,3,12,2,1.0,High Risk Regime
2019-12-27,257,11641,248,0.0213040116828451,0.1792801305729748,0.8573146636886866,7.6,0.1,16.2,1.0,275.42857142857144,329.8333333333333,0.0227766392185256,0.0271740686653494,4,12,2,1.0,High Risk Regime
2019-12-28,217,11641,213,0.0182973971308306,0.1656215101795378,0.8500128854909372,5.8,0.0,18.8,0.0,261.2857142857143,329.6333333333333,0.0216967123590265,0.0271712052229189,5,12,2,1.0,High Risk Regime
2019-12-29,235,11641,227,0.0195000429516364,0.1571170861609827,0.849497465853449,2.9,4.8,12.5,1.0,252.42857142857144,329.06666666666666,0.0209972142795783,0.0271253901440311,6,12,2,1.0,High Risk Regime
2019-12-30,324,11641,313,0.0268877244223004,0.1517910832402714,0.8480371102138992,4.5,22.7,28.3,1.0,249.42857142857144,330.9,0.0207272325647035,0.027288606362569,0,12,2,1.0,High Risk Regime
2019-12-31,269,11641,259,0.0222489476849067,0.1499871145090628,0.8527617902242075,4.0,0.2,23.5,1.0,242.42857142857144,332.3,0.0201627253426927,0.0274117343870801,1,12,2,1.0,High Risk Regime
2020-01-01,200,11641,191,0.0164075251267073,0.1457778541362425,0.8563697276866249,2.3,0.0,28.2,0.0,249.8571428571429,327.56666666666666,0.0207149606685729,0.0270108524468115,2,1,2,1.0,High Risk Regime
2020-01-02,239,11641,233,0.0200154625891246,0.1502448243278069,0.8441714629327377,2.5,0.0,17.3,0.0,248.71428571428572,322.3666666666667,0.0206658730840502,0.026587062967099,3,1,2,1.0,High Risk Regime
2020-01-03,269,11641,261,0.0224207542307361,0.1495575981444893,0.8307705523580449,6.6,4.0,12.4,1.0,250.42857142857144,320.4,0.0208254077337489,0.0264324370758525,4,1,2,1.0,High Risk Regime
2020-01-04,214,11641,210,0.0180396873120865,0.1505884374194656,0.8257022592560777,7.8,6.2,24.9,1.0,250.0,316.26666666666665,0.0207885920453569,0.0261117315236377,5,1,2,1.0,High Risk Regime
2020-01-05,179,11641,175,0.0150330727600721,0.1503307276007215,0.8150502534146551,2.8,0.9,37.1,1.0,242.0,311.7,0.020150453446562,0.0257308936803825,6,1,2,1.0,High Risk Regime
2020-01-06,286,11641,276,0.0237093033244566,0.1455201443174985,0.8032815050253415,2.9,1.3,25.9,1.0,236.57142857142856,310.1666666666667,0.0196963932897271,0.0256220828680239,0,1,2,1.0,High Risk Regime
2020-01-07,246,11641,239,0.0205308822266128,0.1422558199467399,0.7993299544712653,2.6,0.8,18.9,1.0,233.28571428571428,309.56666666666666,0.0194509553671137,0.025581994673997,1,1,2,1.0,High Risk Regime
2020-01-08,268,11641,259,0.0222489476849067,0.1402800446697019,0.7977836955588008,1.0,0.1,33.1,1.0,243.0,303.26666666666665,0.0202854443039994,0.0250723019213698,2,1,2,1.0,High Risk Regime
2020-01-09,319,11641,306,0.0262864015118976,0.1461214672279013,0.7815479769779229,-2.1,0.0,23.2,0.0,254.42857142857144,301.26666666666665,0.0211812927215384,0.0249205394725539,3,1,2,1.0,High Risk Regime
2020-01-10,309,11641,297,0.0255132720556653,0.1529937290610772,0.776393780603041,5.0,0.0,24.8,0.0,260.14285714285717,300.3333333333333,0.0216230809822425,0.0248231824299172,4,1,2,1.0,High Risk Regime
2020-01-11,253,11641,248,0.0213040116828451,0.1564298599776651,0.7739884889614295,13.9,0.2,34.2,1.0,265.7142857142857,296.7,0.022089413035208,0.0245454285141597,5,1,2,1.0,High Risk Regime
2020-01-12,226,11641,223,0.0191564298599776,0.1597800876213383,0.7646250322137274,14.8,2.7,45.6,1.0,272.42857142857144,288.3333333333333,0.0226784640494802,0.023869656100564,6,1,2,1.0,High Risk Regime
2020-01-13,270,11641,265,0.0227643673223949,0.1638175414483292,0.7430633107121382,4.9,0.2,18.4,1.0,270.14285714285717,285.43333333333334,0.0225434731920429,0.0236606248031383,0,1,2,1.0,High Risk Regime
2020-01-14,303,11641,299,0.0256850786014947,0.162443089081694,0.7355897259685594,4.2,0.3,15.3,1.0,278.2857142857143,285.23333333333335,0.0232797869598831,0.0236692151304298,1,1,2,1.0,High Risk Regime
2020-01-15,294,11641,282,0.0242247229619448,0.1673395756378318,0.7350743063310712,5.8,0.1,16.1,1.0,282.0,285.03333333333336,0.0235620405708886,0.0236377172636944,2,1,2,1.0,High Risk Regime
2020-01-16,328,11641,320,0.0274890473327033,0.1695730607336139,0.734558886693583,5.7,1.8,38.8,1.0,283.2857142857143,281.1333333333333,0.023733847116718,0.0233570999055063,3,1,2,1.0,High Risk Regime
2020-01-17,337,11641,326,0.0280044669701915,0.1703461901898462,0.7245082037625633,-3.0,0.0,34.9,0.0,287.2857142857143,278.56666666666666,0.0240897321045074,0.0231537954929416,4,1,2,1.0,High Risk Regime
2020-01-18,387,11641,361,0.0310110815222059,0.1727514818314577,0.7178936517481316,-3.1,8.4,24.2,1.0,306.42857142857144,277.2,0.0254764563672733,0.023022077141139,5,1,2,1.0,High Risk Regime
2020-01-19,205,11641,201,0.0172665578558543,0.1842625204020273,0.714371617558629,2.9,1.5,28.7,1.0,303.42857142857144,270.1666666666667,0.0252064746523985,0.022449388655041,6,1,2,1.0,High Risk Regime
2020-01-20,224,11641,217,0.0186410102224894,0.1824585516708186,0.6962460269736277,-3.9,0.0,26.1,0.0,296.85714285714283,267.1,0.0246174236381263,0.0222088594908799,0,1,2,1.0,High Risk Regime
2020-01-21,342,11641,334,0.0286916931535091,0.1785070011167425,0.6883429258654755,-3.4,0.0,17.4,0.0,302.42857142857144,268.6,0.0250469400026998,0.0223520316124044,1,1,2,1.0,High Risk Regime
2020-01-22,284,11641,277,0.0237952065973713,0.1818572287604157,0.6922085731466369,-2.2,0.0,9.4,0.0,301.0,266.56666666666666,0.0249855805220464,0.022185951951436,2,1,2,1.0,High Risk Regime
2020-01-23,269,11641,261,0.0224207542307361,0.1809981960312688,0.6869684734988403,0.1,0.0,9.9,0.0,292.57142857142856,264.93333333333334,0.0242615386503368,0.0220599604844944,3,1,2,1.0,High Risk Regime
2020-01-24,317,11641,308,0.026458208057727,0.1759299029293016,0.6827592131260201,2.9,0.0,12.7,0.0,289.7142857142857,270.56666666666666,0.0240406445199847,0.0225238381582338,4,1,2,1.0,High Risk Regime
2020-01-25,217,11641,212,0.0182114938579159,0.1742118374710076,0.6972768662486041,5.1,25.5,34.2,1.0,265.42857142857144,269.56666666666666,0.0222121319965147,0.0224522520974715,5,1,2,1.0,High Risk Regime
2020-01-26,235,11641,224,0.0192423331328923,0.1596082810755089,0.6946997680611632,4.0,0.0,22.7,0.0,269.7142857142857,268.8333333333333,0.0224943856075202,0.0223835294791398,6,1,2,1.0,High Risk Regime
2020-01-27,256,11641,249,0.0213899149557598,0.1621853792629499,0.6928098960570398,3.3,0.0,22.3,0.0,274.2857142857143,270.1333333333333,0.0228870862837016,0.0224866134066374,0,1,2,1.0,High Risk Regime
2020-01-28,233,11641,231,0.0198436560432952,0.1649342839962202,0.696160123700713,3.0,0.0,22.4,0.0,258.7142857142857,270.06666666666666,0.0216230809822425,0.0224980671763594,1,1,2,1.0,High Risk Regime
2020-01-29,285,11641,276,0.0237093033244566,0.1555708272485181,0.6959883171548836,0.7,0.0,19.0,0.0,258.85714285714283,268.76666666666665,0.0216108090861118,0.0223921198064312,2,1,2,1.0,High Risk Regime
2020-01-30,321,11641,313,0.0268877244223004,0.1556567305214328,0.6926380895112104,-1.9,0.0,16.3,0.0,266.2857142857143,270.5,0.0222489476849067,0.0225467456976777,3,1,2,1.0,High Risk Regime
2020-01-31,341,11641,324,0.0278326604243621,0.1601237007129971,0.6971050597027747,2.2,1.0,11.9,1.0,269.7142857142857,275.2,0.0224452980229975,0.0229275835409329,4,1,2,1.0,High Risk Regime
2020-02-01,224,11641,219,0.0188128167683188,0.1621853792629499,0.7092174211837471,2.6,0.4,6.6,1.0,270.7142857142857,274.7,0.0225312012959122,0.022887495346906,5,2,2,1.0,High Risk Regime
2020-02-02,253,11641,247,0.0212181084099304,0.1627867021733528,0.7079288720900266,2.8,3.2,20.3,1.0,273.2857142857143,274.1666666666667,0.0228134549069176,0.0228474071528791,6,2,2,1.0,High Risk Regime
2020-02-03,330,11641,316,0.0271454342410445,0.1643329610858173,0.7065544197233915,5.8,0.5,18.5,1.0,283.85714285714283,278.03333333333336,0.0236356719476726,0.0231509320505111,0,2,2,1.0,High Risk Regime
2020-02-04,277,11641,268,0.023022077141139,0.170689803281505,0.7165191993814964,7.1,2.3,17.6,1.0,290.14285714285717,281.3,0.0240897321045074,0.0234172321965466,1,2,2,1.0,High Risk Regime
2020-02-05,267,11641,259,0.0222489476849067,0.1744695472897517,0.7249377201271369,5.0,0.8,21.3,1.0,287.57142857142856,280.6666666666667,0.023881109870286,0.0233685536752283,2,2,2,1.0,High Risk Regime
2020-02-06,309,11641,306,0.0262864015118976,0.1729232883772871,0.7233055579417575,4.4,16.1,19.1,1.0,285.85714285714283,282.76666666666665,0.0237952065973713,0.0235604043180711,3,2,2,1.0,High Risk Regime
2020-02-07,374,11641,353,0.0303238553388884,0.1718924491023108,0.7287174641353835,5.1,10.2,46.6,1.0,290.57142857142856,286.3,0.0241510915851608,0.0238295679065372,4,2,2,1.0,High Risk Regime
2020-02-08,277,11641,262,0.0225066575036508,0.1747272571084958,0.7378232110643416,1.0,0.0,26.2,0.0,298.14285714285717,284.9,0.0246787831187796,0.0237035764395956,5,2,2,1.0,High Risk Regime
2020-02-09,203,11641,200,0.0171806545829396,0.1792801305729748,0.7342152736019242,1.4,0.0,13.2,0.0,291.0,281.3666666666667,0.0241020040006381,0.0234258225238381,6,2,2,1.0,High Risk Regime
2020-02-10,339,11641,326,0.0280044669701915,0.1749849669272399,0.7251095266729662,5.6,9.8,25.5,1.0,292.2857142857143,284.23333333333335,0.0242247229619448,0.0236491710334163,0,2,2,1.0,High Risk Regime
2020-02-11,278,11641,267,0.0229361738682243,0.1757580963834722,0.7324972081436303,6.3,9.1,16.3,1.0,292.42857142857144,285.96666666666664,0.0242124510658141,0.0237751625003579,1,2,2,1.0,High Risk Regime
2020-02-12,252,11641,245,0.021046301864101,0.1758439996563869,0.7369641783351946,4.4,0.3,23.3,1.0,290.2857142857143,285.3666666666667,0.0240406445199847,0.0237178936517481,2,2,2,1.0,High Risk Regime
2020-02-13,312,11641,297,0.0255132720556653,0.1745554505626664,0.73541791942273,4.3,19.6,21.4,1.0,290.7142857142857,285.6666666666667,0.0239301974548087,0.0237121667668871,3,2,2,1.0,High Risk Regime
2020-02-14,401,11641,379,0.0325573404346705,0.1748131603814105,0.7361910488789623,-1.0,0.0,27.2,0.0,294.57142857142856,289.23333333333335,0.0242492667542061,0.0239899206826446,4,2,2,1.0,High Risk Regime
2020-02-15,268,11641,260,0.0223348509578214,0.1771325487501073,0.745382699080835,-5.5,0.0,20.9,0.0,293.2857142857143,287.23333333333335,0.0242247229619448,0.0238181141368152,5,2,2,1.0,High Risk Regime
2020-02-16,220,11641,214,0.0183833004037453,0.1763594192938751,0.7402285027059531,1.6,0.0,16.8,0.0,295.7142857142857,283.3333333333333,0.0243965295077742,0.0234974085846004,6,2,2,1.0,High Risk Regime
2020-02-17,200,11641,193,0.0165793316725367,0.1778197749334249,0.7301778197749335,3.7,0.0,15.3,0.0,275.85714285714283,277.1,0.0227643673223949,0.023016350256278,0,2,2,1.0,High Risk Regime
2020-02-18,268,11641,263,0.0225925607765655,0.1658792199982819,0.7141139077398849,4.5,1.3,17.7,1.0,274.42857142857144,279.2,0.0227152797378722,0.0231938836869684,1,2,2,1.0,High Risk Regime
2020-02-19,291,11641,282,0.0242247229619448,0.1650201872691349,0.7195258139335109,4.9,0.0,24.7,0.0,280.0,281.43333333333334,0.0231693398947071,0.0233800074449503,2,2,2,1.0,High Risk Regime
2020-02-20,261,11641,252,0.0216476247745039,0.1683704149128082,0.7252813332187956,-0.3,0.0,19.4,0.0,272.7142857142857,278.73333333333335,0.0226171045688269,0.0231452051656501,3,2,2,1.0,High Risk Regime
2020-02-21,314,11641,305,0.0262004982389829,0.1639893479941585,0.7183231681127051,-2.6,0.0,19.4,0.0,260.2857142857143,279.73333333333335,0.0217089842551572,0.0232253815537038,4,2,2,1.0,High Risk Regime
2020-02-22,246,11641,240,0.0206167854995275,0.1565157632505798,0.720900266300146,1.8,0.0,22.0,0.0,257.14285714285717,278.96666666666664,0.0214635463325438,0.0231652492626635,5,2,2,1.0,High Risk Regime
2020-02-23,229,11641,219,0.0188128167683188,0.1546258912464564,0.718924491023108,4.3,0.0,18.2,0.0,258.42857142857144,276.03333333333336,0.0215249058131971,0.0229104028863499,6,2,2,1.0,High Risk Regime
2020-02-24,286,11641,277,0.0237952065973713,0.1553990207026887,0.7113650030066145,5.4,0.0,14.8,0.0,270.7142857142857,278.3333333333333,0.0225557450881735,0.0230965266443318,0,2,2,1.0,High Risk Regime
2020-02-25,310,11641,301,0.0258568851473241,0.1627867021733528,0.7172923288377288,7.4,2.7,11.8,1.0,276.7142857142857,280.8333333333333,0.023022077141139,0.0233170117114795,1,2,2,1.0,High Risk Regime
2020-02-26,272,11641,265,0.0227643673223949,0.1663946396357701,0.7237350743063311,7.3,0.1,20.9,1.0,274.0,281.3666666666667,0.0228134549069176,0.0233628267903673,2,2,2,1.0,High Risk Regime
2020-02-27,368,11641,344,0.0295507258826561,0.1647624774503908,0.7251095266729662,4.4,12.1,39.9,1.0,289.2857142857143,285.8666666666667,0.0239424693509394,0.0236863957850127,3,2,2,1.0,High Risk Regime
2020-02-28,317,11641,303,0.0260286916931535,0.1739541276522635,0.7367064685164505,0.6,0.0,34.8,0.0,289.7142857142857,286.93333333333334,0.023917925558678,0.0237637087306359,4,2,2,1.0,High Risk Regime
2020-02-29,278,11641,273,0.0234515935057125,0.1742118374710076,0.7394553732497208,-1.1,0.0,30.5,0.0,294.2857142857143,285.5,0.0243228981309902,0.0236491710334163,5,2,2,1.0,High Risk Regime
2020-03-01,244,11641,236,0.0202731724078687,0.176960742204278,0.7357615325143888,0.1,0.0,22.7,0.0,296.42857142857144,282.26666666666665,0.0245315203652116,0.0233971880995332,6,3,2,1.0,High Risk Regime
2020-03-02,358,11641,343,0.0294648226097414,0.1782492912979984,0.7274289150416631,6.4,0.0,29.2,0.0,306.7142857142857,286.73333333333335,0.0253414655098359,0.023752254960914,0,3,2,1.0,High Risk Regime
2020-03-03,333,11641,325,0.0279185636972768,0.1844343269478567,0.7389399536122326,9.5,6.6,25.5,1.0,310.0,289.4,0.025635991016972,0.0239756034704922,1,3,2,1.0,High Risk Regime
2020-03-04,347,11641,335,0.0287775964264238,0.1864101022248947,0.7458122154454084,8.8,3.3,34.3,1.0,320.7142857142857,289.96666666666664,0.026495023746119,0.0240300088766715,2,3,2,1.0,High Risk Regime
2020-03-05,338,11641,325,0.0279185636972768,0.1928528476934971,0.7472725710849584,5.4,0.0,19.7,0.0,316.42857142857144,292.0,0.0262618577196362,0.0241932250952094,3,3,2,1.0,High Risk Regime
2020-03-06,428,11641,413,0.0354780517137702,0.1902757495060562,0.752512670732755,4.1,4.2,21.4,1.0,332.2857142857143,297.3666666666667,0.02761176629401,0.0246341952295049,4,3,2,1.0,High Risk Regime
2020-03-07,297,11641,281,0.0241388196890301,0.1998110127995876,0.7663430976720214,3.9,0.5,28.0,1.0,335.0,296.96666666666664,0.0277099414630554,0.0245626091687426,5,3,2,1.0,High Risk Regime
2020-03-08,252,11641,247,0.0212181084099304,0.2014431749849669,0.765312258397045,5.5,0.0,21.3,0.0,336.14285714285717,292.9,0.0278449323204928,0.0242590842711107,6,3,2,1.0,High Risk Regime
2020-03-09,341,11641,327,0.0280903702431062,0.2021304011682845,0.7548320591014518,11.4,0.0,21.4,0.0,333.7142857142857,295.03333333333336,0.0276485819824021,0.0244452080290925,0,3,2,1.0,High Risk Regime
2020-03-10,280,11641,272,0.0233656902327978,0.2006700455287346,0.7603298685679925,12.5,0.3,28.0,1.0,326.14285714285717,297.6,0.0269981714874765,0.0246513758840878,1,3,2,1.0,High Risk Regime
2020-03-11,298,11641,285,0.0244824327806889,0.1961171720642556,0.7669444205824242,8.4,0.0,26.4,0.0,319.14285714285717,296.23333333333335,0.0263845766809429,0.0245339747444377,2,3,2,1.0,High Risk Regime
2020-03-12,253,11641,246,0.0211322051370157,0.1919079116914354,0.7634223863929216,5.9,0.7,18.4,1.0,307.0,295.4,0.0254150968866199,0.0244738424533974,3,3,2,1.0,High Risk Regime
2020-03-13,331,11641,318,0.0273172407868739,0.1846061334936861,0.7612748045700541,12.7,10.6,35.3,1.0,293.14285714285717,298.03333333333336,0.0242492667542061,0.0246828737508232,4,3,2,1.0,High Risk Regime
2020-03-14,211,11641,209,0.0179537840391718,0.1762735160209604,0.7680611631303152,8.4,0.1,22.7,1.0,280.85714285714283,294.6666666666667,0.0233656902327978,0.0244308908169401,5,3,2,1.0,High Risk Regime
2020-03-15,207,11641,203,0.0174383644016837,0.1688858345502963,0.7593849325659308,6.9,0.3,13.6,1.0,274.42857142857144,288.2,0.0228257268030483,0.0239269249491738,6,3,2,1.0,High Risk Regime
2020-03-16,226,11641,222,0.0190705265870629,0.1650201872691349,0.7427196976204793,3.0,0.0,22.3,0.0,258.0,286.8,0.0215371777093278,0.0238181141368152,0,3,2,1.0,High Risk Regime
2020-03-17,219,11641,209,0.0179537840391718,0.1551413108839446,0.739111760158062,7.0,6.2,19.1,1.0,249.28571428571428,286.76666666666665,0.0207640482530955,0.0238037969246628,1,3,2,1.0,High Risk Regime
2020-03-18,160,11641,157,0.0134868138476075,0.1499012112361481,0.7390258568851473,6.3,0.0,18.7,0.0,229.57142857142856,285.43333333333334,0.0191932455483696,0.0237007129971651,2,3,2,1.0,High Risk Regime
2020-03-19,201,11641,195,0.0167511382183661,0.1380465595739197,0.7355897259685594,8.4,17.9,20.9,1.0,222.1428571428571,283.2,0.0185673788457054,0.0235059989118918,3,3,2,1.0,High Risk Regime
2020-03-20,175,11641,171,0.0146894596684133,0.1335795893823554,0.7298342066832746,14.7,3.8,36.7,1.0,199.8571428571429,279.3333333333333,0.0167634101144967,0.0231881568021074,4,3,2,1.0,High Risk Regime
2020-03-21,139,11641,137,0.0117687483893136,0.1201786788076625,0.7198694270251697,8.5,0.0,26.4,0.0,189.57142857142856,275.26666666666665,0.0158798335930884,0.0228588609226011,5,3,2,1.0,High Risk Regime
2020-03-22,70,11641,69,0.0059273258311141,0.1139936431578043,0.7093892277295765,2.6,0.0,21.9,0.0,170.0,267.1333333333333,0.0142353995115785,0.0221830885090055,6,3,2,1.0,High Risk Regime
2020-03-23,151,11641,144,0.0123700712997165,0.1022248947684906,0.6884288291383902,3.0,29.6,27.6,1.0,159.28571428571428,263.96666666666664,0.0132781916133861,0.0219081980356784,0,3,2,1.0,High Risk Regime
2020-03-24,109,11641,107,0.0091916502018726,0.0957821492998883,0.6802680182114939,6.6,0.0,21.2,0.0,143.57142857142858,259.96666666666664,0.0120264582080577,0.0215874924834636,1,3,2,1.0,High Risk Regime
2020-03-25,92,11641,92,0.0079031011081522,0.0863327892792715,0.66995962546173,5.3,0.5,26.7,1.0,133.85714285714286,253.5,0.0112287849595641,0.0210577556338229,2,3,2,1.0,High Risk Regime
2020-03-26,90,11641,88,0.0075594880164934,0.080491366721072,0.6532943905162787,6.7,0.0,21.3,0.0,118.0,246.16666666666663,0.0099156920735822,0.0204478423961286,3,3,2,1.0,High Risk Regime
2020-03-27,110,11641,107,0.0091916502018726,0.0709561034275405,0.6343956704750451,12.1,0.2,16.7,1.0,108.71428571428572,240.76666666666668,0.0091302907212193,0.0199954184921112,4,3,2,1.0,High Risk Regime
2020-03-28,103,11641,100,0.0085903272914698,0.0653723906880852,0.620479340262864,7.9,15.4,17.6,1.0,103.57142857142856,231.93333333333337,0.0086762305643845,0.0192967385390716,5,3,2,1.0,High Risk Regime
2020-03-29,62,11641,55,0.0047246800103083,0.062279872863156,0.597714972940469,8.7,3.4,23.7,1.0,102.42857142857144,223.43333333333337,0.0085044240185551,0.0185866048163101,6,3,2,1.0,High Risk Regime
2020-03-30,82,11641,82,0.0070440683790052,0.0615926466798385,0.575809638347221,7.7,5.0,13.8,1.0,92.57142857142856,216.9,0.0077435664584534,0.0180396873120865,0,3,2,1.0,High Risk Regime
2020-03-31,86,11641,84,0.0072158749248346,0.0556653208487243,0.5589725968559403,6.1,2.1,17.4,1.0,89.28571428571429,211.63333333333333,0.007461312847448,0.0176044440626521,1,3,2,1.0,High Risk Regime
2020-04-01,85,11641,85,0.0073017781977493,0.0536895455716862,0.5453998797354179,7.0,0.0,19.1,0.0,88.28571428571429,202.53333333333333,0.0073754095745333,0.0168656759155857,2,4,2,1.0,High Risk Regime
2020-04-02,88,11641,87,0.0074735847435787,0.0530882226612833,0.5219482862297053,8.4,0.0,34.5,0.0,88.0,194.36666666666667,0.0073631376784026,0.0161841766171291,3,4,2,1.0,High Risk Regime
2020-04-03,122,11641,116,0.0099647796581049,0.052916416115454,0.5009019843656043,8.4,9.2,29.8,1.0,89.71428571428571,186.86666666666667,0.0074735847435787,0.0155570827248518,4,4,2,1.0,High Risk Regime
2020-04-04,82,11641,81,0.0069581651060905,0.0539472553904303,0.4815737479597973,9.6,0.7,19.7,1.0,86.71428571428571,178.33333333333334,0.0072404187170959,0.0148584027718122,5,4,2,1.0,High Risk Regime
2020-04-05,44,11641,44,0.0037797440082467,0.0521432866592217,0.4595825100936345,10.2,0.0,17.6,0.0,84.14285714285714,165.53333333333333,0.0071054278596585,0.0138017925149614,6,4,2,1.0,High Risk Regime
2020-04-06,72,11641,70,0.0060132291040288,0.0505970277467571,0.4265956532943905,11.9,1.4,17.4,1.0,82.71428571428571,158.03333333333333,0.0069581651060905,0.0131976061621281,0,4,2,1.0,High Risk Regime
2020-04-07,64,11641,63,0.0054119061936259,0.0497379950176101,0.4072674168885835,11.7,0.3,22.4,1.0,79.57142857142857,151.76666666666668,0.0067004552873464,0.0126707327549179,1,4,2,1.0,High Risk Regime
2020-04-08,75,11641,73,0.0062709389227729,0.0478481230134868,0.3911176015806202,13.0,5.6,18.2,1.0,78.14285714285714,142.9,0.0065531925337783,0.0119434183775735,2,4,2,1.0,High Risk Regime
2020-04-09,57,11641,55,0.0047246800103083,0.0469890902843398,0.3682673309853105,10.0,9.6,33.6,1.0,73.71428571428571,135.46666666666667,0.0061604918575969,0.0113220513701572,3,4,2,0.9999997886225397,High Risk Regime
2020-04-10,64,11641,63,0.0054119061936259,0.0443260888239841,0.3491109011253329,6.4,1.4,39.1,1.0,65.42857142857143,127.66666666666669,0.0055100813626713,0.0106863671505884,4,4,2,0.9999973517259201,High Risk Regime
2020-04-11,68,11641,67,0.0057555192852847,0.0393436989949317,0.3290095352632935,6.9,0.0,28.7,0.0,63.42857142857143,121.5,0.0053382748168419,0.0101738109555307,5,4,2,0.9999973517259201,High Risk Regime
2020-04-12,46,11641,44,0.0037797440082467,0.0381410531741259,0.3131174297740744,9.6,0.0,28.8,0.0,63.714285714285715,112.0,0.0053382748168419,0.0093892277295764,6,4,2,0.9999973517259201,High Risk Regime
2020-04-13,79,11641,77,0.0066145520144317,0.0383128597199553,0.2886349969933854,15.0,41.5,50.9,1.0,64.71428571428571,107.6,0.0054241780897566,0.0090112533287518,0,4,0,1.0,Low Risk Regime
2020-04-14,81,11641,81,0.0069581651060905,0.0389141826303582,0.2772957649686453,10.3,0.0,23.6,0.0,67.14285714285714,103.4,0.0056450722201087,0.008661913352232,1,4,1,1.0,Moderate Risk Regime
2020-04-15,88,11641,86,0.007387681470664,0.040374538269908,0.2664719525813933,7.5,1.5,25.2,1.0,69.0,98.8,0.0058046068698074,0.0082724851816854,2,4,0,1.0,Low Risk Regime
2020-04-16,68,11641,68,0.0058414225581994,0.0414912808177991,0.254617300919165,6.4,0.2,27.9,1.0,70.57142857142857,93.76666666666668,0.0059641415195061,0.0078687397989863,3,4,0,1.0,Low Risk Regime
2020-04-17,99,11641,99,0.0085044240185551,0.0424362168198608,0.2416459067090456,5.0,1.7,21.1,1.0,75.57142857142857,91.73333333333332,0.0064059297802103,0.0077026601380179,4,4,0,1.0,Low Risk Regime
2020-04-18,77,11641,75,0.0064427454686023,0.0454428313718752,0.236405807061249,6.4,8.1,26.1,1.0,76.85714285714286,87.6,0.0065041049492557,0.0073590470463591,5,4,0,1.0,Low Risk Regime
2020-04-19,51,11641,50,0.0042951636457349,0.0462159608281075,0.2257538012198264,8.8,0.0,31.6,0.0,77.57142857142857,83.46666666666667,0.0065777363260397,0.0070125705122698,6,4,1,1.0,Moderate Risk Regime
2020-04-20,66,11641,64,0.0054978094665406,0.046645477192681,0.2151017953784039,9.4,0.0,21.5,0.0,75.71428571428571,81.03333333333333,0.006418201676341,0.006803539214844,0,4,1,1.0,Moderate Risk Regime
2020-04-21,71,11641,70,0.0060132291040288,0.0455287346447899,0.2088308564556309,9.0,6.9,27.8,1.0,74.28571428571429,81.06666666666666,0.0062832108189036,0.0068064026572745,1,4,0,1.0,Low Risk Regime
2020-04-22,77,11641,76,0.006528648741517,0.0446697019156429,0.2089167597285456,5.2,0.0,31.7,0.0,72.71428571428571,78.6,0.0061604918575969,0.0066116885720012,2,4,1,1.0,Moderate Risk Regime
2020-04-23,55,11641,55,0.0047246800103083,0.0437247659135813,0.202559917532858,5.6,0.3,15.1,1.0,70.85714285714286,76.8,0.0060009572078981,0.0064627895656157,3,4,0,1.0,Low Risk Regime
2020-04-24,111,11641,108,0.0092775534747873,0.0426080233656902,0.1979211407954643,7.3,15.6,25.7,1.0,72.57142857142857,77.43333333333334,0.0061114042730742,0.0065086046445036,4,4,0,1.0,Low Risk Regime
2020-04-25,89,11641,88,0.0075594880164934,0.0436388626406666,0.1995533029808435,9.5,0.0,18.1,0.0,74.28571428571429,77.4,0.0062709389227729,0.0065086046445036,5,4,1,1.0,Moderate Risk Regime
2020-04-26,96,11641,89,0.0076453912894081,0.0446697019156429,0.1994673997079288,8.0,8.8,36.7,1.0,80.71428571428571,76.93333333333334,0.0067495428718691,0.0064570626807548,6,4,0,1.0,Low Risk Regime
2020-04-27,76,11641,74,0.0063568421956876,0.0485353491968044,0.1982647538871231,6.3,1.4,27.0,1.0,82.14285714285714,76.03333333333333,0.0068722618331758,0.006382613177562,0,4,0,1.0,Low Risk Regime
2020-04-28,118,11641,118,0.0101365862039343,0.0493943819259513,0.1959453655184262,9.5,0.0,22.4,0.0,88.85714285714286,77.9,0.007461312847448,0.0065630100506829,1,4,1,1.0,Moderate Risk Regime
2020-04-29,80,11641,78,0.0067004552873464,0.0534318357529421,0.2007559488016493,8.9,1.5,25.8,1.0,89.28571428571429,77.83333333333333,0.0074858566397094,0.0065515562809609,2,4,0,1.0,Low Risk Regime
2020-04-30,91,11641,88,0.0075594880164934,0.0536895455716862,0.2005841422558199,12.8,24.6,43.5,1.0,94.42857142857144,78.0,0.0078908292120215,0.0065630100506829,3,4,0,1.0,Low Risk Regime
2020-05-01,109,11641,108,0.0092775534747873,0.0567820633966154,0.2010136586203934,14.1,10.8,21.1,1.0,94.14285714285714,78.8,0.0078908292120215,0.0066288692265842,4,5,0,1.0,Low Risk Regime
2020-05-02,111,11641,111,0.0095352632935314,0.056610256850786,0.2030753371703462,15.4,0.0,26.7,0.0,97.28571428571428,79.56666666666666,0.0081730828230269,0.0066975918449159,5,5,1,1.0,Moderate Risk Regime
2020-05-03,88,11641,85,0.0073017781977493,0.0585001288549093,0.2050511124473842,17.8,4.7,19.0,1.0,96.14285714285714,78.43333333333334,0.0081239952385043,0.0066088251295707,6,5,0,1.0,Low Risk Regime
2020-05-04,96,11641,91,0.0078171978352375,0.0578129026715917,0.2021304011682845,15.2,0.5,31.6,1.0,99.0,78.9,0.0083326174727257,0.0066374595538756,0,5,0,1.0,Low Risk Regime
2020-05-05,102,11641,101,0.0086762305643845,0.0595309681298857,0.2033330469890902,10.7,0.0,21.4,0.0,96.71428571428572,80.83333333333333,0.0081239952385043,0.0068006757724135,1,5,1,1.0,Moderate Risk Regime
2020-05-06,98,11641,95,0.0081608109268963,0.0581565157632505,0.2083154368181427,8.8,3.4,19.3,1.0,99.28571428571428,81.7,0.0083326174727257,0.0068722618331758,2,5,0,1.0,Low Risk Regime
2020-05-07,100,11641,96,0.008246714199811,0.0597027746757151,0.2105489219139249,11.8,0.0,23.1,0.0,100.57142857142856,82.9,0.008430792641771,0.006966755433382,3,5,1,1.0,Moderate Risk Regime
2020-05-08,104,11641,103,0.0088480371102138,0.0604759041319474,0.213641439738854,8.7,9.5,13.8,1.0,99.85714285714286,83.86666666666666,0.0083694331611177,0.0070526587062967,4,5,0,1.0,Low Risk Regime
2020-05-09,82,11641,81,0.0069581651060905,0.0600463877673739,0.2161326346533802,4.8,2.4,36.7,1.0,95.71428571428572,84.7,0.0080012762771975,0.0071271082094894,5,5,0,1.0,Low Risk Regime
2020-05-10,92,11641,89,0.0076453912894081,0.0575551928528476,0.2182802164762477,9.5,0.0,30.5,0.0,96.28571428571428,85.63333333333334,0.0080503638617202,0.0072015577126821,6,5,1,1.0,Moderate Risk Regime
2020-05-11,97,11641,96,0.008246714199811,0.0578988059445064,0.2206855081178592,10.4,2.5,25.6,1.0,96.42857142857144,86.6,0.0081117233423736,0.0072845975431663,0,5,0,1.0,Low Risk Regime
2020-05-12,103,11641,103,0.0088480371102138,0.0579847092174211,0.2231767030323855,9.4,0.0,30.5,0.0,96.57142857142856,88.5,0.0081362671346349,0.0074535406465653,1,5,1,1.0,Moderate Risk Regime
2020-05-13,116,11641,113,0.0097070698393608,0.0580706124903358,0.2280731895885233,9.5,0.0,25.1,0.0,99.14285714285714,89.73333333333333,0.008357161264987,0.0075566245740629,2,5,1,1.0,Moderate Risk Regime
2020-05-14,95,11641,95,0.0081608109268963,0.0596168714028004,0.2312516106863671,11.7,0.0,18.7,0.0,98.42857142857144,90.2,0.0083448893688563,0.0075967127680897,3,5,1,1.0,Moderate Risk Regime
2020-05-15,123,11641,121,0.0103942960226784,0.0591873550382269,0.2324542565071729,20.4,3.8,23.5,1.0,101.14285714285714,91.36666666666666,0.0085657834992084,0.0076969332531569,4,5,0,1.0,Low Risk Regime
2020-05-16,127,11641,127,0.0109097156601666,0.0608195172236062,0.2354608710591873,19.3,1.2,23.1,1.0,107.57142857142856,93.33333333333331,0.0091302907212193,0.0078658763565558,5,5,0,1.0,Low Risk Regime
2020-05-17,85,11641,84,0.0072158749248346,0.0646851645047676,0.2405291641611545,13.5,0.0,18.4,0.0,106.57142857142856,92.86666666666666,0.0090689312405659,0.0078229247200985,6,5,1,1.0,Moderate Risk Regime
2020-05-18,100,11641,99,0.0085044240185551,0.0640838415943647,0.2393265183403487,15.0,0.0,20.2,0.0,107.0,93.63333333333334,0.0091057469289579,0.0078916473384302,0,5,1,1.0,Moderate Risk Regime
2020-05-19,127,11641,120,0.0103083927497637,0.0643415514131088,0.2413022936173868,14.3,0.0,32.0,0.0,110.42857142857144,96.16666666666669,0.0093143691631794,0.0080920883085645,1,5,1,1.0,Moderate Risk Regime
2020-05-20,114,11641,107,0.0091916502018726,0.0664032299630616,0.2478309423589038,12.4,0.0,20.9,0.0,110.14285714285714,97.76666666666668,0.0092407377863953,0.0082152163330756,2,5,1,1.0,Moderate Risk Regime
2020-05-21,121,11641,117,0.0100506829310196,0.0662314234172321,0.2519542994588093,11.6,0.0,16.7,0.0,113.85714285714286,99.43333333333334,0.0095107195012701,0.0083497981273086,3,5,1,1.0,Moderate Risk Regime
2020-05-22,141,11641,141,0.0121123614809724,0.0684649085130143,0.2562494631045443,16.5,3.1,19.4,1.0,116.42857142857144,101.56666666666666,0.0097561574238835,0.0085359218852904,4,5,0,1.0,Low Risk Regime
2020-05-23,103,11641,99,0.0085044240185551,0.0700111674254789,0.2617472725710849,16.3,12.1,27.9,1.0,113.0,103.16666666666669,0.0094125443322247,0.008661913352232,5,5,0,1.0,Low Risk Regime
2020-05-24,106,11641,102,0.0087621338372992,0.0679494888755261,0.2658706296709904,14.0,0.0,19.1,0.0,116.0,103.0,0.0096334384625768,0.0086447326976491,6,5,1,1.0,Moderate Risk Regime
2020-05-25,121,11641,119,0.010222489476849,0.0697534576067348,0.2654411133064169,15.4,0.0,12.2,0.0,119.0,104.06666666666666,0.0098788763851902,0.0087334994129943,0,5,1,1.0,Moderate Risk Regime
2020-05-26,130,11641,126,0.0108238123872519,0.0715574263379434,0.2681900180396873,16.9,0.0,15.3,0.0,119.42857142857144,105.2,0.0099525077619743,0.0088394467829224,1,5,1,1.0,Moderate Risk Regime
2020-05-27,148,11641,144,0.0123700712997165,0.0718151361566875,0.271110729318787,17.6,0.0,19.7,0.0,124.28571428571428,107.6,0.0104065679188091,0.0090398877530567,2,5,1,1.0,Moderate Risk Regime
2020-05-28,118,11641,118,0.0101365862039343,0.0747358474357873,0.2772957649686453,19.0,0.9,27.4,1.0,123.85714285714286,107.6,0.0104188398149398,0.0090398877530567,3,5,0,1.0,Low Risk Regime
2020-05-29,159,11641,157,0.0134868138476075,0.0744781376170432,0.2772957649686453,22.3,1.0,20.3,1.0,126.42857142857144,110.23333333333332,0.0106151901530305,0.0092660997050654,4,5,0,1.0,Low Risk Regime
2020-05-30,140,11641,138,0.0118546516622283,0.0760243965295077,0.2840821235289064,22.4,4.6,19.4,1.0,131.71428571428572,111.86666666666666,0.0110937941021267,0.0094092718265899,5,5,0,1.0,Low Risk Regime
2020-05-31,107,11641,105,0.0090198436560432,0.0792028176273516,0.2882913839017266,16.5,0.0,29.7,0.0,131.85714285714286,111.8,0.0111306097905187,0.0094006814992984,6,5,1,1.0,Moderate Risk Regime
2020-06-01,101,11641,99,0.0085044240185551,0.0792887209002663,0.2881195773558972,14.9,0.3,22.6,1.0,129.0,111.46666666666668,0.0108851718679053,0.0093663201901325,0,6,0,1.0,Low Risk Regime
2020-06-02,106,11641,104,0.0089339403831285,0.0775706554419723,0.2872605446267502,17.7,0.0,23.4,0.0,125.57142857142856,112.06666666666666,0.0106151901530305,0.0094207255963118,1,6,1,1.0,Moderate Risk Regime
2020-06-03,116,11641,113,0.0097070698393608,0.0755089768920195,0.2888068035392148,21.4,8.3,21.7,1.0,121.0,112.73333333333332,0.0102347613729797,0.0094837213297826,2,6,0,1.0,Low Risk Regime
2020-06-04,129,11641,124,0.0106520058414225,0.0727600721587492,0.2905248689975088,22.9,0.0,21.8,0.0,122.57142857142856,113.63333333333334,0.0103083927497637,0.0095495805056839,3,6,1,1.0,Moderate Risk Regime
2020-06-05,152,11641,148,0.0127136843913753,0.0737050081608109,0.2928442573662057,21.8,22.7,16.6,1.0,121.57142857142856,115.43333333333334,0.0101979456845877,0.0097013429544999,4,6,0,1.0,Low Risk Regime
2020-06-06,151,11641,150,0.0128854909372047,0.073103685250408,0.2974830341035993,24.3,4.1,23.7,1.0,123.14285714285714,117.13333333333334,0.0103452084381557,0.0098559688457463,5,6,0,1.0,Low Risk Regime
2020-06-07,112,11641,107,0.0091916502018726,0.0740486212524697,0.3018641010222489,20.1,0.0,28.0,0.0,123.85714285714286,117.4,0.0103697522304171,0.0098674226154683,6,6,1,1.0,Moderate Risk Regime
2020-06-08,132,11641,126,0.0108238123872519,0.0744781376170432,0.3025513272055665,19.4,0.0,16.6,0.0,128.28571428571428,119.06666666666666,0.0107010934259452,0.0099962775248403,0,6,1,1.0,Moderate Risk Regime
2020-06-09,135,11641,132,0.0113392320247401,0.0771411390773988,0.3068464908513014,23.0,0.0,18.0,0.0,132.42857142857142,120.5,0.011044706517604,0.0101194055493514,1,6,1,1.0,Moderate Risk Regime
2020-06-10,137,11641,133,0.0114251352976548,0.0796323339919251,0.3105403315866334,23.1,0.0,26.9,0.0,135.42857142857142,121.83333333333331,0.0112901444402174,0.0102253529192795,2,6,1,1.0,Moderate Risk Regime
2020-06-11,133,11641,132,0.0113392320247401,0.0814363027231337,0.3139764625032213,24.1,21.7,26.2,1.0,136.0,122.83333333333331,0.0113883196092628,0.0103083927497637,3,6,0,1.0,Low Risk Regime
2020-06-12,156,11641,154,0.0132291040288635,0.0817799158147925,0.3165535606906623,23.8,0.0,19.3,0.0,136.57142857142858,124.16666666666669,0.0114619509860468,0.0104257938894138,4,6,1,1.0,Moderate Risk Regime
2020-06-13,161,11641,155,0.0133150073017781,0.0821235289064513,0.3199896916072502,19.0,0.0,23.6,0.0,138.0,126.36666666666666,0.0115233104667002,0.0105976004352432,5,6,1,1.0,Moderate Risk Regime
2020-06-14,125,11641,122,0.0104801992955931,0.0829825616355983,0.3256593076196203,16.9,0.0,21.0,0.0,139.85714285714286,126.43333333333334,0.0117073889086602,0.0106004638776737,6,6,1,1.0,Moderate Risk Regime
2020-06-15,128,11641,128,0.0109956189330813,0.0840993041834893,0.3258311141654497,18.0,0.0,18.4,0.0,139.28571428571428,126.46666666666668,0.0117319327009216,0.0106033273201042,0,6,1,1.0,Moderate Risk Regime
2020-06-16,141,11641,138,0.0118546516622283,0.0837556910918305,0.3259170174383644,18.7,0.0,21.8,0.0,140.14285714285714,128.33333333333334,0.0118055640777056,0.0107579532113506,1,6,1,1.0,Moderate Risk Regime
2020-06-17,142,11641,139,0.011940554935143,0.0842711107293187,0.3307276007215874,19.0,0.0,18.5,0.0,140.85714285714286,129.73333333333332,0.0118791954544896,0.0108724909085702,2,6,1,1.0,Moderate Risk Regime
2020-06-18,125,11641,121,0.0103942960226784,0.0847006270938922,0.3343355381840048,20.0,2.0,15.7,1.0,139.71428571428572,129.66666666666666,0.0117442045970522,0.0108753543510007,3,6,0,1.0,Low Risk Regime
2020-06-19,176,11641,175,0.0150330727600721,0.0840134009105746,0.3341637316381754,21.5,0.8,17.5,1.0,142.57142857142858,131.73333333333332,0.0120019144157963,0.011070068436274,4,6,0,1.0,Low Risk Regime
2020-06-20,129,11641,128,0.0109956189330813,0.0857314663688686,0.3394897345588867,22.9,0.6,18.2,1.0,138.0,132.0,0.0116705732202682,0.0111015663030094,5,6,0,1.0,Low Risk Regime
2020-06-21,140,11641,138,0.0118546516622283,0.0829825616355983,0.3401769607422042,23.6,0.2,18.7,1.0,140.14285714285714,131.96666666666667,0.011866923558359,0.011092975975718,6,6,0,1.0,Low Risk Regime
2020-06-22,170,11641,166,0.0142599433038398,0.0842711107293187,0.3400910574692896,25.4,0.0,21.6,0.0,146.14285714285714,134.2,0.0123332556113245,0.0112848266185608,0,6,1,1.0,Moderate Risk Regime
2020-06-23,169,11641,166,0.0142599433038398,0.0878790481917361,0.3458465767545743,24.4,0.0,25.4,0.0,150.14285714285714,136.3,0.0126768687029833,0.0114680869341121,1,6,1,1.0,Moderate Risk Regime
2020-06-24,169,11641,168,0.0144317498496692,0.0902843398333476,0.3512584829482003,25.7,0.1,23.7,1.0,154.0,137.9,0.0130327536907727,0.0116083956132061,2,6,0,1.0,Low Risk Regime
2020-06-25,141,11641,137,0.0117687483893136,0.0926037282020445,0.3553818400481058,23.6,0.0,23.3,0.0,156.28571428571428,138.26666666666668,0.0132291040288634,0.0116398934799415,3,6,1,1.0,Moderate Risk Regime
2020-06-26,190,11641,184,0.0158062022163044,0.0939781805686796,0.3563267760501675,24.3,0.1,14.6,1.0,158.28571428571428,139.66666666666666,0.0133395510940395,0.0117544311771611,4,6,0,1.0,Low Risk Regime
2020-06-27,152,11641,151,0.0129713942101194,0.0951808263894854,0.3599347135125848,23.4,5.9,24.3,1.0,161.57142857142858,140.8,0.0136218047050449,0.0118489247773673,5,6,0,1.0,Low Risk Regime
2020-06-28,133,11641,132,0.0113392320247401,0.0971566016665235,0.3628554247916846,24.3,2.5,17.3,1.0,160.57142857142858,139.93333333333334,0.0135481733282609,0.0117773387166051,6,6,0,1.0,Low Risk Regime
2020-06-29,168,11641,166,0.0142599433038398,0.0965552787561206,0.3606219396959024,24.3,0.7,18.7,1.0,160.28571428571428,140.86666666666667,0.0135481733282609,0.0118575151046588,0,6,0,1.0,Low Risk Regime
2020-06-30,156,11641,151,0.0129713942101194,0.0963834722102912,0.3630272313375139,22.3,11.3,14.0,1.0,158.42857142857142,142.5,0.0133640948863008,0.0119892334564613,1,6,0,1.0,Low Risk Regime
2020-07-01,152,11641,150,0.0128854909372047,0.0952667296624001,0.3672364917103342,22.8,7.2,11.6,1.0,156.0,144.2,0.0131432007559488,0.0121352690204163,2,7,0,1.0,Low Risk Regime
2020-07-02,206,11641,201,0.0172665578558543,0.0938063740228502,0.3716175586289837,25.5,0.0,13.7,0.0,165.28571428571428,147.53333333333333,0.0139286021083117,0.0124130229361738,3,7,1,1.0,Moderate Risk Regime
2020-07-03,162,11641,158,0.0135727171205222,0.0993900867623056,0.3802078859204535,26.4,13.5,12.3,1.0,161.28571428571428,149.06666666666666,0.0136095328089143,0.0125418778455459,4,7,0,1.0,Low Risk Regime
2020-07-04,157,11641,155,0.0133150073017781,0.096984795120694,0.3841594364745296,23.8,5.6,18.2,1.0,162.0,150.0,0.0136586203934369,0.0126306445608911,5,7,0,1.0,Low Risk Regime
2020-07-05,157,11641,151,0.0129713942101194,0.0974143114852676,0.3865647281161412,26.1,0.1,22.3,1.0,165.42857142857142,150.16666666666666,0.0138917864199197,0.0126392348881825,6,7,0,1.0,Low Risk Regime
2020-07-06,141,11641,140,0.0120264582080577,0.0994759900352203,0.3869942444807147,26.2,0.4,18.2,1.0,161.57142857142858,149.83333333333334,0.0135727171205222,0.0126106004638776,0,7,0,1.0,Low Risk Regime
2020-07-07,146,11641,145,0.0124559745726312,0.0971566016665235,0.3861352117515677,24.1,1.9,21.9,1.0,160.14285714285714,150.96666666666667,0.0134990857437382,0.0127194112762362,1,7,0,1.0,Low Risk Regime
2020-07-08,146,11641,143,0.0122841680268018,0.0962975689373765,0.3890559230306675,25.2,1.1,20.2,1.0,159.28571428571428,151.43333333333334,0.0134131824708235,0.0127680897975546,2,7,0,1.0,Low Risk Regime
2020-07-09,182,11641,179,0.0153766858517309,0.0957821492998883,0.3902585688514732,25.5,0.0,20.6,0.0,155.85714285714286,153.0,0.0131432007559488,0.0129026715917876,3,7,1,1.0,Moderate Risk Regime
2020-07-10,166,11641,163,0.0140022334850957,0.0937204707499355,0.394296022678464,23.4,37.7,38.5,1.0,156.42857142857142,153.96666666666667,0.0132045602366021,0.0129885748647023,4,7,0,1.0,Low Risk Regime
2020-07-11,158,11641,155,0.0133150073017781,0.0940640838415943,0.3967872175929903,25.1,9.5,32.2,1.0,156.57142857142858,154.8,0.0132045602366021,0.0130544340406036,5,7,0,1.0,Low Risk Regime
2020-07-12,158,11641,156,0.0134009105746928,0.094149987114509,0.3989347994158577,25.9,0.0,21.4,0.0,156.71428571428572,154.86666666666667,0.0132659197172555,0.0130601609254645,6,7,1,1.0,Moderate Risk Regime
2020-07-13,157,11641,155,0.0133150073017781,0.0942358903874237,0.3991066059616871,25.9,1.2,17.9,1.0,159.0,154.73333333333332,0.0134499981592155,0.0130601609254645,0,7,0,1.0,Low Risk Regime
2020-07-14,178,11641,174,0.0149471694871574,0.0956103427540589,0.3987629928700283,24.6,0.1,15.0,1.0,163.57142857142858,156.5,0.013805883147005,0.01320905993185,1,7,0,1.0,Low Risk Regime
2020-07-15,163,11641,159,0.0136586203934369,0.0983592474873292,0.4033158663345073,23.1,0.7,18.5,1.0,166.0,157.66666666666666,0.0140022334850957,0.0132978266471952,2,7,0,1.0,Low Risk Regime
2020-07-16,168,11641,168,0.0144317498496692,0.0998196031268791,0.4063224808865218,22.1,0.0,22.5,0.0,164.0,158.56666666666666,0.0138672426276584,0.0133837299201099,3,7,1,1.0,Moderate Risk Regime
2020-07-17,161,11641,161,0.0138304269392663,0.0986169573060733,0.4086418692552186,24.2,4.4,16.1,1.0,163.28571428571428,159.2,0.013842698835397,0.0134467256535807,4,7,0,1.0,Low Risk Regime
2020-07-18,176,11641,171,0.0146894596684133,0.0981874409414998,0.4102740314405979,26.3,0.0,17.6,0.0,165.85714285714286,160.9,0.0140390491734877,0.0135898977751052,5,7,1,1.0,Moderate Risk Regime
2020-07-19,175,11641,171,0.0146894596684133,0.0997336998539644,0.4146550983592474,27.6,0.0,29.4,0.0,168.28571428571428,160.86666666666667,0.0142231276154478,0.0135784440053832,6,7,1,1.0,Moderate Risk Regime
2020-07-20,170,11641,168,0.0144317498496692,0.1011940554935143,0.4145691950863328,29.9,0.0,20.2,0.0,170.14285714285714,162.23333333333332,0.0143826622651465,0.0136929817026028,0,7,1,1.0,Moderate Risk Regime
2020-07-21,189,11641,189,0.0162357185808779,0.1023107980414053,0.4180912292758354,27.0,0.0,21.5,0.0,171.71428571428572,163.86666666666667,0.0145667407071066,0.0138390172665578,1,7,1,1.0,Moderate Risk Regime
2020-07-22,155,11641,153,0.0131432007559488,0.103255734043467,0.4223004896486556,27.5,3.4,21.4,1.0,170.57142857142858,163.36666666666667,0.0144931093303226,0.0138017925149614,2,7,0,1.0,Low Risk Regime
2020-07-23,189,11641,184,0.0158062022163044,0.1025685078601494,0.4210119405549351,26.0,8.5,18.9,1.0,173.57142857142858,164.03333333333333,0.0146894596684133,0.0138533344787103,3,7,0,1.0,Low Risk Regime
2020-07-24,179,11641,178,0.0152907825788162,0.1043724765913581,0.4227300060132291,24.2,22.1,19.2,1.0,176.14285714285714,164.36666666666667,0.0148980819026347,0.0138819689030152,4,7,0,1.0,Low Risk Regime
2020-07-25,171,11641,166,0.0142599433038398,0.1059187355038226,0.4235890387423761,25.7,0.0,15.0,0.0,175.42857142857142,165.36666666666667,0.0148367224219814,0.0139650087334994,5,7,1,1.0,Moderate Risk Regime
2020-07-26,161,11641,158,0.0135727171205222,0.1054892191392492,0.426166136929817,28.2,0.0,22.4,0.0,173.42857142857142,164.4,0.0146771877722826,0.0138905592303066,6,7,1,1.0,Moderate Risk Regime
2020-07-27,190,11641,188,0.0161498153079632,0.1042865733184434,0.4236749420152907,29.0,0.0,19.8,0.0,176.28571428571428,165.66666666666666,0.0149226256948961,0.0139965066002348,0,7,1,1.0,Moderate Risk Regime
2020-07-28,161,11641,159,0.0136586203934369,0.1060046387767374,0.4269392663860493,29.1,1.8,20.1,1.0,172.28571428571428,166.6,0.0145544688109759,0.014073819545858,1,7,0,1.0,Low Risk Regime
2020-07-29,185,11641,182,0.015634395670475,0.1035993471351258,0.4293445580276608,27.2,0.0,18.4,0.0,176.57142857142858,167.16666666666666,0.0149103537987654,0.0141196346247458,2,7,1,1.0,Moderate Risk Regime
2020-07-30,164,11641,163,0.0140022334850957,0.1061764453225667,0.4308049136672107,28.0,0.0,12.9,0.0,173.0,167.43333333333334,0.0146526439800213,0.0141539959339117,3,7,1,1.0,Moderate Risk Regime
2020-07-31,206,11641,201,0.0172665578558543,0.1040288634996993,0.4314921398505283,24.6,13.6,10.6,1.0,176.85714285714286,169.23333333333332,0.0149348975910267,0.0143000314978667,4,7,0,1.0,Low Risk Regime
2020-08-01,207,11641,198,0.0170088480371102,0.1063482518683961,0.436130916587922,25.3,0.0,20.5,0.0,182.0,169.26666666666668,0.0153275982672082,0.0142914411705752,5,8,1,1.0,Moderate Risk Regime
2020-08-02,165,11641,161,0.0138304269392663,0.1094407696933253,0.4362168198608367,26.5,4.4,20.5,1.0,182.57142857142856,169.36666666666667,0.0153644139556002,0.0143000314978667,6,8,0,1.0,Low Risk Regime
2020-08-03,206,11641,201,0.0172665578558543,0.1097843827849841,0.4364745296795808,27.2,2.3,20.8,1.0,184.8571428571429,171.0,0.015523948605299,0.0144317498496692,0,8,0,1.0,Low Risk Regime
2020-08-04,209,11641,196,0.0168370414912808,0.1111588351516192,0.440683790052401,24.6,21.1,60.4,1.0,191.71428571428572,172.73333333333332,0.0159780087621338,0.0145606047590413,1,8,0,1.0,Low Risk Regime
2020-08-05,208,11641,203,0.0174383644016837,0.1152821922515247,0.4451507602439652,25.8,0.0,19.5,0.0,195.0,174.96666666666667,0.0162357185808779,0.0147410016321621,2,8,1,1.0,Moderate Risk Regime
2020-08-06,196,11641,192,0.016493428399622,0.1172579675285628,0.45090627952925,22.4,2.6,13.8,1.0,199.57142857142856,176.63333333333333,0.0165916035686673,0.0148755834263952,3,8,0,1.0,Low Risk Regime
2020-08-07,174,11641,171,0.0146894596684133,0.1200068722618331,0.4552014431749849,23.8,2.7,13.9,1.0,195.0,177.56666666666666,0.0162234466847472,0.0149557598144489,4,8,0,1.0,Low Risk Regime
2020-08-08,150,11641,145,0.0124559745726312,0.1172579675285628,0.4576067348165965,23.5,13.1,13.5,1.0,186.8571428571429,176.5,0.0155730361898216,0.0148584027718122,5,8,0,1.0,Low Risk Regime
2020-08-09,149,11641,147,0.0126277811184606,0.112361480972425,0.4548578300833262,25.0,0.5,19.2,1.0,184.57142857142856,175.93333333333334,0.0154012296439922,0.0148125876929244,6,8,0,1.0,Low Risk Regime
2020-08-10,177,11641,171,0.0146894596684133,0.1109870286057898,0.4533974744437763,26.9,0.0,18.1,0.0,180.42857142857144,176.56666666666666,0.0150330727600721,0.0148584027718122,0,8,1,1.0,Moderate Risk Regime
2020-08-11,191,11641,188,0.0161498153079632,0.1084958336912636,0.4550296366291556,26.7,0.7,22.2,1.0,177.85714285714286,177.66666666666666,0.0149348975910267,0.0149500329295879,1,8,0,1.0,Low Risk Regime
2020-08-12,172,11641,168,0.0144317498496692,0.106949574778799,0.4578644446353406,26.9,7.6,11.6,1.0,172.71428571428572,178.16666666666666,0.0145053812264533,0.0149872576811843,2,8,0,1.0,Low Risk Regime
2020-08-13,159,11641,157,0.0134868138476075,0.1038570569538699,0.4591529937290611,24.5,5.4,13.4,1.0,167.42857142857142,177.53333333333333,0.0140758648618798,0.0149385791598659,3,8,0,1.0,Low Risk Regime
2020-08-14,184,11641,179,0.0153766858517309,0.1006786358560261,0.4575208315436818,25.6,0.2,18.3,1.0,168.85714285714286,178.23333333333332,0.0141740400309251,0.0149958480084757,4,8,0,1.0,Low Risk Regime
2020-08-15,176,11641,172,0.014775362941328,0.1015376685851731,0.4593248002748905,23.8,0.3,17.4,1.0,172.57142857142858,178.5,0.0145053812264533,0.0150073017781977,5,8,0,1.0,Low Risk Regime
2020-08-16,154,11641,148,0.0127136843913753,0.1037711536809552,0.460012026458208,20.3,13.4,26.1,1.0,173.28571428571428,178.26666666666668,0.0145176531225839,0.0149700770266013,6,8,0,1.0,Low Risk Regime
2020-08-17,169,11641,165,0.0141740400309251,0.1042006700455287,0.4594107035478051,21.0,6.0,23.3,1.0,172.14285714285714,178.03333333333333,0.0144440217457999,0.0149528963720184,0,8,0,1.0,Low Risk Regime
2020-08-18,175,11641,171,0.0146894596684133,0.1035134438622111,0.4588093806374023,23.4,0.0,13.1,0.0,169.85714285714286,178.03333333333333,0.0142353995115785,0.0149528963720184,1,8,1,1.0,Moderate Risk Regime
2020-08-19,170,11641,167,0.0143458465767545,0.1021389914955759,0.4588093806374023,21.3,5.5,11.5,1.0,169.57142857142858,178.03333333333333,0.0142231276154478,0.0149500329295879,2,8,0,1.0,Low Risk Regime
2020-08-20,182,11641,180,0.0154625891246456,0.1019671849497465,0.4588093806374023,21.1,0.0,13.5,0.0,172.85714285714286,177.8,0.0145053812264533,0.0149242619477135,3,8,1,1.0,Moderate Risk Regime
2020-08-21,202,11641,198,0.0170088480371102,0.1039429602267846,0.4582080577269994,23.4,0.0,19.4,0.0,175.42857142857142,179.36666666666667,0.014738547252936,0.0150531168570855,4,8,1,1.0,Moderate Risk Regime
2020-08-22,180,11641,175,0.0150330727600721,0.1054892191392492,0.4622455115539902,25.3,2.6,16.7,1.0,176.0,179.06666666666666,0.014775362941328,0.0150273458752111,5,8,0,1.0,Low Risk Regime
2020-08-23,179,11641,176,0.0151189760329868,0.105832832230908,0.4614723820977579,24.5,0.0,16.3,0.0,179.57142857142858,179.06666666666666,0.0151189760329868,0.0150216189903502,6,8,1,1.0,Moderate Risk Regime
2020-08-24,179,11641,178,0.0152907825788162,0.1079804140537754,0.4614723820977579,26.0,0.1,15.6,1.0,181.0,179.33333333333334,0.0152785106826855,0.015055980299516,0,8,0,1.0,Low Risk Regime
2020-08-25,161,11641,160,0.0137445236663516,0.1088394467829224,0.4621596082810755,26.6,0.3,29.1,1.0,179.0,179.33333333333334,0.0151435198252481,0.015061707184377,1,8,0,1.0,Low Risk Regime
2020-08-26,174,11641,170,0.0146035563954986,0.1076368009621166,0.4621596082810755,22.5,0.0,24.1,0.0,179.57142857142858,178.8,0.0151803355136402,0.0150101652206282,2,8,1,1.0,Moderate Risk Regime
2020-08-27,178,11641,175,0.0150330727600721,0.1079804140537754,0.4607851559144403,25.2,1.5,28.3,1.0,179.0,179.36666666666667,0.0151189760329868,0.015055980299516,3,8,0,1.0,Low Risk Regime
2020-08-28,175,11641,171,0.0146894596684133,0.1076368009621166,0.4622455115539902,24.7,0.6,25.4,1.0,175.14285714285714,179.03333333333333,0.0147876348374587,0.0150244824327806,4,8,0,1.0,Low Risk Regime
2020-08-29,160,11641,157,0.0134868138476075,0.1053174125934198,0.4613864788248432,23.9,21.0,21.3,1.0,172.28571428571428,178.9,0.0145667407071066,0.0150073017781977,5,8,0,1.0,Low Risk Regime
2020-08-30,173,11641,168,0.0144317498496692,0.1035993471351258,0.4610428657331844,21.8,0.1,25.6,1.0,171.42857142857142,177.8,0.0144685655380612,0.0149128081779915,6,8,0,1.0,Low Risk Regime
2020-08-31,188,11641,182,0.015634395670475,0.1030839274976376,0.4582080577269994,20.0,0.0,14.5,0.0,172.71428571428572,177.16666666666666,0.0145176531225839,0.0148669930991037,0,8,1,1.0,Moderate Risk Regime
2020-09-01,195,11641,193,0.0165793316725367,0.1038570569538699,0.4565758955416201,22.1,0.2,18.8,1.0,177.57142857142858,178.16666666666666,0.0149226256948961,0.0149586232568794,1,9,0,1.0,Low Risk Regime
2020-09-02,168,11641,163,0.0140022334850957,0.1067777682329696,0.4591529937290611,22.9,10.4,16.3,1.0,176.71428571428572,176.9,0.0148367224219814,0.0148498124445208,2,9,0,1.0,Low Risk Regime
2020-09-03,213,11641,211,0.0181255905850012,0.1062623485954814,0.4558886693583026,25.0,22.9,24.0,1.0,181.71428571428572,177.03333333333333,0.0152785106826855,0.0148927640809781,3,9,0,1.0,Low Risk Regime
2020-09-04,216,11641,211,0.0181255905850012,0.1092689631474959,0.4562322824499613,24.2,0.0,16.5,0.0,187.57142857142856,177.3,0.0157693865279124,0.014915671620422,4,9,1,1.0,Moderate Risk Regime
2020-09-05,195,11641,192,0.016493428399622,0.1127909973369985,0.4569195086332789,21.0,0.0,18.9,0.0,192.57142857142856,177.26666666666668,0.0161989028924859,0.014915671620422,5,9,1,1.0,Moderate Risk Regime
2020-09-06,180,11641,173,0.0148612662142427,0.1157976118890129,0.4568336053603642,21.6,0.0,20.3,0.0,193.57142857142856,177.46666666666667,0.0162602623731392,0.014921398505283,6,9,1,1.0,Moderate Risk Regime
2020-09-07,168,11641,164,0.0140881367580104,0.1163989347994158,0.4573490249978524,21.3,0.0,25.3,0.0,190.71428571428572,178.06666666666666,0.0160393682427871,0.0149758039114623,0,9,1,1.0,Moderate Risk Regime
2020-09-08,214,11641,210,0.0180396873120865,0.1146808693411219,0.458895283910317,21.9,0.0,16.9,0.0,193.42857142857144,180.23333333333332,0.0162479904770086,0.0151562007845832,1,9,1,1.0,Moderate Risk Regime
2020-09-09,167,11641,167,0.0143458465767545,0.1163130315265011,0.4644789966497724,22.6,0.6,12.1,1.0,193.28571428571428,179.9,0.0162970780615312,0.0151447470148612,2,9,0,1.0,Low Risk Regime
2020-09-10,198,11641,192,0.016493428399622,0.1162271282535864,0.4636199639206254,24.2,17.2,14.5,1.0,191.1428571428571,180.13333333333333,0.0160639120350485,0.0151562007845832,3,9,0,1.0,Low Risk Regime
2020-09-11,207,11641,198,0.0170088480371102,0.114938579159866,0.4642212868310282,22.0,0.7,21.3,1.0,189.8571428571429,181.3,0.0159043773853498,0.0152421040574979,4,9,0,1.0,Low Risk Regime
2020-09-12,165,11641,161,0.0138304269392663,0.1141654497036337,0.4672279013830427,18.2,0.0,18.6,0.0,185.57142857142856,181.5,0.015523948605299,0.0152535578272198,5,9,1,1.0,Moderate Risk Regime
2020-09-13,119,11641,118,0.0101365862039343,0.1115883515161927,0.4677433210205309,20.3,1.5,21.3,1.0,176.85714285714286,179.33333333333334,0.014848994318112,0.0150788878389599,6,9,0,1.0,Low Risk Regime
2020-09-14,151,11641,150,0.0128854909372047,0.1063482518683961,0.4621596082810755,20.9,0.0,22.2,0.0,174.42857142857142,178.5,0.0146771877722826,0.0150158921054892,0,9,1,1.0,Moderate Risk Regime
2020-09-15,196,11641,191,0.0164075251267073,0.1048878962288463,0.460012026458208,15.2,0.0,18.6,0.0,171.85714285714286,179.9,0.0144440217457999,0.0151390201300002,1,9,1,1.0,Moderate Risk Regime
2020-09-16,166,11641,164,0.0140881367580104,0.1033416373163817,0.4636199639206254,17.2,0.0,22.2,0.0,171.71428571428572,179.8,0.0144072060574079,0.0151361566875697,2,9,1,1.0,Moderate Risk Regime
2020-09-17,168,11641,163,0.0140022334850957,0.103255734043467,0.4633622541018812,19.3,0.0,14.7,0.0,167.42857142857142,179.56666666666666,0.0140513210696184,0.0151132491481258,3,9,1,1.0,Moderate Risk Regime
2020-09-18,200,11641,196,0.0168370414912808,0.1006786358560261,0.4627609311914784,17.4,0.0,25.6,0.0,166.42857142857142,180.56666666666663,0.0140267772773571,0.01519628897861,4,9,1,1.0,Moderate Risk Regime
2020-09-19,190,11641,185,0.0158921054892191,0.1000773129456232,0.4653380293789193,13.1,0.0,28.6,0.0,170.0,180.83333333333337,0.0143213027844932,0.0152106061907625,5,9,1,1.0,Moderate Risk Regime
2020-09-20,159,11641,151,0.0129713942101194,0.1022248947684906,0.4660252555622369,12.8,0.0,20.0,0.0,175.71428571428572,179.4,0.0147262753568053,0.0150760243965295,6,9,1,1.0,Moderate Risk Regime
2020-09-21,178,11641,173,0.0148612662142427,0.1056610256850786,0.4623314148269049,13.0,0.0,17.3,0.0,179.57142857142858,179.33333333333334,0.0150085289678108,0.0150702975116685,0,9,1,1.0,Moderate Risk Regime
2020-09-22,175,11641,171,0.0146894596684133,0.1079804140537754,0.4621596082810755,15.0,0.0,20.6,0.0,176.57142857142858,179.2,0.0147630910451973,0.015055980299516,1,9,1,1.0,Moderate Risk Regime
2020-09-23,218,11641,211,0.0181255905850012,0.1061764453225667,0.4618159951894167,18.6,0.0,24.2,0.0,184.0,180.5,0.0153398701633389,0.0151504738997222,2,9,1,1.0,Moderate Risk Regime
2020-09-24,185,11641,185,0.0158921054892191,0.1106434155141311,0.4651662228330899,18.7,0.0,16.1,0.0,186.42857142857144,181.3,0.0156098518782137,0.0152220599604844,3,9,1,1.0,Moderate Risk Regime
2020-09-25,196,11641,194,0.0166652349454514,0.1121037711536809,0.4672279013830427,18.7,0.0,13.6,0.0,185.8571428571429,182.03333333333333,0.0155853080859523,0.0152907825788162,4,9,1,1.0,Moderate Risk Regime
2020-09-26,177,11641,170,0.0146035563954986,0.1117601580620221,0.469117773387166,19.0,1.3,18.1,1.0,184.0,182.0,0.0154012296439922,0.0152764653666638,5,9,0,1.0,Low Risk Regime
2020-09-27,188,11641,182,0.015634395670475,0.1106434155141311,0.4690318701142513,21.1,0.3,17.8,1.0,188.1428571428571,182.43333333333337,0.0157816584240431,0.0153079632333991,6,9,0,1.0,Low Risk Regime
2020-09-28,139,11641,138,0.0118546516622283,0.1131346104286573,0.4701486126621424,21.4,1.6,21.9,1.0,182.57142857142856,181.73333333333332,0.0153521420594696,0.0152535578272198,0,9,0,1.0,Low Risk Regime
2020-09-29,185,11641,179,0.0153766858517309,0.1097843827849841,0.4683446439309338,20.8,12.3,23.0,1.0,184.0,182.13333333333333,0.0154503172285149,0.0152850556939552,1,9,0,1.0,Low Risk Regime
2020-09-30,190,11641,185,0.0158921054892191,0.1106434155141311,0.4693754832059101,19.0,29.2,29.9,1.0,180.0,182.2,0.0151312479291175,0.0152936460212467,2,9,0,1.0,Low Risk Regime
2020-10-01,189,11641,186,0.0159780087621338,0.1082381238725195,0.4695472897517395,18.0,0.0,17.8,0.0,180.57142857142856,182.0,0.0151435198252481,0.0152736019242333,3,10,1,1.0,Moderate Risk Regime
2020-10-02,199,11641,196,0.0168370414912808,0.1085817369641783,0.4690318701142513,15.2,4.3,16.9,1.0,181.0,183.03333333333333,0.0151680636175095,0.0153680955244394,4,10,0,1.0,Low Risk Regime
2020-10-03,177,11641,172,0.014775362941328,0.1088394467829224,0.471694871574607,13.9,0.0,12.7,0.0,181.0,181.83333333333337,0.0151926074097708,0.0152564212696503,5,10,1,1.0,Moderate Risk Regime
2020-10-04,145,11641,142,0.0121982647538871,0.1088394467829224,0.4686023537496778,14.2,0.5,13.1,1.0,174.85714285714286,179.46666666666667,0.014701731564544,0.0150588437419465,6,10,0,1.0,Low Risk Regime
2020-10-05,176,11641,170,0.0146035563954986,0.1051456060475904,0.4625032213727343,15.3,0.0,13.5,0.0,180.14285714285714,178.83333333333334,0.0150944322407255,0.0149958480084757,0,10,1,1.0,Moderate Risk Regime
2020-10-06,198,11641,193,0.0165793316725367,0.1083240271454342,0.460871059187355,16.3,0.2,18.4,1.0,182.0,179.43333333333334,0.0152662387865549,0.0150531168570855,1,10,0,1.0,Low Risk Regime
2020-10-07,176,11641,174,0.0149471694871574,0.1094407696933253,0.4624173180998196,18.0,0.2,30.6,1.0,180.0,179.7,0.0151312479291175,0.0150817512813904,2,10,0,1.0,Low Risk Regime
2020-10-08,172,11641,167,0.0143458465767545,0.1082381238725195,0.4631045442831372,14.4,0.0,29.1,0.0,177.57142857142858,178.3,0.0148980819026347,0.0149586232568794,3,10,1,1.0,Moderate Risk Regime
2020-10-09,190,11641,184,0.0158062022163044,0.1067777682329696,0.4594966068207198,14.3,0.0,20.7,0.0,176.28571428571428,179.06666666666666,0.0147508191490667,0.0150073017781977,4,10,1,1.0,Moderate Risk Regime
2020-10-10,143,11641,137,0.0117687483893136,0.1060046387767374,0.4614723820977579,18.3,0.0,25.0,0.0,171.42857142857142,177.23333333333332,0.0143213027844932,0.0148498124445208,5,10,1,1.0,Moderate Risk Regime
2020-10-11,132,11641,128,0.0109956189330813,0.1030839274976376,0.4567477020874495,17.4,0.6,22.0,1.0,169.57142857142858,174.73333333333332,0.0141494962386638,0.0146493714743865,6,10,0,1.0,Low Risk Regime
2020-10-12,183,11641,179,0.0153766858517309,0.1019671849497465,0.4503049566188472,12.5,23.7,26.7,1.0,170.57142857142858,175.33333333333334,0.0142599433038398,0.0147009134381353,0,10,0,1.0,Low Risk Regime
2020-10-13,173,11641,170,0.0146035563954986,0.1025685078601494,0.4518512155313117,14.0,10.5,27.4,1.0,167.0,177.13333333333333,0.0139776896928344,0.0148498124445208,1,10,0,1.0,Low Risk Regime
2020-10-14,186,11641,183,0.0157202989433897,0.100420926037282,0.4564899922687054,14.5,0.0,17.3,0.0,168.42857142857142,178.3,0.0140881367580104,0.0149443060447269,2,10,1,1.0,Moderate Risk Regime
2020-10-15,187,11641,185,0.0158921054892191,0.101279958766429,0.4594966068207198,16.4,0.0,27.3,0.0,170.57142857142858,178.0,0.0143090308883625,0.014927125390144,3,10,1,1.0,Moderate Risk Regime
2020-10-16,184,11641,183,0.0157202989433897,0.1025685078601494,0.4587234773644876,14.1,23.8,23.7,1.0,169.71428571428572,178.6,0.0142967589922318,0.0149815307963233,4,10,0,1.0,Low Risk Regime
2020-10-17,195,11641,189,0.0162357185808779,0.1020530882226612,0.4602697362769521,11.0,3.8,18.1,1.0,177.14285714285714,179.5,0.0149348975910267,0.015055980299516,5,10,0,1.0,Low Risk Regime
2020-10-18,155,11641,151,0.0129713942101194,0.1065200584142255,0.462589124645649,12.2,0.0,24.6,0.0,180.42857142857144,178.0,0.0152171512020322,0.014927125390144,6,10,1,1.0,Moderate Risk Regime
2020-10-19,155,11641,152,0.0130572974830341,0.1084958336912636,0.4587234773644876,14.4,0.0,17.3,0.0,176.42857142857142,176.83333333333334,0.0148858100065041,0.0148326317899378,0,10,1,1.0,Moderate Risk Regime
2020-10-20,202,11641,198,0.0170088480371102,0.1060905420496521,0.4557168628124731,16.6,0.0,11.3,0.0,180.57142857142856,178.26666666666668,0.0152294230981628,0.0149672135841708,1,10,1,1.0,Moderate Risk Regime
2020-10-21,189,11641,188,0.0161498153079632,0.1085817369641783,0.4594107035478051,16.9,0.3,13.3,1.0,181.0,178.63333333333333,0.0152907825788162,0.0150101652206282,2,10,0,1.0,Low Risk Regime
2020-10-22,133,11641,132,0.0113392320247401,0.1088394467829224,0.4603556395498668,18.4,0.0,10.5,0.0,173.28571428571428,177.23333333333332,0.0146403720838906,0.0148984909658391,3,10,1,1.0,Moderate Risk Regime
2020-10-23,185,11641,184,0.0158062022163044,0.1042006700455287,0.4567477020874495,17.7,0.3,14.6,1.0,173.42857142857142,176.13333333333333,0.0146526439800213,0.0148211780202159,4,10,0,1.0,Low Risk Regime
2020-10-24,194,11641,190,0.0163216218537926,0.1042865733184434,0.4539128940812645,16.6,0.4,21.5,1.0,173.28571428571428,176.43333333333334,0.014664915876152,0.0148354952323683,5,10,0,1.0,Low Risk Regime
2020-10-25,156,11641,154,0.0132291040288635,0.1042006700455287,0.4546860235374967,9.3,1.1,18.0,1.0,173.42857142857142,175.1,0.014701731564544,0.0147209575351487,6,10,0,1.0,Low Risk Regime
2020-10-26,169,11641,166,0.0142599433038398,0.1042865733184434,0.4512498926209088,13.7,1.7,21.3,1.0,175.42857142857142,174.83333333333334,0.0148735381103734,0.0147095037654267,0,10,0,1.0,Low Risk Regime
2020-10-27,159,11641,154,0.0132291040288635,0.1054892191392492,0.4505626664375913,14.1,0.8,14.8,1.0,169.28571428571428,173.86666666666667,0.0143335746806239,0.014629327377373,1,10,0,1.0,Low Risk Regime
2020-10-28,189,11641,189,0.0162357185808779,0.1017953784039171,0.448071471523065,13.2,2.9,13.0,1.0,169.28571428571428,175.53333333333333,0.0143458465767545,0.014775362941328,2,10,0,1.0,Low Risk Regime
2020-10-29,191,11641,185,0.0158921054892191,0.1017953784039171,0.4523666351687999,10.9,37.6,32.4,1.0,177.57142857142858,175.73333333333332,0.0149962570716801,0.014792543595911,3,10,0,1.0,Low Risk Regime
2020-10-30,250,11641,240,0.0206167854995275,0.1067777682329696,0.4528820548062881,5.6,18.6,33.3,1.0,186.8571428571429,177.73333333333332,0.0156834832549977,0.0149500329295879,4,10,0,1.0,Low Risk Regime
2020-10-31,185,11641,180,0.0154625891246456,0.112361480972425,0.45803625118117,4.3,0.0,16.5,0.0,185.57142857142856,177.6,0.015560764293691,0.014932852275005,5,10,1,1.0,Moderate Risk Regime
2020-11-01,164,11641,158,0.0135727171205222,0.1115883515161927,0.4576926380895112,9.4,7.9,30.7,1.0,186.71428571428572,176.43333333333334,0.0156098518782137,0.0148240414626463,6,11,0,1.0,Low Risk Regime
2020-11-02,187,11641,184,0.0158062022163044,0.1122755776995103,0.4546860235374967,5.0,0.5,42.5,1.0,189.28571428571428,176.76666666666668,0.0158307460085657,0.0148584027718122,0,11,0,1.0,Low Risk Regime
2020-11-03,148,11641,145,0.0124559745726312,0.1138218366119749,0.4555450562666437,7.9,0.0,27.4,0.0,187.71428571428572,176.86666666666667,0.0157202989433897,0.0148669930991037,1,11,1,1.0,Moderate Risk Regime
2020-11-04,174,11641,170,0.0146035563954986,0.1128769006099132,0.4558027660853878,9.7,0.0,18.9,0.0,185.57142857142856,176.8,0.0154871329169069,0.0148669930991037,2,11,1,1.0,Moderate Risk Regime
2020-11-05,213,11641,210,0.0180396873120865,0.1115883515161927,0.4556309595395584,12.3,0.0,19.8,0.0,188.71428571428572,177.3,0.0157939303201737,0.014915671620422,3,11,1,1.0,Moderate Risk Regime
2020-11-06,221,11641,218,0.0187269134954041,0.1134782235203161,0.4569195086332789,13.9,0.0,15.8,0.0,184.57142857142856,178.8,0.015523948605299,0.0150416630873636,4,11,1,1.0,Moderate Risk Regime
2020-11-07,193,11641,187,0.0160639120350485,0.1109870286057898,0.4607851559144403,14.3,0.0,10.6,0.0,185.71428571428572,179.5,0.0156098518782137,0.0150989319359734,5,11,1,1.0,Moderate Risk Regime
2020-11-08,191,11641,184,0.0158062022163044,0.1116742547891074,0.462589124645649,13.6,0.0,11.0,0.0,189.57142857142856,179.53333333333333,0.0159289211776111,0.0150989319359734,6,11,1,1.0,Moderate Risk Regime
2020-11-09,184,11641,179,0.0153766858517309,0.1139936431578043,0.4626750279185637,13.4,0.0,10.6,0.0,189.1428571428571,180.9,0.0158675616969578,0.015219196518054,0,11,1,1.0,Moderate Risk Regime
2020-11-10,189,11641,183,0.0157202989433897,0.1137359333390602,0.4661970621080663,15.7,0.0,14.6,0.0,195.0,182.8,0.0163338937499233,0.0153766858517309,1,11,1,1.0,Moderate Risk Regime
2020-11-11,192,11641,187,0.0160639120350485,0.1172579675285628,0.4710935486642041,18.0,14.6,19.7,1.0,197.57142857142856,183.1,0.0165425159841447,0.0153995933911748,2,11,0,1.0,Low Risk Regime
2020-11-12,197,11641,189,0.0162357185808779,0.1188042264410274,0.4718666781204363,13.3,11.0,23.8,1.0,195.28571428571428,183.9,0.0162848061654006,0.0154539987973541,3,11,0,1.0,Low Risk Regime
2020-11-13,209,11641,202,0.017352461128769,0.1174297740743922,0.4739283566703891,8.9,3.6,16.3,1.0,193.57142857142856,184.66666666666663,0.0160884558273098,0.0155084042035334,4,11,0,1.0,Low Risk Regime
2020-11-14,168,11641,163,0.0140022334850957,0.1163989347994158,0.4759041319474272,7.5,0.0,19.0,0.0,190.0,184.03333333333333,0.0157939303201737,0.0154454084700627,5,11,1,1.0,Moderate Risk Regime
2020-11-15,148,11641,142,0.0121982647538871,0.1142513529765484,0.4742719697620479,9.8,6.0,47.0,1.0,183.8571428571429,182.83333333333337,0.0152785106826855,0.0153280073304126,6,11,0,1.0,Low Risk Regime
2020-11-16,179,11641,175,0.0150330727600721,0.1105575122412163,0.4711794519371188,8.9,0.1,25.9,1.0,183.1428571428571,182.3,0.0152294230981628,0.0152879191363857,0,11,0,1.0,Low Risk Regime
2020-11-17,156,11641,154,0.0132291040288635,0.1101279958766429,0.4698049995704836,5.2,1.3,23.2,1.0,178.42857142857142,182.33333333333337,0.0148735381103734,0.0152965094636772,1,11,0,1.0,Low Risk Regime
2020-11-18,170,11641,166,0.0142599433038398,0.1072931878704578,0.4698909028433983,0.8,0.0,26.3,0.0,175.28571428571428,182.83333333333337,0.0146158282916293,0.015336597657704,2,11,1,1.0,Moderate Risk Regime
2020-11-19,169,11641,163,0.0140022334850957,0.1054033158663345,0.4711794519371188,2.6,0.0,22.4,0.0,171.28571428571428,181.73333333333332,0.0142967589922318,0.0152363771726369,3,11,1,1.0,Moderate Risk Regime
2020-11-20,216,11641,209,0.0179537840391718,0.1029980242247229,0.4683446439309338,9.3,0.0,19.9,0.0,172.28571428571428,182.63333333333333,0.0143826622651465,0.0152965094636772,4,11,1,1.0,Moderate Risk Regime
2020-11-21,181,11641,176,0.0151189760329868,0.1035993471351258,0.4706640322996306,11.0,0.0,17.3,0.0,174.14285714285714,184.23333333333332,0.0145421969148453,0.0154225009306187,5,11,1,1.0,Moderate Risk Regime
2020-11-22,115,11641,113,0.0097070698393608,0.1047160896830169,0.4747873893995361,8.3,0.1,25.8,1.0,169.42857142857142,181.9,0.0141863119270558,0.015219196518054,6,11,0,1.0,Low Risk Regime
2020-11-23,178,11641,174,0.0149471694871574,0.1018812816768318,0.4687741602955073,10.3,15.9,31.5,1.0,169.28571428571428,181.36666666666667,0.0141740400309251,0.0151733814391661,0,11,0,1.0,Low Risk Regime
2020-11-24,201,11641,197,0.0169229447641955,0.1017953784039171,0.4673997079288721,5.4,0.0,18.6,0.0,175.71428571428572,182.86666666666667,0.014701731564544,0.0152965094636772,1,11,1,1.0,Moderate Risk Regime
2020-11-25,147,11641,146,0.0125418778455459,0.1056610256850786,0.4712653552100335,8.0,0.4,18.0,1.0,172.42857142857142,182.13333333333333,0.0144562936419306,0.0152392406150674,2,11,0,1.0,Low Risk Regime
2020-11-26,109,11641,107,0.0091916502018726,0.1036852504080405,0.4693754832059101,13.0,12.7,19.6,1.0,163.85714285714286,180.46666666666667,0.013769067458613,0.0151046588208344,3,11,0,1.0,Low Risk Regime
2020-11-27,151,11641,145,0.0124559745726312,0.0985310540331586,0.4650803195601752,10.5,0.0,14.4,0.0,154.57142857142858,179.2,0.01298366610625,0.0149786673538928,4,11,1,1.0,Moderate Risk Regime
2020-11-28,139,11641,137,0.0117687483893136,0.0929473412937032,0.4618159951894167,8.6,0.0,18.3,0.0,148.57142857142858,177.46666666666667,0.0125050621571539,0.0148412221172293,5,11,1,1.0,Moderate Risk Regime
2020-11-29,134,11641,133,0.0114251352976548,0.0893394038312859,0.4573490249978524,6.0,0.0,12.8,0.0,151.28571428571428,173.6,0.0127505000797673,0.0145348337771669,6,11,1,1.0,Moderate Risk Regime
2020-11-30,157,11641,149,0.01279958766429,0.0909715660166652,0.4473842453397474,12.3,35.8,51.9,1.0,148.28571428571428,172.66666666666666,0.0124437026765005,0.0144460670618217,0,11,0,1.0,Low Risk Regime
2020-12-01,145,11641,143,0.0122841680268018,0.0891675972854565,0.4449789536981359,9.4,0.9,29.6,1.0,140.28571428571428,172.03333333333333,0.0117810202854443,0.0144031154253643,1,12,0,1.0,Low Risk Regime
2020-12-02,144,11641,138,0.0118546516622283,0.0843570140022334,0.4433467915127566,3.9,0.0,31.4,0.0,139.85714285714286,170.6,0.0116828451163989,0.0142713970735618,2,12,1,1.0,Moderate Risk Regime
2020-12-03,145,11641,142,0.0121982647538871,0.0840993041834893,0.4396529507774246,4.7,0.1,20.0,1.0,145.0,170.5,0.0121123614809724,0.0142628067462703,3,12,0,1.0,Low Risk Regime
2020-12-04,217,11641,215,0.01846920367666,0.0871918220084185,0.4393952409586805,7.2,3.9,21.1,1.0,154.42857142857142,171.93333333333334,0.0129713942101194,0.0143916616556424,4,12,0,1.0,Low Risk Regime
2020-12-05,157,11641,154,0.0132291040288635,0.0928614380207886,0.4430890816940125,5.9,22.4,34.4,1.0,157.0,170.06666666666666,0.0131800164443408,0.0142313088795349,5,12,0,1.0,Low Risk Regime
2020-12-06,117,11641,116,0.0099647796581049,0.0944076969332531,0.4382784984107895,2.5,0.0,31.0,0.0,154.57142857142858,166.6,0.0129713942101194,0.013939237751625,6,12,1,1.0,Moderate Risk Regime
2020-12-07,169,11641,167,0.0143458465767545,0.0929473412937032,0.4293445580276608,0.9,0.0,15.7,0.0,156.28571428571428,165.8,0.0131922883404714,0.0138819689030152,0,12,1,1.0,Moderate Risk Regime
2020-12-08,165,11641,158,0.0135727171205222,0.0939781805686796,0.4272828794777081,0.5,0.0,22.6,0.0,159.14285714285714,164.93333333333334,0.0133763667824315,0.0138075193998224,1,12,1,1.0,Moderate Risk Regime
2020-12-09,147,11641,144,0.0123700712997165,0.0956962460269736,0.4250493943819259,0.9,0.5,21.1,1.0,159.57142857142858,163.7,0.0134499981592155,0.0137072989147553,2,12,0,1.0,Low Risk Regime
2020-12-10,183,11641,179,0.0153766858517309,0.0959539558457177,0.4218709732840821,4.3,0.0,20.1,0.0,165.0,163.5,0.0139040583160504,0.0136958451450333,3,12,1,1.0,Moderate Risk Regime
2020-12-11,203,11641,198,0.0170088480371102,0.0992182802164762,0.4213555536465939,4.6,0.0,13.1,0.0,163.0,163.86666666666667,0.013695436081829,0.0137273430117687,4,12,1,1.0,Moderate Risk Regime
2020-12-12,174,11641,171,0.0146894596684133,0.0980156343956704,0.4223004896486556,8.0,0.8,13.0,1.0,165.42857142857142,163.1,0.0139040583160504,0.0136758010480199,5,12,0,1.0,Low Risk Regime
2020-12-13,154,11641,152,0.0130572974830341,0.0994759900352203,0.4203247143716175,9.8,0.1,20.6,1.0,170.71428571428572,161.26666666666668,0.0143458465767545,0.0135326289264954,6,12,0,1.0,Low Risk Regime
2020-12-14,146,11641,144,0.0123700712997165,0.1026544111330641,0.4156000343613091,3.4,6.7,19.9,1.0,167.42857142857142,160.53333333333333,0.0140635929657491,0.0134782235203161,0,12,0,1.0,Low Risk Regime
2020-12-15,190,11641,187,0.0160639120350485,0.1006786358560261,0.4137101623571858,0.9,0.0,19.0,0.0,171.0,161.93333333333334,0.0144194779535386,0.0136070784296881,1,12,1,1.0,Moderate Risk Regime
2020-12-16,181,11641,175,0.0150330727600721,0.1028262176788935,0.4173180998196031,-1.8,12.3,33.8,1.0,175.85714285714286,162.0,0.0147999067335894,0.0136070784296881,2,12,0,1.0,Low Risk Regime
2020-12-17,123,11641,121,0.0103942960226784,0.1057469289579933,0.4174899063654325,-2.4,17.9,43.2,1.0,167.28571428571428,160.9,0.0140881367580104,0.013512584829482,3,12,0,1.0,Low Risk Regime
2020-12-18,136,11641,134,0.0115110385705695,0.1005927325831114,0.4146550983592474,-4.8,0.0,17.9,0.0,157.71428571428572,159.76666666666668,0.0133027354056475,0.0134209546717063,4,12,1,1.0,Moderate Risk Regime
2020-12-19,145,11641,142,0.0121982647538871,0.0948372132978266,0.4117343870801477,-6.2,0.0,14.5,0.0,153.57142857142858,158.96666666666667,0.012946850417858,0.013360822380666,5,12,1,1.0,Moderate Risk Regime
2020-12-20,110,11641,109,0.009363456747702,0.0923460183833004,0.409672708530195,-1.0,0.8,9.4,1.0,147.28571428571428,155.43333333333334,0.0124191588842392,0.013074478137617,6,12,0,1.0,Low Risk Regime
2020-12-21,163,11641,161,0.0138304269392663,0.0885662743750536,0.400566961601237,1.1,0.0,12.4,0.0,149.71428571428572,154.83333333333334,0.0126277811184606,0.0130315265011596,0,12,1,1.0,Moderate Risk Regime
2020-12-22,199,11641,196,0.0168370414912808,0.0900266300146035,0.3990207026887724,2.1,0.0,21.3,0.0,151.0,157.63333333333333,0.0127382281836366,0.0132691922228903,1,12,1,1.0,Moderate Risk Regime
2020-12-23,202,11641,202,0.017352461128769,0.0907997594708358,0.4062365776136071,1.3,0.0,14.8,0.0,154.0,158.43333333333334,0.0130695693791647,0.013349368610944,2,12,1,1.0,Moderate Risk Regime
2020-12-24,160,11641,158,0.0135727171205222,0.0926037282020445,0.4082982561635598,10.4,4.9,45.7,1.0,159.28571428571428,157.06666666666666,0.0135236295359996,0.0132376943561549,3,12,0,1.0,Low Risk Regime
2020-12-25,91,11641,91,0.0078171978352375,0.0957821492998883,0.4047762219740572,9.3,35.8,57.5,1.0,152.85714285714286,155.2,0.0129959380023807,0.013080205022478,4,12,0,1.0,Low Risk Regime
2020-12-26,133,11641,131,0.0112533287518254,0.0919165020187269,0.3999656386908341,-2.7,0.0,27.1,0.0,151.14285714285714,156.0,0.0128609471449433,0.0131489276408097,5,12,1,1.0,Moderate Risk Regime
2020-12-27,101,11641,101,0.0086762305643845,0.0908856627437505,0.4020273172407869,-1.5,0.0,16.9,0.0,149.85714285714286,154.33333333333334,0.0127627719758979,0.0130229361738682,6,12,1,1.0,Moderate Risk Regime
2020-12-28,115,11641,114,0.0097929731122755,0.0901125332875182,0.397732153595052,4.5,0.0,18.8,0.0,143.0,153.53333333333333,0.0121859928577564,0.0129570769979669,0,12,1,1.0,Moderate Risk Regime
2020-12-29,142,11641,140,0.0120264582080577,0.0859891761876127,0.3956704750450992,1.4,0.0,27.8,0.0,134.85714285714286,153.8,0.0114987666744388,0.0129771210949803,1,12,1,1.0,Moderate Risk Regime
2020-12-30,125,11641,123,0.0105661025685078,0.0810926896314749,0.3963577012284168,0.4,0.0,21.9,0.0,123.85714285714286,152.73333333333332,0.0105292868801158,0.0129026715917876,2,12,1,1.0,Moderate Risk Regime
2020-12-31,167,11641,164,0.0140881367580104,0.0744781376170432,0.3936087964951464,5.9,9.7,29.8,1.0,124.85714285714286,153.46666666666667,0.0106029182568998,0.0129628038828279,3,12,0,1.0,Low Risk Regime
2021-01-01,146,11641,143,0.0122841680268018,0.0750794605274461,0.3954986684992698,1.0,8.1,17.1,1.0,132.71428571428572,153.53333333333333,0.0112410568556947,0.0129771210949803,4,1,0,1.0,Low Risk Regime
2021-01-02,132,11641,130,0.0111674254789107,0.0798041405377544,0.3956704750450992,5.5,4.1,31.2,1.0,132.57142857142858,153.1,0.0112287849595641,0.0129427597858145,5,1,0,1.0,Low Risk Regime
2021-01-03,129,11641,127,0.0109097156601666,0.0797182372648397,0.3945537324972081,1.6,6.5,24.5,1.0,136.57142857142858,150.16666666666666,0.0115478542589615,0.0126907768519313,6,1,0,1.0,Low Risk Regime
2021-01-04,136,11641,134,0.0115110385705695,0.0821235289064513,0.3869942444807147,2.9,1.5,18.1,1.0,139.57142857142858,149.46666666666667,0.0117932921815749,0.0126335080033215,0,1,0,1.0,Low Risk Regime
2021-01-05,122,11641,119,0.010222489476849,0.08392749763766,0.385190275749506,2.6,0.0,12.2,0.0,136.71428571428572,149.63333333333333,0.0115355823628308,0.012642098330613,1,1,1,1.0,Moderate Risk Regime
2021-01-06,124,11641,119,0.010222489476849,0.082209432179366,0.3856197921140795,1.8,0.0,23.1,0.0,136.57142857142858,148.13333333333333,0.0114864947783081,0.0125046530939495,2,1,1,1.0,Moderate Risk Regime
2021-01-07,158,11641,155,0.0133150073017781,0.0821235289064513,0.3817541448329181,1.2,0.0,18.0,0.0,135.28571428571428,147.9,0.0113760477131321,0.012496062766658,3,1,1,1.0,Moderate Risk Regime
2021-01-08,150,11641,146,0.0125418778455459,0.081350399450219,0.3811528219225152,-0.1,0.0,21.6,0.0,135.85714285714286,148.0,0.0114128634015241,0.012501789651519,4,1,1,1.0,Moderate Risk Regime
2021-01-09,140,11641,138,0.0118546516622283,0.0816940125418778,0.3814105317412593,-0.7,0.0,28.8,0.0,137.0,146.56666666666666,0.0115110385705695,0.0123843885118689,5,1,1,1.0,Moderate Risk Regime
2021-01-10,91,11641,90,0.0077312945623228,0.0823812387251954,0.3777166910059273,0.2,0.0,17.2,0.0,131.57142857142858,142.83333333333334,0.0110569784137347,0.012075136729376,6,1,1,1.0,Moderate Risk Regime
2021-01-11,122,11641,121,0.0103942960226784,0.0791169143544369,0.3680955244394811,-1.5,0.0,10.2,0.0,129.57142857142858,141.1,0.0108974437640359,0.0119319646078515,0,1,1,1.0,Moderate Risk Regime
2021-01-12,150,11641,149,0.01279958766429,0.0779142685336311,0.3636285542479168,0.5,0.0,11.6,0.0,133.57142857142858,140.96666666666667,0.0112656006479561,0.01192337428056,1,1,1,1.0,Moderate Risk Regime
2021-01-13,150,11641,147,0.0126277811184606,0.0803195601752426,0.363284941156258,0.7,0.0,16.4,0.0,137.28571428571428,141.1,0.0116092137396149,0.0119319646078515,2,1,1,1.0,Moderate Risk Regime
2021-01-14,137,11641,136,0.0116828451163989,0.0825530452710248,0.3636285542479168,3.2,0.0,10.5,0.0,134.28571428571428,139.33333333333334,0.0113760477131321,0.0117859290438965,3,1,1,1.0,Moderate Risk Regime
2021-01-15,163,11641,161,0.0138304269392663,0.0807490765398161,0.3590756807834378,3.6,2.6,28.1,1.0,136.14285714285714,138.73333333333332,0.0115601261550922,0.0117458408498697,4,1,0,1.0,Low Risk Regime
2021-01-16,156,11641,152,0.0130572974830341,0.0818658190877072,0.3575294218709733,5.7,21.8,37.6,1.0,138.42857142857142,139.83333333333334,0.0117319327009216,0.0118346075652149,5,1,0,1.0,Low Risk Regime
2021-01-17,108,11641,107,0.0091916502018726,0.0832402714543424,0.3603642298771583,3.5,0.0,32.0,0.0,140.85714285714286,138.9,0.011940554935143,0.0117572946195916,6,1,1,1.0,Moderate Risk Regime
2021-01-18,132,11641,131,0.0112533287518254,0.0847006270938922,0.3579589382355467,3.1,0.0,23.8,0.0,142.28571428571428,138.46666666666667,0.0120632738964497,0.0117257967528562,0,1,1,1.0,Moderate Risk Regime
2021-01-19,154,11641,153,0.0131432007559488,0.0855596598230392,0.3568421956876557,1.5,0.0,27.7,0.0,142.85714285714286,139.93333333333334,0.0121123614809724,0.0118517882197978,1,1,1,1.0,Moderate Risk Regime
2021-01-20,151,11641,148,0.0127136843913753,0.085903272914698,0.3606219396959024,0.1,1.0,30.5,1.0,143.0,139.53333333333333,0.012124633377103,0.0118145634682014,2,1,0,1.0,Low Risk Regime
2021-01-21,146,11641,140,0.0120264582080577,0.0859891761876127,0.359591100420926,-0.4,0.0,21.4,0.0,144.28571428571428,137.76666666666668,0.0121737209616257,0.011654210692094,3,1,1,1.0,Moderate Risk Regime
2021-01-22,137,11641,135,0.0115969418434842,0.086762305643845,0.355038226956447,2.6,0.0,27.4,0.0,140.57142857142858,135.6,0.0118546516622283,0.0114623600492512,4,1,1,1.0,Moderate Risk Regime
2021-01-23,147,11641,145,0.0124559745726312,0.0845288205480628,0.3494545142169916,-2.2,0.0,35.4,0.0,139.28571428571428,135.16666666666666,0.0117687483893136,0.0114251352976548,5,1,1,1.0,Moderate Risk Regime
2021-01-24,124,11641,122,0.0104801992955931,0.0837556910918305,0.3483377716691005,-3.0,0.0,27.2,0.0,141.57142857142858,136.26666666666668,0.0119528268312737,0.011513902013,6,1,1,1.0,Moderate Risk Regime
2021-01-25,137,11641,137,0.0117687483893136,0.0851301434584657,0.3511725796752856,-1.3,0.0,12.5,0.0,142.28571428571428,136.4,0.0120264582080577,0.0115310826675829,0,1,1,1.0,Moderate Risk Regime
2021-01-26,147,11641,144,0.0123700712997165,0.0855596598230392,0.3515161927669444,0.0,4.5,18.3,1.0,141.28571428571428,137.93333333333334,0.0119160111428816,0.011654210692094,1,1,0,1.0,Low Risk Regime
2021-01-27,149,11641,145,0.0124559745726312,0.0849583369126363,0.3554677433210205,1.3,0.6,23.9,1.0,141.0,139.06666666666666,0.0118791954544896,0.0117429774074392,2,1,0,1.0,Low Risk Regime
2021-01-28,155,11641,152,0.0130572974830341,0.0847865303668069,0.3583884546001202,-2.6,0.0,34.2,0.0,142.28571428571428,139.5,0.0120264582080577,0.0117773387166051,3,1,1,1.0,Moderate Risk Regime
2021-01-29,164,11641,159,0.0136586203934369,0.0855596598230392,0.3595051971480113,-6.7,0.0,38.5,0.0,146.14285714285714,140.8,0.0123209837151938,0.0118804226441027,4,1,1,1.0,Moderate Risk Regime
2021-01-30,158,11641,156,0.0134009105746928,0.0878790481917361,0.3628554247916846,-5.1,0.0,21.9,0.0,147.71428571428572,140.5,0.0124559745726312,0.0118575151046588,5,1,1,1.0,Moderate Risk Regime
2021-01-31,156,11641,152,0.0130572974830341,0.0888239841937977,0.3620822953354523,-5.2,2.6,21.4,1.0,152.28571428571428,140.83333333333334,0.0128241314565513,0.0118832860865332,6,1,0,1.0,Low Risk Regime
2021-02-01,114,11641,112,0.0096211665664461,0.0915728889270681,0.3629413280645993,-1.6,38.6,45.7,1.0,149.0,140.23333333333332,0.0125173340532845,0.0118317441227844,0,2,0,1.0,Low Risk Regime
2021-02-02,106,11641,106,0.0091057469289579,0.08959711365003,0.3613950691521347,0.0,4.1,40.9,1.0,143.14285714285714,139.46666666666667,0.012051002000319,0.0117716118317441,1,2,0,1.0,Low Risk Regime
2021-02-03,128,11641,127,0.0109097156601666,0.0860750794605274,0.3594192938750966,-0.4,0.1,21.0,1.0,140.14285714285714,139.2,0.0118301078699669,0.0117515677347306,2,2,0,1.0,Low Risk Regime
2021-02-04,149,11641,149,0.01279958766429,0.0842711107293187,0.358732067691779,-0.8,0.0,19.8,0.0,139.28571428571428,140.1,0.0117932921815749,0.0118374710076453,3,2,1,1.0,Moderate Risk Regime
2021-02-05,178,11641,176,0.0151189760329868,0.0837556910918305,0.3610514560604759,1.5,2.2,20.1,1.0,141.28571428571428,141.9,0.0120019144157963,0.0120006872261833,4,2,0,1.0,Low Risk Regime
2021-02-06,152,11641,151,0.0129713942101194,0.0849583369126363,0.3656902327978696,-0.3,0.0,28.3,0.0,140.42857142857142,141.7,0.011940554935143,0.0119892334564613,5,2,1,1.0,Moderate Risk Regime
2021-02-07,124,11641,119,0.010222489476849,0.0844429172751481,0.3651748131603814,-1.6,7.7,23.7,1.0,135.85714285714286,140.83333333333334,0.0115355823628308,0.0119119205108381,6,2,0,1.0,Low Risk Regime
2021-02-08,160,11641,160,0.0137445236663516,0.0816940125418778,0.3629413280645993,-7.0,0.0,21.9,0.0,142.42857142857142,141.5,0.012124633377103,0.0119749162443089,0,2,1,1.0,Moderate Risk Regime
2021-02-09,137,11641,136,0.0116828451163989,0.0856455630959539,0.3646593935228932,-4.0,2.0,17.5,1.0,146.85714285714286,143.03333333333333,0.0124927902610232,0.0121066345961114,1,2,0,1.0,Low Risk Regime
2021-02-10,174,11641,169,0.0145176531225839,0.0883085645563096,0.3686109440769693,-3.9,0.1,12.3,1.0,153.42857142857142,144.76666666666668,0.0130082098985114,0.0122440798327749,2,2,0,1.0,Low Risk Regime
2021-02-11,156,11641,153,0.0131432007559488,0.0922601151103857,0.3730779142685336,-2.7,4.5,15.9,1.0,154.42857142857142,144.96666666666667,0.0130572974830341,0.0122555336024969,3,2,0,1.0,Low Risk Regime
2021-02-12,179,11641,176,0.0151189760329868,0.0928614380207886,0.3735933339060218,-6.0,0.0,14.5,0.0,154.57142857142858,145.93333333333334,0.0130572974830341,0.0123385734329811,4,2,1,1.0,Moderate Risk Regime
2021-02-13,114,11641,113,0.0097070698393608,0.0929473412937032,0.376084528820548,-4.5,1.3,18.8,1.0,149.14285714285714,145.16666666666666,0.0125909654300686,0.0122727142570798,5,2,0,1.0,Low Risk Regime
2021-02-14,100,11641,98,0.0084185207456404,0.0896830169229447,0.37410875354351,-0.7,0.5,15.5,1.0,145.71428571428572,143.06666666666666,0.0123332556113245,0.0120923173839589,6,2,0,1.0,Low Risk Regime
2021-02-15,122,11641,120,0.0103083927497637,0.087621338372992,0.368696847349884,-0.7,1.3,18.3,1.0,140.28571428571428,141.93333333333334,0.0118423797660976,0.0120006872261833,0,2,0,1.0,Low Risk Regime
2021-02-16,123,11641,119,0.010222489476849,0.0843570140022334,0.3657761360707843,4.8,31.3,26.1,1.0,138.28571428571428,142.43333333333334,0.0116337575318762,0.0120350485353491,1,2,0,1.0,Low Risk Regime
2021-02-17,124,11641,122,0.0104801992955931,0.0831543681814277,0.3670646851645047,-4.0,0.0,22.7,0.0,131.14285714285714,142.16666666666666,0.0110569784137347,0.0120092775534747,2,2,1,1.0,Moderate Risk Regime
2021-02-18,135,11641,132,0.0113392320247401,0.0788592045356928,0.3663774589811872,-3.7,13.2,20.8,1.0,128.14285714285714,141.53333333333333,0.0107992685949906,0.0119491452624344,3,2,0,1.0,Low Risk Regime
2021-02-19,111,11641,109,0.009363456747702,0.0770552358044841,0.3647452967958079,-1.6,5.4,18.0,1.0,118.42857142857144,140.2,0.0099770515542356,0.0118374710076453,4,2,0,1.0,Low Risk Regime
2021-02-20,148,11641,143,0.0122841680268018,0.0712138132462846,0.36130916587922,-2.0,0.0,18.8,0.0,123.28571428571428,140.26666666666668,0.0103452084381557,0.0118460613349368,5,2,1,1.0,Moderate Risk Regime
2021-02-21,131,11641,127,0.0109097156601666,0.0741345245253844,0.3614809724250494,-4.4,0.0,15.3,0.0,127.71428571428572,140.06666666666666,0.0107010934259452,0.0118231537954929,6,2,1,1.0,Moderate Risk Regime
2021-02-22,123,11641,121,0.0103942960226784,0.07679752598574,0.3609655527875612,-1.1,13.9,24.2,1.0,127.85714285714286,139.26666666666668,0.0107133653220759,0.0117544311771611,0,2,0,1.0,Low Risk Regime
2021-02-23,131,11641,130,0.0111674254789107,0.0768834292586547,0.3589038742376084,2.4,0.6,21.7,1.0,129.0,139.5,0.0108483561795132,0.0117773387166051,1,2,0,1.0,Low Risk Regime
2021-02-24,152,11641,148,0.0127136843913753,0.0775706554419723,0.3595051971480113,4.6,0.0,23.2,0.0,133.0,140.0,0.0111674254789107,0.0118088365833404,2,2,1,1.0,Moderate Risk Regime
2021-02-25,157,11641,156,0.0134009105746928,0.0799759470835838,0.3607937462417318,5.0,0.0,26.3,0.0,136.14285714285714,140.33333333333334,0.0114619509860468,0.0118431978925063,3,2,1,1.0,Moderate Risk Regime
2021-02-26,189,11641,185,0.0158921054892191,0.0818658190877072,0.3616527789708788,1.4,0.0,16.0,0.0,147.28571428571428,141.66666666666666,0.0123946150919778,0.0119577355897259,4,2,1,1.0,Moderate Risk Regime
2021-02-27,125,11641,122,0.0104801992955931,0.0885662743750536,0.3650889098874667,6.1,11.5,19.6,1.0,144.0,140.66666666666666,0.0121369052732337,0.0118718323168112,5,2,0,1.0,Low Risk Regime
2021-02-28,119,11641,118,0.0101365862039343,0.0865904990980156,0.3625118117000258,4.5,5.2,19.3,1.0,142.28571428571428,139.16666666666666,0.0120264582080577,0.0117544311771611,6,2,0,1.0,Low Risk Regime
2021-03-01,139,11641,137,0.0117687483893136,0.0855596598230392,0.3586461644188644,5.7,7.7,38.8,1.0,144.57142857142858,138.53333333333333,0.0122228085461484,0.0117000257709818,0,3,0,1.0,Low Risk Regime
2021-03-02,158,11641,156,0.0134009105746928,0.0869341121896744,0.3570140022334851,-3.1,0.0,34.7,0.0,148.42857142857142,138.6,0.0125418778455459,0.0117114795407038,1,3,1,1.0,Moderate Risk Regime
2021-03-03,133,11641,132,0.0113392320247401,0.0892535005583712,0.3571858087793145,3.2,0.0,21.7,0.0,145.71428571428572,139.23333333333332,0.0123455275074551,0.0117687483893136,2,3,1,1.0,Moderate Risk Regime
2021-03-04,163,11641,158,0.0135727171205222,0.087621338372992,0.3588179709646937,2.2,0.0,33.6,0.0,146.57142857142858,141.13333333333333,0.0123700712997165,0.0119176473956991,3,3,1,1.0,Moderate Risk Regime
2021-03-05,166,11641,165,0.0141740400309251,0.0881367580104802,0.3637144575208315,-2.1,0.0,30.3,0.0,143.28571428571428,142.4,0.012124633377103,0.0120264582080577,4,3,1,1.0,Moderate Risk Regime
2021-03-06,141,11641,139,0.011940554935143,0.0861609827334421,0.36697878189159,-1.2,0.0,24.7,0.0,145.57142857142858,142.13333333333333,0.0123332556113245,0.0119978237837528,5,3,1,1.0,Moderate Risk Regime
2021-03-07,110,11641,107,0.0091916502018726,0.0875354351000773,0.3662915557082725,-0.8,0.0,16.6,0.0,144.28571428571428,139.86666666666667,0.0121982647538871,0.011800246256049,6,3,1,1.0,Moderate Risk Regime
2021-03-08,147,11641,146,0.0125418778455459,0.086762305643845,0.360450133150073,-0.5,0.0,14.6,0.0,145.42857142857142,139.7,0.0123087118190631,0.0117859290438965,0,3,1,1.0,Moderate Risk Regime
2021-03-09,170,11641,165,0.0141740400309251,0.0874495318271626,0.3600206167854995,7.8,0.0,22.7,0.0,147.14285714285714,141.23333333333332,0.0124191588842392,0.0119176473956991,1,3,1,1.0,Moderate Risk Regime
2021-03-10,121,11641,120,0.0103083927497637,0.088480371102139,0.3639721673395756,4.7,0.0,20.2,0.0,145.42857142857142,139.93333333333334,0.0122718961306711,0.0118031096984795,2,3,1,1.0,Moderate Risk Regime
2021-03-11,159,11641,157,0.0134868138476075,0.0874495318271626,0.3606219396959024,11.0,0.0,18.0,0.0,144.85714285714286,140.66666666666666,0.0122596242345404,0.0118632419895198,3,3,1,1.0,Moderate Risk Regime
2021-03-12,192,11641,190,0.0163216218537926,0.0871059187355038,0.3625118117000258,13.8,0.1,26.1,1.0,148.57142857142858,141.26666666666668,0.0125664216378072,0.01192337428056,4,3,0,1.0,Low Risk Regime
2021-03-13,137,11641,133,0.0114251352976548,0.0893394038312859,0.3640580706124903,4.7,0.0,30.9,0.0,148.0,140.63333333333333,0.0124927902610232,0.0118661054319502,5,3,1,1.0,Moderate Risk Regime
2021-03-14,139,11641,137,0.0117687483893136,0.0889957907396271,0.3624259084271111,4.9,0.0,40.5,0.0,152.14285714285714,139.3,0.0128609471449433,0.0117544311771611,6,3,1,1.0,Moderate Risk Regime
2021-03-15,139,11641,139,0.011940554935143,0.0914869856541534,0.3589897775105231,-1.4,0.0,33.6,0.0,151.0,140.13333333333333,0.0127750438720286,0.0118288806803539,0,3,1,1.0,Moderate Risk Regime
2021-03-16,139,11641,137,0.0117687483893136,0.0907997594708358,0.3611373593333906,-0.4,0.1,15.3,1.0,146.57142857142858,141.43333333333334,0.0124314307803698,0.011940554935143,1,3,0,1.0,Low Risk Regime
2021-03-17,141,11641,138,0.0118546516622283,0.0881367580104802,0.3644875869770638,4.1,0.0,13.4,0.0,149.42857142857142,142.06666666666666,0.0126523249107219,0.0119920968988918,2,3,1,1.0,Moderate Risk Regime
2021-03-18,127,11641,125,0.0107379091143372,0.0898548234687741,0.3661197491624431,6.0,17.7,28.0,1.0,144.85714285714286,142.2,0.0122596242345404,0.0120092775534747,3,3,0,1.0,Low Risk Regime
2021-03-19,156,11641,154,0.0132291040288635,0.0871059187355038,0.3664633622541018,2.0,3.6,35.6,1.0,139.71428571428572,143.26666666666668,0.0118178359738363,0.0121009077112504,4,3,0,1.0,Low Risk Regime
2021-03-20,135,11641,134,0.0115110385705695,0.0840134009105746,0.3692122669873722,3.7,0.0,14.8,0.0,139.42857142857142,143.26666666666668,0.0118301078699669,0.0121066345961114,5,3,1,1.0,Moderate Risk Regime
2021-03-21,110,11641,107,0.0091916502018726,0.0838415943647453,0.3692122669873722,5.9,0.0,13.3,0.0,135.28571428571428,143.23333333333332,0.0114619509860468,0.0121009077112504,6,3,1,1.0,Moderate Risk Regime
2021-03-22,132,11641,132,0.0113392320247401,0.081350399450219,0.3691263637144575,6.3,0.0,14.7,0.0,134.28571428571428,142.7,0.0113760477131321,0.012069409844515,0,3,1,1.0,Moderate Risk Regime
2021-03-23,129,11641,125,0.0107379091143372,0.0807490765398161,0.3677519113478223,7.9,0.0,13.2,0.0,132.85714285714286,142.63333333333333,0.0112287849595641,0.012063682959654,1,3,1,1.0,Moderate Risk Regime
2021-03-24,121,11641,120,0.0103083927497637,0.0798900438106691,0.3675801048019929,9.3,29.7,18.1,1.0,130.0,142.56666666666666,0.011007890829212,0.0120608195172236,2,3,0,1.0,Low Risk Regime
2021-03-25,118,11641,114,0.0097929731122755,0.0781719783523752,0.3674082982561635,12.2,1.8,17.4,1.0,128.71428571428572,142.13333333333333,0.0108728999717746,0.0120150044383357,3,3,0,1.0,Low Risk Regime
2021-03-26,186,11641,181,0.0155484923975603,0.0773988488961429,0.3662915557082725,16.5,1.9,41.1,1.0,133.0,143.26666666666668,0.0112042411673027,0.0121094980385419,4,3,0,1.0,Low Risk Regime
2021-03-27,180,11641,170,0.0146035563954986,0.0799759470835838,0.3692122669873722,11.9,0.0,23.2,0.0,139.42857142857142,144.03333333333333,0.0116460294280069,0.0121495862325687,5,3,1,1.0,Moderate Risk Regime
2021-03-28,119,11641,118,0.0101365862039343,0.0838415943647453,0.3711880422644102,12.1,16.7,31.6,1.0,140.71428571428572,141.7,0.0117810202854443,0.0119577355897259,6,3,0,1.0,Low Risk Regime
2021-03-29,125,11641,124,0.0106520058414225,0.0846147238209775,0.3651748131603814,8.3,0.0,36.5,0.0,139.71428571428572,141.7,0.0116828451163989,0.0119634624745869,0,3,1,1.0,Moderate Risk Regime
2021-03-30,156,11641,152,0.0130572974830341,0.0840134009105746,0.3651748131603814,7.7,0.0,29.4,0.0,143.57142857142858,142.93333333333334,0.012014186311927,0.0120608195172236,1,3,1,1.0,Moderate Risk Regime
2021-03-31,169,11641,168,0.0144317498496692,0.0863327892792715,0.3683532342582252,12.1,13.4,28.3,1.0,150.42857142857142,143.93333333333334,0.0126032373261992,0.0121495862325687,2,3,0,1.0,Low Risk Regime
2021-04-01,154,11641,151,0.0129713942101194,0.090456146379177,0.3709303324456662,7.7,6.8,29.9,1.0,155.57142857142858,143.8,0.0130572974830341,0.0121352690204163,3,4,0,1.0,Low Risk Regime
2021-04-02,170,11641,168,0.0144317498496692,0.0935486642041061,0.3705867193540074,1.1,0.0,27.0,0.0,153.28571428571428,145.03333333333333,0.0128977628333353,0.0122383529479139,4,4,1,1.0,Moderate Risk Regime
2021-04-03,178,11641,177,0.0152048793059015,0.092174211837471,0.3737651404518512,4.1,0.0,17.1,0.0,153.0,145.53333333333333,0.01298366610625,0.0122927583540932,5,4,1,1.0,Moderate Risk Regime
2021-04-04,148,11641,144,0.0123700712997165,0.0920024052916416,0.3750536895455716,9.6,0.0,19.1,0.0,157.14285714285714,144.93333333333334,0.0133027354056475,0.012232626063053,6,4,1,1.0,Moderate Risk Regime
2021-04-05,154,11641,150,0.0128854909372047,0.0944936002061678,0.3735074306331071,11.8,0.0,27.7,0.0,161.28571428571428,145.36666666666667,0.0136218047050449,0.0122641239297883,0,4,1,1.0,Moderate Risk Regime
2021-04-06,180,11641,173,0.0148612662142427,0.096984795120694,0.3746241731809982,11.3,0.0,22.4,0.0,164.71428571428572,147.7,0.013879514523789,0.0124531111302007,1,4,1,1.0,Moderate Risk Regime
2021-04-07,158,11641,154,0.0132291040288635,0.0990464736706468,0.380637402285027,12.1,1.2,16.4,1.0,163.14285714285714,148.06666666666666,0.0137077079779596,0.0124760186696446,2,4,0,1.0,Low Risk Regime
2021-04-08,183,11641,179,0.0153766858517309,0.0981015376685851,0.3815823382870887,11.7,0.0,18.6,0.0,167.28571428571428,148.5,0.0140513210696184,0.0125161068636715,3,4,1,1.0,Moderate Risk Regime
2021-04-09,172,11641,170,0.0146035563954986,0.1005927325831114,0.3826990808349798,8.9,0.0,15.6,0.0,167.57142857142858,150.2,0.0140758648618798,0.012659278985196,4,4,1,1.0,Moderate Risk Regime
2021-04-10,173,11641,169,0.0145176531225839,0.1007645391289408,0.3870801477536294,12.2,1.3,14.8,1.0,166.85714285714286,150.66666666666666,0.0139776896928344,0.0126936402943618,5,4,0,1.0,Low Risk Regime
2021-04-11,132,11641,128,0.0109956189330813,0.1003350227643673,0.3882827935744352,12.1,27.7,23.6,1.0,164.57142857142858,148.66666666666666,0.0137813393547437,0.0125161068636715,6,4,0,1.0,Low Risk Regime
2021-04-12,147,11641,146,0.0125418778455459,0.0989605703977321,0.3831285971995533,8.1,12.7,22.8,1.0,163.57142857142858,149.0,0.013732251770221,0.0125533316152678,0,4,0,1.0,Low Risk Regime
2021-04-13,189,11641,188,0.0161498153079632,0.0983592474873292,0.3839876299287003,11.1,4.7,13.8,1.0,164.85714285714286,150.66666666666666,0.013916330212181,0.0126993671792228,1,4,0,1.0,Low Risk Regime
2021-04-14,177,11641,171,0.0146894596684133,0.0991323769435615,0.3882827935744352,12.9,0.0,20.6,0.0,167.57142857142858,151.93333333333334,0.0141249524464024,0.0127909973369985,2,4,1,1.0,Moderate Risk Regime
2021-04-15,159,11641,156,0.0134009105746928,0.1007645391289408,0.3915471179451937,11.0,15.0,18.8,1.0,164.14285714285714,152.6,0.013842698835397,0.0128454027431778,3,4,0,1.0,Low Risk Regime
2021-04-16,188,11641,183,0.0157202989433897,0.098702860578988,0.3932651834034876,7.9,1.9,25.5,1.0,166.42857142857142,154.16666666666666,0.0140022334850957,0.0129742576525498,4,4,0,1.0,Low Risk Regime
2021-04-17,150,11641,149,0.01279958766429,0.1000773129456232,0.3973026372304785,8.7,0.3,18.9,1.0,163.14285714285714,154.93333333333334,0.0137567955624823,0.0130429802708816,5,4,0,1.0,Low Risk Regime
2021-04-18,143,11641,143,0.0122841680268018,0.0981015376685851,0.3992784125075165,10.7,0.0,14.2,0.0,164.71428571428572,154.5,0.0139408740044424,0.0130114824041462,6,4,1,1.0,Moderate Risk Regime
2021-04-19,188,11641,185,0.0158921054892191,0.0990464736706468,0.3981616699596255,11.5,0.0,16.2,0.0,170.57142857142858,156.26666666666668,0.0144194779535385,0.0131575179681012,0,4,1,1.0,Moderate Risk Regime
2021-04-20,180,11641,178,0.0152907825788162,0.1025685078601494,0.4027145434241044,14.4,0.0,26.8,0.0,169.28571428571428,158.6,0.0142967589922318,0.013360822380666,1,4,1,1.0,Moderate Risk Regime
2021-04-21,171,11641,168,0.0144317498496692,0.1017953784039171,0.4087277725281333,12.0,2.2,31.1,1.0,168.42857142857142,159.9,0.0142599433038398,0.0134639063081636,2,4,0,1.0,Low Risk Regime
2021-04-22,144,11641,137,0.0117687483893136,0.101279958766429,0.4120780001718065,5.0,0.0,34.7,0.0,166.28571428571428,160.4,0.0140267772773571,0.0134982676173295,3,4,1,1.0,Moderate Risk Regime
2021-04-23,209,11641,206,0.0176960742204277,0.0999914096727085,0.413366549265527,9.2,0.0,30.1,0.0,169.28571428571428,163.33333333333334,0.0143090308883625,0.0137445236663516,4,4,1,1.0,Moderate Risk Regime
2021-04-24,171,11641,168,0.0144317498496692,0.1017953784039171,0.4209260372820204,13.1,0.0,29.0,0.0,172.28571428571428,165.1,0.0145421969148453,0.0138991495575981,5,4,1,1.0,Moderate Risk Regime
2021-04-25,158,11641,154,0.0132291040288635,0.1035993471351258,0.4254789107464994,12.1,13.0,19.7,1.0,174.42857142857142,164.16666666666666,0.0146771877722826,0.0138218366119749,6,4,0,1.0,Low Risk Regime
2021-04-26,166,11641,158,0.0135727171205222,0.1048878962288463,0.4230736191048879,9.3,0.0,28.4,0.0,171.28571428571428,163.7,0.0143458465767545,0.013787475302809,0,4,1,1.0,Moderate Risk Regime
2021-04-27,147,11641,145,0.0124559745726312,0.1029980242247229,0.4218709732840821,9.9,0.6,16.4,1.0,166.57142857142858,164.63333333333333,0.0139408740044424,0.0138647882484322,1,4,0,1.0,Low Risk Regime
2021-04-28,212,11641,204,0.0175242676745984,0.1001632162185379,0.4242762649256936,16.8,0.0,17.6,0.0,172.42857142857142,167.53333333333333,0.0143826622651465,0.0140938636428714,2,4,1,1.0,Moderate Risk Regime
2021-04-29,199,11641,195,0.0167511382183661,0.1036852504080405,0.4317498496692724,18.0,2.9,27.2,1.0,180.28571428571428,168.96666666666667,0.0150944322407255,0.0142169916673825,3,4,0,1.0,Low Risk Regime
2021-04-30,201,11641,196,0.0168370414912808,0.1084099304183489,0.4354436904046044,16.0,0.4,40.0,1.0,179.14285714285714,170.03333333333333,0.0149717132794188,0.0142971680554362,4,4,0,1.0,Low Risk Regime
2021-05-01,179,11641,175,0.0150330727600721,0.1077227042350313,0.4381925951378747,11.0,0.0,33.0,0.0,180.28571428571428,170.86666666666667,0.0150576165523335,0.014365890673768,5,5,1,1.0,Moderate Risk Regime
2021-05-02,185,11641,179,0.0153766858517309,0.1084099304183489,0.4403401769607422,18.4,0.0,24.1,0.0,184.1428571428571,171.36666666666667,0.0153644139556002,0.0143973885405033,6,5,1,1.0,Moderate Risk Regime
2021-05-03,175,11641,173,0.0148612662142427,0.1107293187870457,0.4416287260544627,14.4,6.2,14.7,1.0,185.42857142857144,171.26666666666668,0.0155484923975603,0.0143859347707814,0,5,0,1.0,Low Risk Regime
2021-05-04,195,11641,189,0.0162357185808779,0.111502448243278,0.4413710162357185,15.0,10.9,22.8,1.0,192.28571428571428,172.83333333333334,0.0160884558273098,0.0145147896801534,1,5,0,1.0,Low Risk Regime
2021-05-05,198,11641,196,0.0168370414912808,0.1156258053431835,0.4454084700627094,12.7,9.2,22.7,1.0,190.28571428571428,174.3,0.0159902806582645,0.014646508031956,2,5,0,1.0,Low Risk Regime
2021-05-06,202,11641,195,0.0167511382183661,0.1144231595223778,0.4491882140709561,13.1,0.0,23.6,0.0,190.71428571428572,175.03333333333333,0.0159902806582645,0.0147095037654267,3,5,1,1.0,Moderate Risk Regime
2021-05-07,188,11641,187,0.0160639120350485,0.1146808693411219,0.4510780860750795,12.1,0.0,16.8,0.0,188.8571428571429,176.03333333333333,0.0158798335930884,0.0148039973656329,4,5,1,1.0,Moderate Risk Regime
2021-05-08,193,11641,191,0.0164075251267073,0.1135641267932308,0.4536551842625204,10.1,2.7,20.1,1.0,190.8571428571429,176.36666666666667,0.0160761839311792,0.0148383586747988,5,5,0,1.0,Low Risk Regime
2021-05-09,139,11641,137,0.0117687483893136,0.1147667726140365,0.4545142169916674,10.5,8.3,20.4,1.0,184.28571428571428,175.26666666666668,0.015560764293691,0.0147438650745926,6,5,0,1.0,Low Risk Regime
2021-05-10,178,11641,175,0.0150330727600721,0.1108152220599604,0.4516794089854823,11.4,2.9,20.3,1.0,184.71428571428572,175.43333333333334,0.0155853080859523,0.0147610457291756,0,5,0,1.0,Low Risk Regime
2021-05-11,188,11641,183,0.0157202989433897,0.1110729318787045,0.4521089253500558,12.4,0.3,27.0,1.0,183.71428571428572,177.3,0.0155116767091683,0.0149185350628525,1,5,0,1.0,Low Risk Regime
2021-05-12,181,11641,181,0.0155484923975603,0.1104716089683016,0.4569195086332789,12.0,0.0,20.3,0.0,181.28571428571428,178.43333333333334,0.0153275982672082,0.0150187555479197,2,5,1,1.0,Moderate Risk Regime
2021-05-13,185,11641,179,0.0153766858517309,0.1090112533287518,0.4598402199123786,13.9,0.0,16.6,0.0,178.85714285714286,178.3,0.0151312479291175,0.0149929845660453,3,5,1,1.0,Moderate Risk Regime
2021-05-14,243,11641,235,0.020187269134954,0.1075508976892019,0.4594966068207198,15.5,0.0,15.8,0.0,186.71428571428572,180.5,0.0157202989433897,0.0151762448815966,4,5,1,1.0,Moderate Risk Regime
2021-05-15,185,11641,184,0.0158062022163044,0.1122755776995103,0.4651662228330899,16.6,0.0,13.3,0.0,185.57142857142856,181.36666666666667,0.015634395670475,0.0152564212696503,5,5,1,1.0,Moderate Risk Regime
2021-05-16,183,11641,181,0.0155484923975603,0.1115883515161927,0.4673997079288721,16.6,0.0,22.3,0.0,191.8571428571429,181.2,0.0161743591002245,0.0152506943847893,6,5,1,1.0,Moderate Risk Regime
2021-05-17,177,11641,173,0.0148612662142427,0.1153680955244394,0.4669701915642986,16.8,0.0,19.0,0.0,191.71428571428572,182.1,0.0161498153079632,0.0153194170031211,0,5,1,1.0,Moderate Risk Regime
2021-05-18,232,11641,229,0.0196718494974658,0.1152821922515247,0.4692895799329954,19.5,0.0,14.8,0.0,198.0,185.06666666666663,0.0167143225299741,0.0155656730521432,1,5,1,1.0,Moderate Risk Regime
2021-05-19,181,11641,178,0.0152907825788162,0.1190619362597715,0.4769349712224036,21.1,0.0,19.1,0.0,198.0,184.83333333333337,0.016677506841582,0.0155456289551298,2,5,1,1.0,Moderate Risk Regime
2021-05-20,221,11641,217,0.0186410102224894,0.1190619362597715,0.4763336483120007,16.8,0.0,20.2,0.0,203.1428571428571,186.2,0.0171438388945475,0.0156573032099189,3,5,1,1.0,Moderate Risk Regime
2021-05-21,221,11641,217,0.0186410102224894,0.1221544540847006,0.4798556825015033,17.7,0.0,19.7,0.0,200.0,187.86666666666667,0.0169229447641955,0.0157976118890129,4,5,1,1.0,Moderate Risk Regime
2021-05-22,220,11641,218,0.0187269134954041,0.1202645820805772,0.4841508461472382,24.2,0.0,21.4,0.0,205.0,190.4,0.0173401892326383,0.0160295507258826,5,5,1,1.0,Moderate Risk Regime
2021-05-23,181,11641,180,0.0154625891246456,0.1232711966325917,0.4906794948887553,25.3,0.0,28.1,0.0,204.71428571428572,189.46666666666667,0.0173279173365076,0.0159551012226899,6,5,1,1.0,Moderate Risk Regime
2021-05-24,191,11641,185,0.0158921054892191,0.1230993900867623,0.4882742032471437,16.2,0.0,22.7,0.0,206.71428571428572,190.13333333333333,0.0174751800900757,0.0160037797440082,0,5,1,1.0,Moderate Risk Regime
2021-05-25,197,11641,194,0.0166652349454514,0.124302035907568,0.4899922687054376,17.6,0.0,26.0,0.0,201.71428571428572,191.43333333333337,0.0170456637255022,0.0161183174412278,1,5,1,1.0,Moderate Risk Regime
2021-05-26,180,11641,178,0.0152907825788162,0.1212954213555536,0.4933424963491109,23.3,1.8,25.3,1.0,201.57142857142856,191.9,0.0170456637255022,0.0161755862898376,2,5,0,1.0,Low Risk Regime
2021-05-27,261,11641,250,0.0214758182286745,0.1212095180826389,0.4945451421699167,23.0,2.6,21.4,1.0,207.28571428571428,195.7,0.0174506362978143,0.016476247745039,3,5,0,1.0,Low Risk Regime
2021-05-28,204,11641,200,0.0171806545829396,0.1246456489992268,0.5043381152821923,15.1,25.5,26.8,1.0,204.8571428571429,195.43333333333337,0.0172420140635929,0.0164647939753171,4,5,0,1.0,Low Risk Regime
2021-05-29,133,11641,129,0.011081522205996,0.123185293359677,0.5036508890988747,10.0,28.1,32.4,1.0,192.42857142857144,193.23333333333332,0.0161498153079632,0.0162758067749047,5,5,0,1.0,Low Risk Regime
2021-05-30,159,11641,156,0.0134009105746928,0.1157117086160982,0.4979812730865046,10.1,14.1,30.3,1.0,189.28571428571428,191.83333333333337,0.0158552898008271,0.0161612690776851,6,5,0,1.0,Low Risk Regime
2021-05-31,150,11641,145,0.0124559745726312,0.1138218366119749,0.4943733356240872,14.2,0.8,21.4,1.0,183.42857142857144,190.86666666666667,0.0153644139556002,0.0160753658047704,0,5,0,1.0,Low Risk Regime
2021-06-01,203,11641,201,0.0172665578558543,0.1102998024224723,0.491882140709561,17.0,0.0,18.4,0.0,184.28571428571428,191.46666666666667,0.0154503172285149,0.0161383615382412,1,6,1,1.0,Moderate Risk Regime
2021-06-02,180,11641,178,0.0152907825788162,0.1108152220599604,0.4934283996220256,17.5,0.0,17.0,0.0,184.28571428571428,191.63333333333333,0.0154503172285149,0.0161526787503937,2,6,1,1.0,Moderate Risk Regime
2021-06-03,167,11641,162,0.013916330212181,0.1108152220599604,0.4938579159865991,17.9,13.8,13.0,1.0,170.85714285714286,190.7,0.0143703903690159,0.0160753658047704,3,6,0,1.0,Low Risk Regime
2021-06-04,189,11641,186,0.0159780087621338,0.1027403144059788,0.4914526243449875,21.0,5.1,17.1,1.0,168.71428571428572,190.4,0.0141985838231865,0.0160467313804655,4,6,0,1.0,Low Risk Regime
2021-06-05,210,11641,208,0.0178678807662571,0.1014517653122584,0.4906794948887553,24.3,0.0,21.3,0.0,179.71428571428572,190.66666666666663,0.0151680636175095,0.0160839561320619,5,6,1,1.0,Moderate Risk Regime
2021-06-06,212,11641,204,0.0175242676745984,0.1080663173266901,0.4913667210720728,25.9,0.0,16.3,0.0,187.28571428571428,191.46666666666667,0.0157571146317817,0.0161326346533802,6,6,1,1.0,Moderate Risk Regime
2021-06-07,202,11641,197,0.0169229447641955,0.1126191907911691,0.4934283996220256,25.5,0.3,17.0,1.0,194.71428571428572,191.76666666666668,0.0163952532305766,0.0161498153079632,0,6,0,1.0,Low Risk Regime
2021-06-08,203,11641,196,0.0168370414912808,0.1170861609827334,0.4942015290782579,25.4,5.8,16.3,1.0,194.71428571428572,193.9,0.0163338937499233,0.0163187584113621,1,6,0,1.0,Low Risk Regime
2021-06-09,190,11641,186,0.0159780087621338,0.1170861609827334,0.4996993385447985,25.8,1.4,11.6,1.0,196.1428571428571,194.3,0.0164320689189686,0.0163502562780975,2,6,0,1.0,Low Risk Regime
2021-06-10,211,11641,205,0.0176101709475131,0.1179451937118804,0.5007301778197749,22.7,0.2,23.7,1.0,202.42857142857144,195.06666666666663,0.0169597604525875,0.0164132520115683,3,6,0,1.0,Low Risk Regime
2021-06-11,198,11641,197,0.0169229447641955,0.1217249377201271,0.502705953096813,17.9,0.5,14.9,1.0,203.71428571428572,195.63333333333333,0.0170947513100249,0.0164590670904561,4,6,0,1.0,Low Risk Regime
2021-06-12,182,11641,177,0.0152048793059015,0.1224980671763594,0.5041663087363628,18.7,0.4,15.2,1.0,199.71428571428572,195.53333333333333,0.0167143225299741,0.0164533402055951,5,6,0,1.0,Low Risk Regime
2021-06-13,175,11641,172,0.014775362941328,0.1200927755347478,0.5039085989176187,18.9,0.1,19.1,1.0,194.42857142857144,193.26666666666668,0.0163216218537926,0.0162729433324743,6,6,0,1.0,Low Risk Regime
2021-06-14,191,11641,189,0.0162357185808779,0.116914354436904,0.4980671763594193,19.3,17.8,22.4,1.0,192.8571428571429,193.46666666666667,0.0162234466847472,0.0162872605446267,0,6,0,1.0,Low Risk Regime
2021-06-15,214,11641,209,0.0179537840391718,0.1159694184348423,0.4985825959969074,21.1,0.6,17.9,1.0,194.42857142857144,194.5,0.0163829813344459,0.0163674369326804,1,6,0,1.0,Low Risk Regime
2021-06-16,214,11641,209,0.0179537840391718,0.116914354436904,0.5012455974572632,19.7,0.0,20.5,0.0,197.8571428571429,195.73333333333332,0.0166652349454514,0.0164705208601781,2,6,1,1.0,Moderate Risk Regime
2021-06-17,227,11641,217,0.0186410102224894,0.1189760329868568,0.504424018555107,18.8,0.0,13.6,0.0,200.1428571428571,195.56666666666663,0.0168124976990194,0.0164361595510122,3,6,1,1.0,Moderate Risk Regime
2021-06-18,239,11641,232,0.0199295593162099,0.1203504853534919,0.5039945021905334,21.0,0.0,20.5,0.0,206.0,197.5,0.0172420140635929,0.0165907854422586,4,6,1,1.0,Moderate Risk Regime
2021-06-19,208,11641,202,0.017352461128769,0.1238725195429946,0.508976892019586,24.4,2.0,22.9,1.0,209.71428571428572,197.06666666666663,0.0175488114668597,0.0165478338058013,5,6,0,1.0,Low Risk Regime
2021-06-20,175,11641,173,0.0148612662142427,0.1261060046387767,0.5078601494716949,23.2,0.3,21.6,1.0,209.71428571428572,195.53333333333333,0.0175610833629904,0.0164218423388597,6,6,0,1.0,Low Risk Regime
2021-06-21,198,11641,195,0.0167511382183661,0.1261060046387767,0.5039085989176187,24.9,0.5,27.3,1.0,210.71428571428572,194.8,0.0176347147397744,0.0163559831629585,0,6,0,1.0,Low Risk Regime
2021-06-22,175,11641,174,0.0149471694871574,0.1267073275491796,0.5020187269134954,20.8,8.8,24.3,1.0,205.1428571428571,194.6,0.0172051983752009,0.0163388025083755,1,6,0,1.0,Low Risk Regime
2021-06-23,190,11641,189,0.0162357185808779,0.1233570999055064,0.5015033072760072,18.1,0.0,17.3,0.0,201.71428571428572,194.56666666666663,0.0169597604525875,0.0163502562780975,2,6,1,1.0,Moderate Risk Regime
2021-06-24,219,11641,214,0.0183833004037453,0.1212954213555536,0.5014174040030925,18.6,0.0,20.8,0.0,200.57142857142856,195.3,0.0169229447641955,0.0164075251267073,3,6,1,1.0,Moderate Risk Regime
2021-06-25,225,11641,221,0.0189846233141482,0.120608195172236,0.5033072760072159,19.7,0.0,22.8,0.0,198.57142857142856,196.8,0.0167879539067581,0.0165306531512183,4,6,1,1.0,Moderate Risk Regime
2021-06-26,204,11641,198,0.0170088480371102,0.1194055493514302,0.5071729232883773,22.9,1.8,25.3,1.0,198.0,194.9,0.0167388663222354,0.0163817541448329,5,6,0,1.0,Low Risk Regime
2021-06-27,192,11641,189,0.0162357185808779,0.1190619362597715,0.5022764367322395,25.8,0.5,19.6,1.0,200.42857142857144,194.5,0.0169352166603261,0.0163502562780975,6,6,0,1.0,Low Risk Regime
2021-06-28,209,11641,201,0.0172665578558543,0.1205222918993213,0.5012455974572632,27.7,0.0,23.1,0.0,202.0,197.03333333333333,0.0170088480371102,0.0165564241330928,0,6,1,1.0,Moderate Risk Regime
2021-06-29,196,11641,194,0.0166652349454514,0.121467227901383,0.5077742461987802,28.7,0.0,23.1,0.0,205.0,198.26666666666668,0.0172542859597236,0.0166652349454514,1,6,1,1.0,Moderate Risk Regime
2021-06-30,195,11641,191,0.0164075251267073,0.1232711966325917,0.510952667296624,30.0,0.0,19.0,0.0,205.71428571428572,199.76666666666668,0.0172788297519849,0.0167969532972539,2,6,1,1.0,Moderate Risk Regime
2021-07-01,177,11641,173,0.0148612662142427,0.1237007129971651,0.5148183145777854,25.1,22.9,13.6,1.0,199.71428571428572,198.9,0.0167756820106274,0.0167167769092002,3,7,0,1.0,Low Risk Regime
2021-07-02,171,11641,170,0.0146035563954986,0.1200927755347478,0.5125848294820032,22.2,28.0,10.2,1.0,192.0,198.6,0.0161498153079632,0.0166938693697563,4,7,0,1.0,Low Risk Regime
2021-07-03,159,11641,157,0.0134868138476075,0.1154539987973541,0.511811700025771,17.9,16.7,27.1,1.0,185.57142857142856,198.33333333333337,0.0156466675666057,0.0166795521576038,5,7,0,1.0,Low Risk Regime
2021-07-04,145,11641,140,0.0120264582080577,0.1115883515161927,0.5111244738424534,20.5,1.7,12.0,1.0,178.85714285714286,196.86666666666667,0.0150453446562028,0.0165478338058013,6,7,0,1.0,Low Risk Regime
2021-07-05,169,11641,164,0.0140881367580104,0.1075508976892019,0.5073447298342066,22.9,0.2,22.5,1.0,173.14285714285714,195.5,0.0145912844993679,0.0164218423388597,0,7,0,1.0,Low Risk Regime
2021-07-06,182,11641,177,0.0152048793059015,0.104114766772614,0.503822695644704,26.6,0.6,29.8,1.0,171.14285714285714,194.5,0.0143826622651465,0.0163445293932365,1,7,0,1.0,Low Risk Regime
2021-07-07,177,11641,174,0.0149471694871574,0.1029121209518082,0.5012455974572632,26.9,1.0,19.5,1.0,168.57142857142858,193.66666666666663,0.0141740400309251,0.0162786702173352,2,7,0,1.0,Low Risk Regime
2021-07-08,178,11641,175,0.0150330727600721,0.1013658620393437,0.4990980156343956,24.8,12.2,23.9,1.0,168.71428571428572,192.83333333333337,0.0141985838231865,0.0162185379262949,3,7,0,1.0,Low Risk Regime
2021-07-09,197,11641,190,0.0163216218537926,0.1014517653122584,0.4969504338115282,24.9,37.2,33.6,1.0,172.42857142857142,193.06666666666663,0.0144440217457999,0.0162299916960169,4,7,0,1.0,Low Risk Regime
2021-07-10,150,11641,149,0.01279958766429,0.1036852504080405,0.4975517567219311,23.4,1.0,15.5,1.0,171.14285714285714,191.03333333333333,0.0143458465767545,0.0160696389199095,5,7,0,1.0,Low Risk Regime
2021-07-11,147,11641,146,0.0125418778455459,0.1029121209518082,0.4923116570741345,22.7,2.5,17.3,1.0,171.42857142857142,189.33333333333337,0.0144194779535386,0.0159236033559545,6,7,0,1.0,Low Risk Regime
2021-07-12,179,11641,178,0.0152907825788162,0.1030839274976376,0.4879305901554849,25.0,16.2,13.1,1.0,172.85714285714286,189.23333333333332,0.0145912844993679,0.015926466798385,0,7,0,1.0,Low Risk Regime
2021-07-13,162,11641,159,0.0136586203934369,0.1039429602267846,0.4876728803367408,23.1,1.8,13.8,1.0,170.0,188.8,0.0143703903690159,0.0158892420467886,1,7,0,1.0,Low Risk Regime
2021-07-14,180,11641,174,0.0149471694871574,0.1022248947684906,0.4865561377888497,25.1,1.3,14.9,1.0,170.42857142857142,188.43333333333337,0.0143703903690159,0.0158462904103313,2,7,0,1.0,Low Risk Regime
2021-07-15,197,11641,191,0.0164075251267073,0.1024826045872347,0.485611201786788,25.9,0.1,15.0,1.0,173.14285714285714,187.86666666666667,0.0145667407071066,0.0157947484465824,3,7,0,1.0,Low Risk Regime
2021-07-16,196,11641,189,0.0162357185808779,0.104114766772614,0.4841508461472382,27.9,0.4,13.1,1.0,173.0,187.26666666666668,0.0145544688109759,0.0157374795979726,4,7,0,1.0,Low Risk Regime
2021-07-17,207,11641,202,0.017352461128769,0.1040288634996993,0.4826045872347736,27.0,8.7,22.3,1.0,181.1428571428571,186.6,0.0152048793059015,0.0156945279615153,5,7,0,1.0,Low Risk Regime
2021-07-18,188,11641,183,0.0157202989433897,0.1089253500558371,0.4808865217764796,25.4,15.0,20.4,1.0,187.0,184.9,0.0156589394627363,0.0155542192824213,6,7,0,1.0,Low Risk Regime
2021-07-19,192,11641,189,0.0162357185808779,0.1124473842453397,0.4765054548578301,24.2,0.2,13.2,1.0,188.8571428571429,184.36666666666667,0.0157939303201737,0.0155169945308249,0,7,0,1.0,Low Risk Regime
2021-07-20,160,11641,157,0.0134868138476075,0.1135641267932308,0.4751310024911949,25.8,0.0,17.4,0.0,188.57142857142856,183.86666666666667,0.0157693865279124,0.0154711794519371,1,7,1,1.0,Moderate Risk Regime
2021-07-21,192,11641,189,0.0162357185808779,0.1133923202474014,0.4738424533974744,24.2,5.3,14.9,1.0,190.28571428571428,183.66666666666663,0.0159534649698724,0.0154539987973541,2,7,0,1.0,Low Risk Regime
2021-07-22,177,11641,171,0.0146894596684133,0.1144231595223778,0.4733270337599862,22.6,0.0,15.6,0.0,187.42857142857144,183.73333333333332,0.015708027047259,0.0154454084700627,3,7,1,1.0,Moderate Risk Regime
2021-07-23,183,11641,182,0.015634395670475,0.1127050940640838,0.4734988403058156,22.6,0.0,12.4,0.0,185.57142857142856,183.5,0.0156221237743443,0.0154253643730492,4,7,1,1.0,Moderate Risk Regime
2021-07-24,197,11641,195,0.0167511382183661,0.1115883515161927,0.4728975173954127,22.9,0.0,17.2,0.0,184.1428571428571,182.76666666666668,0.0155362205014296,0.0153709589668699,5,7,1,1.0,Moderate Risk Regime
2021-07-25,184,11641,177,0.0152048793059015,0.1107293187870457,0.4710076453912894,24.5,7.9,20.7,1.0,183.57142857142856,181.4,0.0154625891246456,0.0152449674999284,6,7,0,1.0,Low Risk Regime
2021-07-26,189,11641,186,0.0159780087621338,0.110385705695387,0.4674856112017868,26.3,0.0,13.5,0.0,183.1428571428571,180.9,0.0154257734362536,0.0152106061907625,0,7,1,1.0,Moderate Risk Regime
2021-07-27,175,11641,174,0.0149471694871574,0.1101279958766429,0.4661970621080663,25.2,0.1,24.2,1.0,185.28571428571428,180.33333333333337,0.015634395670475,0.0151676545543051,1,7,0,1.0,Low Risk Regime
2021-07-28,174,11641,170,0.0146035563954986,0.1114165449703633,0.4647367064685164,23.5,1.1,17.7,1.0,182.71428571428572,179.16666666666666,0.0154012296439922,0.0150788878389599,2,7,0,1.0,Low Risk Regime
2021-07-29,190,11641,189,0.0162357185808779,0.1098702860578988,0.461730091916502,22.6,32.2,27.2,1.0,184.57142857142856,178.96666666666667,0.0156221237743443,0.0150645706268075,3,7,0,1.0,Low Risk Regime
2021-07-30,209,11641,203,0.0174383644016837,0.1109870286057898,0.4612146722790138,23.4,0.0,25.2,0.0,188.28571428571428,179.43333333333334,0.0158798335930884,0.0150989319359734,4,7,1,1.0,Moderate Risk Regime
2021-07-31,181,11641,177,0.0152048793059015,0.113220513701572,0.4624173180998196,20.0,0.0,22.3,0.0,186.0,179.56666666666666,0.0156589394627363,0.0151103857056953,5,7,1,1.0,Moderate Risk Regime
2021-08-01,165,11641,163,0.0140022334850957,0.1118460613349368,0.4627609311914784,21.5,0.7,21.7,1.0,183.28571428571428,179.36666666666667,0.0154871329169069,0.0150903416086819,6,8,0,1.0,Low Risk Regime
2021-08-02,188,11641,183,0.0157202989433897,0.1102138991495575,0.4622455115539902,21.7,0.0,19.7,0.0,183.1428571428571,180.33333333333337,0.0154503172285149,0.0151647911118746,0,8,1,1.0,Moderate Risk Regime
2021-08-03,159,11641,158,0.0135727171205222,0.1101279958766429,0.4647367064685164,20.6,0.0,11.3,0.0,180.8571428571429,180.8,0.0152539668904242,0.0152163330756235,1,8,1,1.0,Moderate Risk Regime
2021-08-04,150,11641,145,0.0124559745726312,0.1087535435100077,0.4659393522893222,21.2,0.8,14.0,1.0,177.42857142857142,180.16666666666663,0.0149471694871574,0.0151619276694442,2,8,0,1.0,Low Risk Regime
2021-08-05,174,11641,170,0.0146035563954986,0.1066918649600549,0.4643071901039429,21.8,0.1,14.2,1.0,175.14285714285714,179.9,0.0147140034606747,0.0151418835724307,3,8,0,1.0,Low Risk Regime
2021-08-06,194,11641,190,0.0163216218537926,0.1053174125934198,0.4636199639206254,23.9,0.0,21.7,0.0,173.0,180.46666666666667,0.0145544688109759,0.0151876986513186,4,8,1,1.0,Moderate Risk Regime
2021-08-07,187,11641,181,0.0155484923975603,0.1040288634996993,0.4650803195601752,24.8,0.0,26.5,0.0,173.85714285714286,180.76666666666668,0.0146035563954986,0.0152048793059015,5,8,1,1.0,Moderate Risk Regime
2021-08-08,187,11641,184,0.0158062022163044,0.1045442831371875,0.4658534490164075,21.1,13.2,20.4,1.0,177.0,180.43333333333337,0.0148612662142427,0.0151876986513186,6,8,0,1.0,Low Risk Regime
2021-08-09,190,11641,182,0.015634395670475,0.1064341551413108,0.4649944162872605,23.1,0.7,18.7,1.0,177.28571428571428,181.76666666666668,0.014848994318112,0.0152821922515247,0,8,0,1.0,Low Risk Regime
2021-08-10,204,11641,201,0.0172665578558543,0.1066059616871402,0.4684305472038484,24.2,5.9,18.2,1.0,183.71428571428572,183.66666666666663,0.0153766858517309,0.0154396815852017,1,8,0,1.0,Low Risk Regime
2021-08-11,161,11641,158,0.0135727171205222,0.1104716089683016,0.4733270337599862,26.8,3.4,22.1,1.0,185.28571428571428,183.06666666666663,0.0155362205014296,0.0153824127365919,2,8,0,1.0,Low Risk Regime
2021-08-12,154,11641,149,0.01279958766429,0.1114165449703633,0.4717807748475217,28.5,0.0,21.2,0.0,182.42857142857144,182.8,0.0152785106826855,0.015353778312287,3,8,1,1.0,Moderate Risk Regime
2021-08-13,199,11641,197,0.0169229447641955,0.1096984795120694,0.4710935486642041,28.6,0.0,20.0,0.0,183.1428571428571,183.43333333333337,0.0153644139556002,0.0154196374881883,4,8,1,1.0,Moderate Risk Regime
2021-08-14,156,11641,154,0.0132291040288635,0.1101279958766429,0.4727257108495833,27.4,5.2,18.5,1.0,178.71428571428572,182.06666666666663,0.0150330727600721,0.0153136901182601,5,8,0,1.0,Low Risk Regime
2021-08-15,152,11641,149,0.01279958766429,0.1074649944162872,0.4692036766600807,23.8,0.0,18.2,0.0,173.71428571428572,180.6,0.0146035563954986,0.0151991524210405,6,8,1,1.0,Moderate Risk Regime
2021-08-16,163,11641,159,0.0136586203934369,0.1044583798642728,0.465423932651834,23.1,0.0,18.0,0.0,169.85714285714286,179.13333333333333,0.0143213027844932,0.0150760243965295,0,8,1,1.0,Moderate Risk Regime
2021-08-17,137,11641,135,0.0115969418434842,0.1021389914955759,0.4616441886435873,23.9,2.3,21.8,1.0,160.28571428571428,177.43333333333334,0.0135113576398689,0.0149385791598659,1,8,0,1.0,Low Risk Regime
2021-08-18,190,11641,184,0.0158062022163044,0.0963834722102912,0.4572631217249377,24.5,1.9,26.2,1.0,164.42857142857142,177.36666666666667,0.0138304269392663,0.0149242619477135,2,8,0,1.0,Low Risk Regime
2021-08-19,164,11641,160,0.0137445236663516,0.0988746671248174,0.4570913151791083,26.6,8.3,25.7,1.0,165.85714285714286,177.5,0.0139654177967037,0.014932852275005,3,8,0,1.0,Low Risk Regime
2021-08-20,192,11641,186,0.0159780087621338,0.0997336998539644,0.4574349282707671,24.7,1.8,12.0,1.0,164.85714285714286,177.5,0.0138304269392663,0.0149242619477135,4,8,0,1.0,Low Risk Regime
2021-08-21,183,11641,180,0.0154625891246456,0.0991323769435615,0.4574349282707671,24.8,1.2,15.6,1.0,168.71428571428572,177.7,0.0141494962386638,0.0149500329295879,5,8,0,1.0,Low Risk Regime
2021-08-22,151,11641,148,0.0127136843913753,0.1014517653122584,0.4579503479082553,23.2,67.3,19.5,1.0,168.57142857142858,176.63333333333333,0.0141372243425331,0.0148526758869512,6,8,0,1.0,Low Risk Regime
2021-08-23,145,11641,142,0.0121982647538871,0.1013658620393437,0.4552014431749849,24.7,35.1,28.8,1.0,166.0,174.9,0.0139286021083117,0.0147009134381353,0,8,0,1.0,Low Risk Regime
2021-08-24,177,11641,171,0.0146894596684133,0.0998196031268791,0.4507344729834207,26.1,0.0,14.2,0.0,171.71428571428572,174.66666666666666,0.0143703903690159,0.0146837327835523,1,8,1,1.0,Moderate Risk Regime
2021-08-25,187,11641,183,0.0157202989433897,0.103255734043467,0.4501331500730178,26.0,0.0,10.0,0.0,171.28571428571428,174.6,0.0143581184728852,0.0146751424562609,2,8,1,1.0,Moderate Risk Regime
2021-08-26,189,11641,184,0.0158062022163044,0.1029980242247229,0.4499613435271883,27.0,0.1,16.2,1.0,174.85714285714286,175.06666666666666,0.0146526439800213,0.0147037768805658,3,8,0,1.0,Low Risk Regime
2021-08-27,194,11641,190,0.0163216218537926,0.1051456060475904,0.4511639893479942,27.4,1.6,10.0,1.0,175.14285714285714,175.73333333333332,0.014701731564544,0.0147610457291756,4,8,0,1.0,Low Risk Regime
2021-08-28,160,11641,157,0.0134868138476075,0.1053174125934198,0.4528820548062881,23.1,3.3,24.8,1.0,171.85714285714286,174.73333333333332,0.0144194779535386,0.0146694155713999,5,8,0,1.0,Low Risk Regime
2021-08-29,192,11641,186,0.0159780087621338,0.1033416373163817,0.4503049566188472,22.0,2.0,13.8,1.0,177.71428571428572,174.16666666666666,0.0148858100065041,0.0146207370500816,6,8,0,1.0,Low Risk Regime
2021-08-30,168,11641,165,0.0141740400309251,0.1068636715058843,0.4488446009792973,24.8,5.2,16.1,1.0,181.0,173.73333333333332,0.0151680636175095,0.0145863757409157,0,8,0,1.0,Low Risk Regime
2021-08-31,172,11641,171,0.0146894596684133,0.1088394467829224,0.4477278584314062,24.8,0.0,16.8,0.0,180.28571428571428,173.96666666666667,0.0151680636175095,0.0146092832803596,1,8,1,1.0,Moderate Risk Regime
2021-09-01,173,11641,172,0.014775362941328,0.1084099304183489,0.4483291813418091,21.6,111.5,45.2,1.0,178.28571428571428,173.46666666666667,0.0150330727600721,0.0145777854136242,2,9,0,1.0,Low Risk Regime
2021-09-02,189,11641,180,0.0154625891246456,0.1072072845975431,0.4470406322480886,19.6,22.4,41.9,1.0,178.28571428571428,174.46666666666667,0.0149839851755494,0.014640781147095,3,9,0,1.0,Low Risk Regime
2021-09-03,186,11641,182,0.015634395670475,0.1072072845975431,0.4496177304355296,18.4,0.0,15.3,0.0,177.14285714285714,175.66666666666666,0.0148858100065041,0.0147467285170231,4,9,1,1.0,Moderate Risk Regime
2021-09-04,194,11641,190,0.0163216218537926,0.1065200584142255,0.4527102482604587,19.8,0.0,15.9,0.0,182.0,176.33333333333334,0.0152907825788162,0.0148039973656329,5,9,1,1.0,Moderate Risk Regime
2021-09-05,136,11641,133,0.0114251352976548,0.1094407696933253,0.4544283137187527,21.0,1.2,15.5,1.0,174.0,174.4,0.0146403720838906,0.014640781147095,6,9,0,1.0,Low Risk Regime
2021-09-06,173,11641,170,0.0146035563954986,0.1046301864101022,0.4494459238897001,22.7,0.0,20.2,0.0,174.71428571428572,173.93333333333334,0.014701731564544,0.0146092832803596,0,9,1,1.0,Moderate Risk Regime
2021-09-07,187,11641,181,0.0155484923975603,0.1050597027746757,0.4482432780688944,20.9,0.0,13.3,0.0,176.85714285714286,173.93333333333334,0.0148244505258507,0.0146006929530681,1,9,1,1.0,Moderate Risk Regime
2021-09-08,177,11641,174,0.0149471694871574,0.1063482518683961,0.4482432780688944,23.4,0.6,26.3,1.0,177.42857142857142,173.5,0.014848994318112,0.0145777854136242,2,9,0,1.0,Low Risk Regime
2021-09-09,161,11641,159,0.0136586203934369,0.1066918649600549,0.4471265355210033,21.3,19.4,18.5,1.0,173.42857142857142,172.06666666666666,0.0145912844993679,0.0144575208315436,3,9,0,1.0,Low Risk Regime
2021-09-10,205,11641,198,0.0170088480371102,0.1042865733184434,0.4434326947856713,19.7,0.0,25.3,0.0,176.14285714285714,173.53333333333333,0.0147876348374587,0.0145720585287632,4,9,1,1.0,Moderate Risk Regime
2021-09-11,182,11641,182,0.015634395670475,0.1059187355038226,0.447212438793918,19.3,0.0,16.5,0.0,174.42857142857142,174.46666666666667,0.0146894596684133,0.0146665521289694,5,9,1,1.0,Moderate Risk Regime
2021-09-12,177,11641,174,0.0149471694871574,0.1048878962288463,0.4496177304355296,23.1,0.0,25.2,0.0,180.28571428571428,173.73333333333332,0.0151926074097708,0.0146006929530681,6,9,1,1.0,Moderate Risk Regime
2021-09-13,215,11641,213,0.0182973971308306,0.1084099304183489,0.4477278584314062,25.1,1.6,21.3,1.0,186.28571428571428,175.7,0.0157202989433897,0.014769636056467,0,9,0,1.0,Low Risk Regime
2021-09-14,187,11641,186,0.0159780087621338,0.1120178678807662,0.4527961515333734,22.2,0.1,18.8,1.0,186.28571428571428,176.86666666666667,0.0157816584240431,0.0148755834263952,1,9,0,1.0,Low Risk Regime
2021-09-15,182,11641,180,0.0154625891246456,0.1120178678807662,0.4558027660853878,24.9,0.8,23.1,1.0,187.0,177.5,0.0158552898008271,0.0149357157174355,2,9,0,1.0,Low Risk Regime
2021-09-16,136,11641,132,0.0113392320247401,0.1124473842453397,0.4574349282707671,21.7,4.0,20.9,1.0,183.42857142857144,177.46666666666667,0.015523948605299,0.014927125390144,3,9,0,1.0,Low Risk Regime
2021-09-17,204,11641,202,0.017352461128769,0.1102998024224723,0.4573490249978524,21.9,1.6,20.5,1.0,183.28571428571428,177.93333333333334,0.0155730361898216,0.0149786673538928,4,9,0,1.0,Low Risk Regime
2021-09-18,163,11641,159,0.0136586203934369,0.1102138991495575,0.4585516708186581,23.2,0.4,15.3,1.0,180.57142857142856,177.9,0.0152907825788162,0.0149758039114623,5,9,0,1.0,Low Risk Regime
2021-09-19,192,11641,190,0.0163216218537926,0.1085817369641783,0.4584657675457435,20.6,0.0,18.8,0.0,182.71428571428572,177.9,0.0154871329169069,0.0149872576811843,6,9,1,1.0,Moderate Risk Regime
2021-09-20,182,11641,175,0.0150330727600721,0.1098702860578988,0.4584657675457435,18.9,0.3,17.1,1.0,178.0,177.86666666666667,0.0150208008639414,0.0149729404690318,0,9,0,1.0,Low Risk Regime
2021-09-21,160,11641,155,0.0133150073017781,0.1070354780517137,0.4583798642728288,20.3,0.1,16.0,1.0,174.14285714285714,178.16666666666666,0.0146403720838906,0.0149929845660453,1,9,0,1.0,Low Risk Regime
2021-09-22,138,11641,138,0.0118546516622283,0.1047160896830169,0.4591529937290611,22.8,4.9,30.1,1.0,167.85714285714286,177.93333333333334,0.0141249524464024,0.0149815307963233,2,9,0,1.0,Low Risk Regime
2021-09-23,174,11641,173,0.0148612662142427,0.1009363456747702,0.4585516708186581,23.2,18.4,40.9,1.0,173.28571428571428,177.83333333333334,0.01462810018776,0.0149872576811843,3,9,0,1.0,Low Risk Regime
2021-09-24,199,11641,193,0.0165793316725367,0.1042006700455287,0.4582939609999141,18.8,26.2,15.5,1.0,172.57142857142858,178.23333333333332,0.0145176531225839,0.0150158921054892,4,9,0,1.0,Low Risk Regime
2021-09-25,197,11641,196,0.0168370414912808,0.1037711536809552,0.4593248002748905,18.4,0.0,7.7,0.0,177.42857142857142,178.5,0.0149717132794188,0.015050253414655,5,9,1,1.0,Moderate Risk Regime
2021-09-26,177,11641,175,0.0150330727600721,0.1066918649600549,0.460012026458208,18.3,0.0,24.3,0.0,175.28571428571428,177.93333333333334,0.0147876348374587,0.0150073017781977,6,9,1,1.0,Moderate Risk Regime
2021-09-27,178,11641,176,0.0151189760329868,0.1054033158663345,0.4585516708186581,20.0,0.0,25.5,0.0,174.71428571428572,178.53333333333333,0.0147999067335894,0.015061707184377,0,9,1,1.0,Moderate Risk Regime
2021-09-28,152,11641,150,0.0128854909372047,0.1050597027746757,0.4600979297311227,19.8,15.3,19.4,1.0,173.57142857142858,177.2,0.014738547252936,0.0149586232568794,1,9,0,1.0,Low Risk Regime
2021-09-29,205,11641,202,0.017352461128769,0.1043724765913581,0.4566617988145348,15.9,0.1,22.2,1.0,183.1428571428571,178.43333333333334,0.015523948605299,0.0150645706268075,2,9,0,1.0,Low Risk Regime
2021-09-30,195,11641,192,0.016493428399622,0.1101279958766429,0.4598402199123786,15.6,0.0,20.7,0.0,186.1428571428571,179.2,0.0157571146317817,0.0151247029178478,3,9,1,1.0,Moderate Risk Regime
2021-10-01,216,11641,214,0.0183833004037453,0.1119319646078515,0.4618159951894167,14.5,0.0,12.6,0.0,188.57142857142856,180.63333333333333,0.0160148244505258,0.0152449674999284,4,10,1,1.0,Moderate Risk Regime
2021-10-02,196,11641,194,0.0166652349454514,0.1133923202474014,0.4655098359247487,16.7,0.0,17.7,0.0,188.42857142857144,180.86666666666667,0.0159902806582645,0.0152850556939552,5,10,1,1.0,Moderate Risk Regime
2021-10-03,155,11641,148,0.0127136843913753,0.1133064169744867,0.4661111588351516,19.1,0.0,13.6,0.0,185.28571428571428,179.83333333333334,0.0156589394627363,0.0151876986513186,6,10,1,1.0,Moderate Risk Regime
2021-10-04,165,11641,161,0.0138304269392663,0.1114165449703633,0.463448157374796,19.6,22.8,19.2,1.0,183.42857142857144,178.86666666666667,0.0154748610207763,0.0151046588208344,0,10,0,1.0,Low Risk Regime
2021-10-05,181,11641,179,0.0153766858517309,0.1102998024224723,0.4609569624602697,17.2,0.0,15.9,0.0,187.57142857142856,180.36666666666667,0.0158307460085657,0.0152363771726369,1,10,1,1.0,Moderate Risk Regime
2021-10-06,149,11641,149,0.01279958766429,0.1127909973369985,0.4648226097414311,18.0,0.0,6.9,0.0,179.57142857142858,179.56666666666666,0.0151803355136402,0.0151762448815966,2,10,1,1.0,Moderate Risk Regime
2021-10-07,216,11641,214,0.0183833004037453,0.1079804140537754,0.4627609311914784,18.8,0.4,11.0,1.0,182.57142857142856,180.53333333333333,0.0154503172285149,0.0152707384818028,3,10,0,1.0,Low Risk Regime
2021-10-08,193,11641,186,0.0159780087621338,0.1097843827849841,0.4652521261060046,18.7,0.0,12.6,0.0,179.28571428571428,181.06666666666663,0.0151067041368561,0.0153050997909687,4,10,1,1.0,Moderate Risk Regime
2021-10-09,141,11641,136,0.0116828451163989,0.107808607507946,0.4666265784726398,17.7,0.4,22.3,1.0,171.42857142857142,180.4,0.0143949341612772,0.0152392406150674,5,10,0,1.0,Low Risk Regime
2021-10-10,141,11641,136,0.0116828451163989,0.1030839274976376,0.4649085130143458,17.6,2.8,28.1,1.0,169.42857142857142,178.26666666666668,0.0142476714077092,0.015061707184377,6,10,0,1.0,Low Risk Regime
2021-10-11,127,11641,126,0.0108238123872519,0.1018812816768318,0.4594107035478051,18.4,0.0,27.8,0.0,164.0,176.43333333333334,0.0138181550431357,0.0149013544082696,0,10,1,1.0,Moderate Risk Regime
2021-10-12,144,11641,139,0.011940554935143,0.0986169573060733,0.4546860235374967,17.8,0.0,12.8,0.0,158.71428571428572,175.33333333333334,0.0133272791979088,0.0148011339232024,1,10,1,1.0,Moderate Risk Regime
2021-10-13,138,11641,135,0.0115969418434842,0.0954385362082295,0.4518512155313117,18.2,0.1,12.9,1.0,157.14285714285714,172.76666666666668,0.0131554726520794,0.0145777854136242,2,10,0,1.0,Low Risk Regime
2021-10-14,164,11641,154,0.0132291040288635,0.0944936002061678,0.44523666351688,19.5,0.0,16.8,0.0,149.71428571428572,172.0,0.0124191588842392,0.0144861552558485,3,10,1,1.0,Moderate Risk Regime
2021-10-15,157,11641,151,0.0129713942101194,0.0900266300146035,0.4432608882398419,19.8,0.0,18.5,0.0,144.57142857142858,171.16666666666666,0.0119896425196657,0.0144031154253643,4,10,1,1.0,Moderate Risk Regime
2021-10-16,151,11641,149,0.01279958766429,0.0869341121896744,0.4411133064169745,20.3,17.8,27.9,1.0,146.0,171.66666666666666,0.0121491771693644,0.0144517939466827,5,10,0,1.0,Low Risk Regime
2021-10-17,143,11641,138,0.0118546516622283,0.0877931449188214,0.4424018555106949,14.1,0.2,24.5,1.0,146.28571428571428,169.63333333333333,0.0121737209616257,0.0142685336311313,6,10,0,1.0,Low Risk Regime
2021-10-18,130,11641,122,0.0104801992955931,0.0879649514646508,0.4371617558628983,12.2,0.0,33.5,0.0,146.71428571428572,168.53333333333333,0.012124633377103,0.0141625862612032,0,10,1,1.0,Moderate Risk Regime
2021-10-19,120,11641,115,0.0098788763851902,0.0882226612833949,0.4343269478567133,13.6,0.0,24.9,0.0,143.28571428571428,166.13333333333333,0.0118301078699669,0.0139478280789164,1,10,1,1.0,Moderate Risk Regime
2021-10-20,148,11641,145,0.0124559745726312,0.0861609827334421,0.4281419122068551,18.1,0.0,21.1,0.0,144.71428571428572,165.0,0.0119528268312737,0.0138619248060017,2,10,1,1.0,Moderate Risk Regime
2021-10-21,150,11641,147,0.0126277811184606,0.0870200154625891,0.4252212009277553,17.3,0.0,17.8,0.0,142.71428571428572,164.66666666666666,0.011866923558359,0.0138390172665578,3,10,1,1.0,Moderate Risk Regime
2021-10-22,146,11641,142,0.0121982647538871,0.0858173696417833,0.4243621681986084,17.6,0.0,17.9,0.0,141.14285714285714,164.93333333333334,0.0117564764931829,0.0138504710362798,4,10,1,1.0,Moderate Risk Regime
2021-10-23,110,11641,108,0.0092775534747873,0.0848724336397216,0.4250493943819259,13.1,0.4,14.9,1.0,135.28571428571428,162.8,0.0112533287518254,0.0136643472782979,5,10,0,1.0,Low Risk Regime
2021-10-24,69,11641,66,0.00566961601237,0.081350399450219,0.4195515849153853,12.1,0.7,13.0,1.0,124.71428571428572,158.46666666666667,0.0103697522304171,0.0133006900896257,6,10,0,1.0,Low Risk Regime
2021-10-25,134,11641,131,0.0112533287518254,0.0749935572545314,0.4083841594364745,18.6,10.9,20.1,1.0,125.28571428571428,156.36666666666667,0.0104801992955931,0.0131145663316439,0,10,0,1.0,Low Risk Regime
2021-10-26,193,11641,192,0.016493428399622,0.0753371703461902,0.4029722532428486,15.9,78.8,31.3,1.0,135.71428571428572,156.9,0.0114251352976548,0.0131632448529622,1,10,0,1.0,Low Risk Regime
2021-10-27,188,11641,186,0.0159780087621338,0.0816081092689631,0.4043467056094837,14.1,6.8,36.5,1.0,141.42857142857142,157.23333333333332,0.0119282830390123,0.0131918792772671,2,10,0,1.0,Low Risk Regime
2021-10-28,211,11641,205,0.0176101709475131,0.085044240185551,0.4052057383386307,11.7,0.0,20.2,0.0,150.14285714285714,159.2,0.0126400530145912,0.013349368610944,3,10,1,1.0,Moderate Risk Regime
2021-10-29,178,11641,176,0.0151189760329868,0.0902843398333476,0.4102740314405979,11.7,9.3,38.0,1.0,154.71428571428572,158.3,0.0130572974830341,0.0132749191077513,4,10,0,1.0,Low Risk Regime
2021-10-30,193,11641,188,0.0161498153079632,0.0930332445666179,0.407954643071901,15.7,6.7,40.9,1.0,166.57142857142858,158.23333333333332,0.0140390491734877,0.0132634653380293,5,10,0,1.0,Low Risk Regime
2021-10-31,191,11641,187,0.0160639120350485,0.1001632162185379,0.4077828365260716,14.8,5.9,22.1,1.0,184.0,157.4,0.015523948605299,0.0131861523924061,6,10,0,1.0,Low Risk Regime
2021-11-01,189,11641,186,0.0159780087621338,0.1106434155141311,0.4056352547032042,11.9,0.0,21.9,0.0,191.8571428571429,157.16666666666666,0.0161989028924859,0.0131632448529622,0,11,1,1.0,Moderate Risk Regime
2021-11-02,154,11641,150,0.0128854909372047,0.1153680955244394,0.4050339317928013,9.5,0.7,14.6,1.0,186.28571428571428,157.13333333333333,0.0156834832549977,0.0131689717378232,1,11,0,1.0,Low Risk Regime
2021-11-03,177,11641,172,0.014775362941328,0.1120178678807662,0.4049480285198866,7.1,0.1,17.1,1.0,184.71428571428572,157.53333333333333,0.0155116767091683,0.0132004696045586,2,11,0,1.0,Low Risk Regime
2021-11-04,161,11641,160,0.0137445236663516,0.1110729318787045,0.405978867794863,6.6,0.0,10.3,0.0,177.57142857142858,156.86666666666667,0.0149594413832881,0.0131460641983792,3,11,1,1.0,Moderate Risk Regime
2021-11-05,212,11641,206,0.0176960742204277,0.1067777682329696,0.404260802336569,6.6,0.0,15.5,0.0,182.42857142857144,158.96666666666667,0.0153275982672082,0.0133092804169172,4,11,1,1.0,Moderate Risk Regime
2021-11-06,180,11641,175,0.0150330727600721,0.1096984795120694,0.409672708530195,7.0,0.0,9.5,0.0,180.57142857142856,157.76666666666668,0.0151680636175095,0.0131976061621281,5,11,1,1.0,Moderate Risk Regime
2021-11-07,140,11641,140,0.0120264582080577,0.1085817369641783,0.4065801907052658,7.1,0.0,11.2,0.0,173.28571428571428,156.0,0.0145912844993679,0.0130658878103255,6,11,1,1.0,Moderate Risk Regime
2021-11-08,179,11641,177,0.0152048793059015,0.1042006700455287,0.4020273172407869,10.9,0.0,19.2,0.0,171.85714285714286,157.26666666666668,0.0144808374341919,0.0131832889499756,0,11,1,1.0,Moderate Risk Regime
2021-11-09,173,11641,169,0.0145176531225839,0.1033416373163817,0.4052916416115454,11.8,0.0,10.1,0.0,174.57142857142858,158.33333333333334,0.0147140034606747,0.0132777825501818,1,11,1,1.0,Moderate Risk Regime
2021-11-10,194,11641,193,0.0165793316725367,0.104973799501761,0.4080405463448157,12.7,0.4,22.5,1.0,177.0,160.56666666666666,0.0149717132794188,0.0134696331930246,2,11,0,1.0,Low Risk Regime
2021-11-11,160,11641,156,0.0134009105746928,0.1064341551413108,0.4137960656301005,10.2,0.4,25.1,1.0,176.85714285714286,161.1,0.0149226256948961,0.0135183117143429,3,11,0,1.0,Low Risk Regime
2021-11-12,208,11641,203,0.0174383644016837,0.1063482518683961,0.4151705179967356,15.4,16.1,40.7,1.0,176.28571428571428,163.43333333333334,0.0148858100065041,0.0137130257996162,4,11,0,1.0,Low Risk Regime
2021-11-13,188,11641,182,0.015634395670475,0.1060046387767374,0.4211837471007645,9.3,3.8,37.8,1.0,177.42857142857142,164.23333333333332,0.0149717132794188,0.01379320218767,5,11,0,1.0,Low Risk Regime
2021-11-14,150,11641,145,0.0124559745726312,0.1066918649600549,0.4232454256507172,6.2,0.7,20.7,1.0,178.85714285714286,164.0,0.0150330727600721,0.013776021533087,6,11,0,1.0,Low Risk Regime
2021-11-15,204,11641,199,0.0170947513100249,0.1075508976892019,0.4226441027403144,5.7,1.1,31.0,1.0,182.42857142857144,165.76666666666668,0.0153030544749469,0.0139191936546115,0,11,0,1.0,Low Risk Regime
2021-11-16,187,11641,184,0.0158062022163044,0.1096984795120694,0.4271969762047934,5.4,0.0,21.3,0.0,184.42857142857144,167.23333333333332,0.0154871329169069,0.0140509120064141,1,11,1,1.0,Moderate Risk Regime
2021-11-17,170,11641,164,0.0140881367580104,0.1109011253328751,0.4309767202130401,7.5,0.0,21.6,0.0,181.0,168.56666666666666,0.0151312479291175,0.0141711765884946,2,11,1,1.0,Moderate Risk Regime
2021-11-18,212,11641,209,0.0179537840391718,0.1088394467829224,0.434412851129628,13.6,2.6,24.0,1.0,188.42857142857144,171.63333333333333,0.0157816584240431,0.0144403401769607,3,11,0,1.0,Low Risk Regime
2021-11-19,184,11641,180,0.0154625891246456,0.1133064169744867,0.4423159522377802,7.0,3.0,29.8,1.0,185.0,172.83333333333334,0.0154994048130376,0.0145405606620278,4,11,0,1.0,Low Risk Regime
2021-11-20,160,11641,157,0.0134868138476075,0.1112447384245339,0.4454084700627094,4.4,0.0,15.5,0.0,181.0,173.16666666666666,0.0151926074097708,0.0145691950863327,5,11,1,1.0,Moderate Risk Regime
2021-11-21,148,11641,148,0.0127136843913753,0.1088394467829224,0.4462675027918564,8.4,0.7,20.5,1.0,180.71428571428572,173.23333333333332,0.0152294230981628,0.0145863757409157,6,11,0,1.0,Low Risk Regime
2021-11-22,170,11641,167,0.0143458465767545,0.108667640237093,0.4464393093376858,8.6,1.4,23.5,1.0,175.85714285714286,175.23333333333332,0.0148367224219814,0.0147553188443146,0,11,0,1.0,Low Risk Regime
2021-11-23,196,11641,194,0.0166652349454514,0.1057469289579933,0.4515935057125676,2.4,0.5,28.6,1.0,177.14285714285714,179.46666666666667,0.0149594413832881,0.0151218394754173,1,11,0,1.0,Low Risk Regime
2021-11-24,216,11641,211,0.0181255905850012,0.1065200584142255,0.4625032213727343,2.4,0.0,18.2,0.0,183.71428571428572,182.2,0.0155362205014296,0.0153509148698565,2,11,1,1.0,Moderate Risk Regime
2021-11-25,116,11641,114,0.0097929731122755,0.1104716089683016,0.4695472897517395,6.1,0.0,11.8,0.0,170.0,179.63333333333333,0.0143703903690159,0.0151275663602783,3,11,1,1.0,Moderate Risk Regime
2021-11-26,136,11641,131,0.0112533287518254,0.1022248947684906,0.4629327377373078,6.0,8.4,29.7,1.0,163.14285714285714,177.9,0.013769067458613,0.0149700770266013,4,11,0,1.0,Low Risk Regime
2021-11-27,142,11641,140,0.0120264582080577,0.0981015376685851,0.4584657675457435,2.3,0.0,30.4,0.0,160.57142857142858,175.6,0.0135604452243916,0.0147839532686195,5,11,1,1.0,Moderate Risk Regime
2021-11-28,159,11641,156,0.0134009105746928,0.0965552787561206,0.4525384417146293,2.3,2.0,10.9,1.0,162.14285714285714,174.96666666666667,0.0136586203934369,0.0147266844200097,6,11,0,1.0,Low Risk Regime
2021-11-29,189,11641,185,0.0158921054892191,0.0975002147581822,0.45090627952925,3.1,0.3,21.6,1.0,164.85714285714286,174.83333333333334,0.013879514523789,0.0147180940927182,0,11,0,1.0,Low Risk Regime
2021-11-30,159,11641,158,0.0135727171205222,0.0991323769435615,0.4505626664375913,1.4,0.2,19.0,1.0,159.57142857142858,173.76666666666668,0.0134377262630849,0.014635054262234,1,11,0,1.0,Low Risk Regime
2021-12-01,122,11641,117,0.0100506829310196,0.0959539558457177,0.4478137617043209,4.5,0.1,16.6,1.0,146.14285714285714,171.53333333333333,0.0122841680268018,0.0144374767345302,2,12,0,1.0,Low Risk Regime
2021-12-02,165,11641,160,0.0137445236663516,0.0878790481917361,0.4420582424190362,10.2,2.1,28.1,1.0,153.14285714285714,171.9,0.0128486752488126,0.0144661111588351,3,12,0,1.0,Low Risk Regime
2021-12-03,197,11641,193,0.0165793316725367,0.0920883085645563,0.4430031784210978,5.7,0.0,27.7,0.0,161.85714285714286,172.56666666666666,0.0136095328089143,0.0145262434498754,4,12,1,1.0,Moderate Risk Regime
2021-12-04,163,11641,158,0.0135727171205222,0.0973284082123528,0.4447212438793918,4.5,0.0,13.7,0.0,164.85714285714286,172.63333333333333,0.0138304269392663,0.0145205165650144,5,12,1,1.0,Moderate Risk Regime
2021-12-05,142,11641,140,0.0120264582080577,0.0991323769435615,0.4448930504252212,4.5,0.0,15.2,0.0,162.42857142857142,170.3,0.0136340766011756,0.0143315293646021,6,12,1,1.0,Moderate Risk Regime
2021-12-06,188,11641,184,0.0158062022163044,0.0976720213040116,0.4388798213211923,12.4,5.5,36.0,1.0,162.28571428571428,170.56666666666666,0.0136218047050449,0.0143573003464765,0,12,0,1.0,Low Risk Regime
2021-12-07,150,11641,147,0.0126277811184606,0.0975861180310969,0.4395670475045099,3.7,0.1,28.3,1.0,161.0,170.9,0.0134868138476075,0.0143773444434899,1,12,0,1.0,Low Risk Regime
2021-12-08,155,11641,152,0.0130572974830341,0.0968129885748647,0.4404260802336569,2.8,0.5,14.7,1.0,165.71428571428572,170.1,0.013916330212181,0.0143057583827277,2,12,0,1.0,Low Risk Regime
2021-12-09,154,11641,151,0.0129713942101194,0.0996477965810497,0.4383644016837041,1.4,0.0,19.7,0.0,164.14285714285714,169.46666666666667,0.013805883147005,0.0142542164189788,3,12,1,1.0,Moderate Risk Regime
2021-12-10,165,11641,165,0.0141740400309251,0.098702860578988,0.4367322394983249,5.4,0.0,10.7,0.0,159.57142857142858,168.5,0.0134622700553462,0.0141740400309251,4,12,1,1.0,Moderate Risk Regime
2021-12-11,194,11641,189,0.0162357185808779,0.0959539558457177,0.4342410445837986,12.2,6.0,35.7,1.0,164.0,169.63333333333333,0.013842698835397,0.0142685336311313,5,12,0,1.0,Low Risk Regime
2021-12-12,156,11641,153,0.0131432007559488,0.0986169573060733,0.4371617558628983,6.9,0.9,34.2,1.0,166.0,167.9,0.0140022334850957,0.0141253615096068,6,12,0,1.0,Low Risk Regime
2021-12-13,164,11641,161,0.0138304269392663,0.0998196031268791,0.432694785671334,5.7,0.0,20.1,0.0,162.57142857142858,167.1,0.0137199798740903,0.0140652292185665,0,12,1,1.0,Moderate Risk Regime
2021-12-14,193,11641,189,0.0162357185808779,0.0977579245769263,0.4306331071213813,6.1,0.0,18.9,0.0,168.71428571428572,168.53333333333333,0.0142353995115785,0.0141912206855081,1,12,1,1.0,Moderate Risk Regime
2021-12-15,164,11641,160,0.0137445236663516,0.1014517653122584,0.4343269478567133,6.2,1.0,22.9,1.0,170.0,167.2,0.0143335746806239,0.014079546430719,2,12,0,1.0,Low Risk Regime
2021-12-16,166,11641,164,0.0140881367580104,0.1022248947684906,0.4308908169401254,11.9,0.0,24.1,0.0,171.71428571428572,166.5,0.0144931093303226,0.0140222775821092,3,12,1,1.0,Moderate Risk Regime
2021-12-17,174,11641,172,0.014775362941328,0.103255734043467,0.4290868482089167,11.7,0.0,22.0,0.0,173.0,166.63333333333333,0.0145790126032373,0.0140451851215531,4,12,1,1.0,Moderate Risk Regime
2021-12-18,191,11641,185,0.0158921054892191,0.1040288634996993,0.4294304613005755,5.7,3.7,12.7,1.0,172.57142857142858,165.93333333333334,0.0145299250187146,0.0139764625032213,5,12,0,1.0,Low Risk Regime
2021-12-19,170,11641,160,0.0137445236663516,0.1037711536809552,0.4276264925693669,3.9,0.4,27.6,1.0,174.57142857142858,165.46666666666667,0.0146158282916293,0.0139191936546115,6,12,0,1.0,Low Risk Regime
2021-12-20,176,11641,175,0.0150330727600721,0.104973799501761,0.4264238467485611,-1.1,0.0,17.9,0.0,176.28571428571428,166.0,0.0147876348374587,0.0139707356183603,0,12,1,1.0,Moderate Risk Regime
2021-12-21,129,11641,129,0.011081522205996,0.1060046387767374,0.4277982991151963,1.5,0.1,13.8,1.0,167.14285714285714,165.36666666666667,0.0140513210696184,0.013916330212181,1,12,0,1.0,Low Risk Regime
2021-12-22,151,11641,150,0.0128854909372047,0.1005068293101967,0.426166136929817,4.4,4.1,26.7,1.0,165.28571428571428,164.73333333333332,0.0139286021083117,0.0138676516908627,2,12,0,1.0,Low Risk Regime
2021-12-23,167,11641,166,0.0142599433038398,0.0993900867623056,0.4245339747444377,0.2,0.0,19.6,0.0,165.42857142857142,163.76666666666668,0.013953145900573,0.013787475302809,3,12,1,1.0,Moderate Risk Regime
2021-12-24,157,11641,155,0.0133150073017781,0.0994759900352203,0.4220427798299115,1.6,2.0,14.8,1.0,163.0,161.8,0.0137445236663516,0.0136271225267016,4,12,0,1.0,Low Risk Regime
2021-12-25,114,11641,111,0.0095352632935314,0.0980156343956704,0.4169744867279443,5.6,4.7,14.4,1.0,152.0,161.73333333333332,0.012836403352682,0.0136185321994101,5,12,0,1.0,Low Risk Regime
2021-12-26,102,11641,100,0.0085903272914698,0.0914010823812387,0.4168026801821149,6.5,0.2,23.5,1.0,142.28571428571428,160.6,0.0121000895848417,0.0135297654840649,6,12,0,1.0,Low Risk Regime
2021-12-27,114,11641,113,0.0097070698393608,0.0855596598230392,0.4138819689030152,1.3,1.7,13.7,1.0,133.42857142857142,159.66666666666666,0.0113392320247401,0.0134524525384417,0,12,0,1.0,Low Risk Regime
2021-12-28,128,11641,128,0.0109956189330813,0.0802336569023279,0.4114766772614036,5.3,0.4,13.0,1.0,133.28571428571428,158.63333333333333,0.0113269601286094,0.0133722761503879,1,12,0,1.0,Low Risk Regime
2021-12-29,106,11641,104,0.0089339403831285,0.0801477536294132,0.408813675801048,5.6,10.6,12.4,1.0,126.85714285714286,155.86666666666667,0.0107624529065985,0.0131403373135183,2,12,0,1.0,Low Risk Regime
2021-12-30,133,11641,126,0.0108238123872519,0.0762821063482518,0.4016837041491281,6.6,3.1,11.2,1.0,122.0,155.0,0.0102715770613717,0.0130487071557426,3,12,0,1.0,Low Risk Regime
2021-12-31,127,11641,121,0.0103942960226784,0.0733613950691521,0.3994502190533459,8.8,1.2,15.1,1.0,117.71428571428572,155.16666666666666,0.0098543325929289,0.0130601609254645,4,12,0,1.0,Low Risk Regime
2022-01-01,147,11641,140,0.0120264582080577,0.0707842968817111,0.3998797354179194,9.7,17.4,12.9,1.0,122.42857142857144,154.56666666666666,0.0102102175807183,0.0130028920768547,5,1,0,1.0,Low Risk Regime
2022-01-02,105,11641,104,0.0089339403831285,0.0736191048878962,0.3983334765054548,9.7,17.9,26.6,1.0,122.85714285714286,151.5,0.010259305165241,0.0127480457005411,6,1,0,1.0,Low Risk Regime
2022-01-03,107,11641,106,0.0091057469289579,0.0738768147066403,0.3904303753973026,-1.1,1.9,30.9,1.0,121.85714285714286,149.63333333333333,0.0101734018923263,0.0125991466941557,0,1,0,1.0,Low Risk Regime
2022-01-04,140,11641,138,0.0118546516622283,0.0732754917962374,0.3856197921140795,-3.0,0.0,21.4,0.0,123.57142857142856,149.56666666666666,0.010296120853633,0.0125934198092947,1,1,1,1.0,Moderate Risk Regime
2022-01-05,178,11641,162,0.013916330212181,0.0743063310712138,0.3854479855682501,2.2,0.3,23.0,1.0,133.85714285714286,149.23333333333332,0.011007890829212,0.0125304240758239,2,1,0,1.0,Low Risk Regime
2022-01-06,114,11641,112,0.0096211665664461,0.080491366721072,0.3845889528391031,2.0,0.0,19.8,0.0,131.14285714285714,148.03333333333333,0.0108360842833826,0.0124302035907568,3,1,1,1.0,Moderate Risk Regime
2022-01-07,136,11641,133,0.0114251352976548,0.0788592045356928,0.381496435014174,-1.6,9.0,25.5,1.0,132.42857142857142,147.4,0.0109833470369506,0.0123757981845774,4,1,0,1.0,Low Risk Regime
2022-01-08,141,11641,137,0.0117687483893136,0.0796323339919251,0.3798642728287947,-5.7,0.0,20.8,0.0,131.57142857142858,146.96666666666667,0.0109465313485586,0.0123357099905506,5,1,1,1.0,Moderate Risk Regime
2022-01-09,127,11641,123,0.0105661025685078,0.0791169143544369,0.3787475302809037,0.5,5.0,24.0,1.0,134.71428571428572,145.7,0.0111796973750414,0.01221544540847,6,1,0,1.0,Low Risk Regime
2022-01-10,124,11641,121,0.0103942960226784,0.0810067863585602,0.3754832059101451,-1.3,0.0,26.3,0.0,137.14285714285714,143.36666666666667,0.0113637758170014,0.0120207313231967,0,1,1,1.0,Moderate Risk Regime
2022-01-11,138,11641,133,0.0114251352976548,0.0824671419981101,0.3694699768061163,-6.9,0.0,28.0,0.0,136.85714285714286,142.76666666666668,0.0113024163363481,0.0119634624745869,1,1,1,1.0,Moderate Risk Regime
2022-01-12,127,11641,125,0.0107379091143372,0.0822953354522807,0.3679237178936517,-1.9,0.0,22.0,0.0,129.57142857142858,141.53333333333333,0.0108483561795132,0.0118603785470893,2,1,1,1.0,Moderate Risk Regime
2022-01-13,153,11641,153,0.0131432007559488,0.0779142685336311,0.3647452967958079,1.1,0.0,10.0,0.0,135.14285714285714,140.2,0.0113515039208708,0.0117572946195916,3,1,1,1.0,Moderate Risk Regime
2022-01-14,157,11641,154,0.0132291040288635,0.0812644961773043,0.36130916587922,1.7,0.0,36.4,0.0,138.14285714285714,139.96666666666667,0.0116092137396149,0.0117401139650087,4,1,1,1.0,Moderate Risk Regime
2022-01-15,136,11641,132,0.0113392320247401,0.083068464908513,0.3607078429688171,-7.9,0.0,22.9,0.0,137.42857142857142,138.96666666666667,0.0115478542589615,0.011648483807233,5,1,1,1.0,Moderate Risk Regime
2022-01-16,143,11641,139,0.011940554935143,0.0826389485439395,0.3581307447813762,-6.5,4.6,30.0,1.0,139.71428571428572,137.93333333333334,0.0117442045970522,0.0115539902070268,6,1,0,1.0,Low Risk Regime
2022-01-17,98,11641,97,0.0083326174727257,0.0840134009105746,0.3554677433210205,3.7,35.8,54.0,1.0,136.0,134.83333333333334,0.0114496790899161,0.0113020072731437,0,1,0,1.0,Low Risk Regime
2022-01-18,143,11641,142,0.0121982647538871,0.0817799158147925,0.3474787389399536,-0.8,0.0,31.4,0.0,136.71428571428572,133.93333333333334,0.0115601261550922,0.0112504653093949,1,1,1,1.0,Moderate Risk Regime
2022-01-19,137,11641,136,0.0116828451163989,0.082209432179366,0.3451593505712567,1.9,0.0,24.8,0.0,138.14285714285714,132.63333333333333,0.0116951170125296,0.0111387910546058,2,1,1,1.0,Moderate Risk Regime
2022-01-20,144,11641,143,0.0122841680268018,0.083068464908513,0.3418091229275835,0.9,7.1,23.6,1.0,136.85714285714286,133.13333333333333,0.0115723980512228,0.0111788792486327,3,1,0,1.0,Low Risk Regime
2022-01-21,159,11641,157,0.0134868138476075,0.0822953354522807,0.343097672021304,-7.9,0.0,23.3,0.0,137.14285714285714,133.4,0.0116092137396149,0.0111989233456461,4,1,1,1.0,Moderate Risk Regime
2022-01-22,151,11641,151,0.0129713942101194,0.0824671419981101,0.3437848982046216,-6.7,0.0,19.8,0.0,139.28571428571428,132.86666666666667,0.0118423797660976,0.0111559717091887,5,1,1,1.0,Moderate Risk Regime
2022-01-23,135,11641,134,0.0115110385705695,0.0837556910918305,0.3424104458379864,-2.0,0.3,14.4,1.0,138.14285714285714,132.13333333333333,0.0117810202854443,0.0110958394181485,6,1,0,1.0,Low Risk Regime
2022-01-24,139,11641,136,0.0116828451163989,0.083068464908513,0.3405205738338631,-1.2,0.2,15.1,1.0,144.0,132.96666666666667,0.0122596242345404,0.0111674254789107,0,1,0,1.0,Low Risk Regime
2022-01-25,133,11641,130,0.0111674254789107,0.0865904990980156,0.3426681556567305,1.7,0.0,17.1,0.0,142.57142857142858,134.0,0.0121123614809724,0.0112533287518254,1,1,1,1.0,Moderate Risk Regime
2022-01-26,147,11641,146,0.0125418778455459,0.0857314663688686,0.3453311571170862,-5.1,0.0,21.6,0.0,144.0,135.1,0.0122350804422791,0.0113478223520316,2,1,1,1.0,Moderate Risk Regime
2022-01-27,169,11641,164,0.0140881367580104,0.0865904990980156,0.3481659651232712,-5.1,0.0,18.7,0.0,147.57142857142858,136.46666666666667,0.0124927902610232,0.0114509062795292,3,1,1,1.0,Moderate Risk Regime
2022-01-28,141,11641,138,0.0118546516622283,0.088738080920883,0.3516879993127738,-1.0,2.5,19.6,1.0,145.0,137.63333333333333,0.0122596242345404,0.0115482633221659,4,1,0,1.0,Low Risk Regime
2022-01-29,144,11641,138,0.0118546516622283,0.0871918220084185,0.3546946138647882,-8.3,18.6,43.9,1.0,144.0,138.0,0.0121000895848417,0.0115826246313317,5,1,0,1.0,Low Risk Regime
2022-01-30,105,11641,102,0.0087621338372992,0.0865904990980156,0.3556395498668499,-10.2,0.0,29.0,0.0,139.71428571428572,137.26666666666668,0.0117073889086602,0.0115282192251524,6,1,1,1.0,Moderate Risk Regime
2022-01-31,155,11641,152,0.0130572974830341,0.0840134009105746,0.3537496778627266,-10.6,0.0,13.4,0.0,142.0,137.53333333333333,0.011903739246751,0.0115625805343183,0,1,1,1.0,Moderate Risk Regime
2022-02-01,136,11641,134,0.0115110385705695,0.0853878532772098,0.3544369040460441,-7.2,0.0,12.4,0.0,142.42857142857142,138.56666666666666,0.0119528268312737,0.011648483807233,1,2,1,1.0,Moderate Risk Regime
2022-02-02,161,11641,157,0.0134868138476075,0.0856455630959539,0.3570999055063998,-1.1,0.0,11.1,0.0,144.42857142857142,140.36666666666667,0.012087817688711,0.011794519371188,2,2,1,1.0,Moderate Risk Regime
2022-02-03,149,11641,148,0.0127136843913753,0.0868482089167597,0.3617386822437934,5.2,12.5,15.7,1.0,141.57142857142858,140.66666666666666,0.0118914673506203,0.0118231537954929,3,2,0,1.0,Low Risk Regime
2022-02-04,152,11641,149,0.01279958766429,0.0851301434584657,0.3625118117000258,4.2,24.0,29.0,1.0,143.14285714285714,139.8,0.0120264582080577,0.0117859290438965,4,2,0,1.0,Low Risk Regime
2022-02-05,159,11641,156,0.0134009105746928,0.0860750794605274,0.3602783266042436,-3.9,0.4,27.8,1.0,145.28571428571428,141.3,0.0122473523384098,0.0119119205108381,5,2,0,1.0,Low Risk Regime
2022-02-06,152,11641,152,0.0130572974830341,0.0873636285542479,0.364143973885405,-5.3,0.0,16.8,0.0,152.0,141.83333333333334,0.0128609471449433,0.0119663259170174,6,2,1,1.0,Moderate Risk Regime
2022-02-07,154,11641,151,0.0129713942101194,0.0914010823812387,0.3655184262520402,0.1,4.6,14.4,1.0,151.85714285714286,142.26666666666668,0.0128486752488126,0.0120064141110442,0,2,0,1.0,Low Risk Regime
2022-02-08,148,11641,145,0.0124559745726312,0.091315179108324,0.3666351687999313,2.8,4.3,24.4,1.0,153.57142857142858,142.96666666666667,0.01298366610625,0.012069409844515,1,2,0,1.0,Low Risk Regime
2022-02-09,128,11641,126,0.0108238123872519,0.0923460183833004,0.3684391375311399,0.3,0.0,17.6,0.0,148.85714285714286,143.1,0.0126032373261992,0.0120837270566675,2,2,1,1.0,Moderate Risk Regime
2022-02-10,132,11641,128,0.0109956189330813,0.0895112103771153,0.3687827506227987,4.3,0.1,32.2,1.0,146.42857142857142,142.9,0.0123577994035858,0.012069409844515,3,2,0,1.0,Low Risk Regime
2022-02-11,139,11641,137,0.0117687483893136,0.0880508547375655,0.3682673309853105,4.6,0.0,27.2,0.0,144.57142857142858,143.3,0.0122105366500177,0.0121037711536809,4,2,1,1.0,Moderate Risk Regime
2022-02-12,114,11641,112,0.0096211665664461,0.0869341121896744,0.3692981702602869,10.0,0.0,25.4,0.0,138.14285714285714,142.0,0.0116705732202682,0.0119863700140308,5,2,1,1.0,Moderate Risk Regime
2022-02-13,136,11641,135,0.0115969418434842,0.083068464908513,0.3659479426166137,0.3,5.7,19.4,1.0,135.85714285714286,141.3,0.0114619509860468,0.0119319646078515,6,2,0,1.0,Low Risk Regime
2022-02-14,162,11641,159,0.0136586203934369,0.0816940125418778,0.364143973885405,-6.8,0.0,27.6,0.0,137.0,142.16666666666666,0.0115601261550922,0.0120092775534747,0,2,1,1.0,Moderate Risk Regime
2022-02-15,135,11641,135,0.0115969418434842,0.0823812387251954,0.3663774589811872,-5.1,0.0,13.5,0.0,135.14285714285714,141.9,0.0114374071937855,0.0119978237837528,1,2,1,1.0,Moderate Risk Regime
2022-02-16,153,11641,152,0.0130572974830341,0.0812644961773043,0.3656902327978696,0.9,0.0,21.3,0.0,138.71428571428572,143.73333333333332,0.0117564764931829,0.0121553131174297,2,2,1,1.0,Moderate Risk Regime
2022-02-17,142,11641,140,0.0120264582080577,0.0834120780001718,0.370414912808178,11.4,1.9,33.4,1.0,140.14285714285714,143.7,0.011903739246751,0.0121495862325687,3,2,0,1.0,Low Risk Regime
2022-02-18,157,11641,156,0.0134009105746928,0.0842711107293187,0.3703290095352633,7.0,12.9,44.6,1.0,142.71428571428572,144.36666666666667,0.0121369052732337,0.0122068550811785,4,2,0,1.0,Low Risk Regime
2022-02-19,128,11641,126,0.0108238123872519,0.0858173696417833,0.3720470749935572,-1.3,0.4,36.4,1.0,144.71428571428572,143.83333333333334,0.0123087118190631,0.0121581765598602,5,2,0,1.0,Low Risk Regime
2022-02-20,137,11641,136,0.0116828451163989,0.0870200154625891,0.3706726226269221,-2.4,0.0,25.2,0.0,144.85714285714286,143.1,0.0123209837151938,0.0120980442688199,6,2,1,1.0,Moderate Risk Regime
2022-02-21,108,11641,106,0.0091057469289579,0.0871059187355038,0.3687827506227987,2.9,0.0,19.8,0.0,137.14285714285714,141.66666666666666,0.0116705732202682,0.0119691893594479,0,2,1,1.0,Moderate Risk Regime
2022-02-22,138,11641,135,0.0115969418434842,0.0824671419981101,0.3650889098874667,8.4,5.1,40.7,1.0,137.57142857142858,141.76666666666668,0.0116705732202682,0.0119720528018784,1,2,0,1.0,Low Risk Regime
2022-02-23,147,11641,144,0.0123700712997165,0.0827248518168542,0.3653466197062108,13.5,0.1,29.7,1.0,136.71428571428572,142.03333333333333,0.0115723980512228,0.0119949603413223,2,2,0,1.0,Low Risk Regime
2022-02-24,122,11641,120,0.0103083927497637,0.082209432179366,0.3660338458895283,-0.1,0.0,23.5,0.0,133.85714285714286,141.66666666666666,0.0113269601286094,0.0119663259170174,3,2,1,1.0,Moderate Risk Regime
2022-02-25,128,11641,126,0.0108238123872519,0.080491366721072,0.3650889098874667,1.3,20.0,30.0,1.0,129.71428571428572,141.03333333333333,0.0109588032446893,0.0119090570684076,4,2,0,1.0,Low Risk Regime
2022-02-26,142,11641,140,0.0120264582080577,0.0780001718065458,0.3634567477020874,-1.8,0.0,28.4,0.0,131.71428571428572,140.13333333333333,0.0111306097905187,0.0118403344500758,5,2,1,1.0,Moderate Risk Regime
2022-02-27,133,11641,133,0.0114251352976548,0.0792028176273516,0.3611373593333906,1.8,0.0,33.2,0.0,131.14285714285714,139.86666666666667,0.0110937941021267,0.0118260172379234,6,2,1,1.0,Moderate Risk Regime
2022-02-28,155,11641,147,0.0126277811184606,0.0788592045356928,0.360450133150073,-1.1,0.0,23.0,0.0,137.85714285714286,140.23333333333332,0.0115969418434842,0.0118517882197978,0,2,1,1.0,Moderate Risk Regime
2022-03-01,136,11641,133,0.0114251352976548,0.0828966583626836,0.3613950691521347,2.2,0.2,24.6,1.0,137.57142857142858,141.26666666666668,0.0115723980512228,0.011940554935143,1,3,0,1.0,Low Risk Regime
2022-03-02,131,11641,130,0.0111674254789107,0.0827248518168542,0.3640580706124903,5.6,0.0,17.4,0.0,135.28571428571428,140.46666666666667,0.0114005915053934,0.0118775592016722,2,3,1,1.0,Moderate Risk Regime
2022-03-03,179,11641,174,0.0149471694871574,0.081350399450219,0.3619963920625376,3.3,3.5,25.5,1.0,143.42857142857142,141.9,0.0120632738964497,0.0119920968988918,3,3,0,1.0,Low Risk Regime
2022-03-04,175,11641,171,0.0146894596684133,0.0862468860063568,0.3656902327978696,-2.4,0.0,21.3,0.0,150.14285714285714,142.36666666666667,0.0126155092223299,0.0120321850929187,4,3,1,1.0,Moderate Risk Regime
2022-03-05,115,11641,112,0.0096211665664461,0.0902843398333476,0.3668928786186753,1.3,0.1,20.1,1.0,146.28571428571428,141.23333333333332,0.0122718961306711,0.011929101165421,5,3,0,1.0,Low Risk Regime
2022-03-06,126,11641,125,0.0107379091143372,0.0879649514646508,0.3639721673395756,12.3,2.0,31.6,1.0,145.28571428571428,140.36666666666667,0.0121737209616257,0.0118603785470893,6,3,0,1.0,Low Risk Regime
2022-03-07,166,11641,160,0.0137445236663516,0.0873636285542479,0.3617386822437934,17.6,3.6,38.8,1.0,146.85714285714286,140.6,0.0123332556113245,0.0118718323168112,0,3,0,1.0,Low Risk Regime
2022-03-08,152,11641,151,0.0129713942101194,0.0883085645563096,0.3623400051541964,5.5,0.0,34.8,0.0,149.14285714285714,140.6,0.0125541497416765,0.0118689688743807,1,3,1,1.0,Moderate Risk Regime
2022-03-09,145,11641,142,0.0121982647538871,0.0896830169229447,0.3623400051541964,2.3,15.4,19.1,1.0,151.14285714285714,140.3,0.0127014124952446,0.0118431978925063,2,3,0,1.0,Low Risk Regime
2022-03-10,148,11641,146,0.0125418778455459,0.0908856627437505,0.3615668756979641,3.0,0.0,12.7,0.0,146.71428571428572,140.3,0.0123577994035858,0.0118460613349368,3,3,1,1.0,Moderate Risk Regime
2022-03-11,170,11641,165,0.0141740400309251,0.0882226612833949,0.3615668756979641,4.8,0.0,22.0,0.0,146.0,141.7,0.0122841680268018,0.0119577355897259,4,3,1,1.0,Moderate Risk Regime
2022-03-12,134,11641,130,0.0111674254789107,0.0877931449188214,0.3651748131603814,1.5,15.4,37.1,1.0,148.71428571428572,141.76666666666668,0.0125050621571539,0.0119634624745869,5,3,0,1.0,Low Risk Regime
2022-03-13,150,11641,142,0.0121982647538871,0.0894253071042006,0.3653466197062108,-2.0,0.2,34.4,1.0,152.14285714285714,142.13333333333333,0.0127136843913753,0.0119777796867393,6,3,0,1.0,Low Risk Regime
2022-03-14,179,11641,176,0.0151189760329868,0.0914869856541534,0.3662915557082725,5.5,0.0,21.7,0.0,154.0,144.3,0.012910034729466,0.0121610400022907,0,3,1,1.0,Moderate Risk Regime
2022-03-15,169,11641,166,0.0142599433038398,0.0926037282020445,0.3718752684477278,9.6,0.0,22.3,0.0,156.42857142857142,145.4,0.0130941131714261,0.0122498067176359,1,3,1,1.0,Moderate Risk Regime
2022-03-16,182,11641,182,0.015634395670475,0.0940640838415943,0.3747100764539129,9.7,0.1,19.8,1.0,161.71428571428572,146.06666666666666,0.0135849890166529,0.0123156658935372,2,3,0,1.0,Low Risk Regime
2022-03-17,171,11641,164,0.0140881367580104,0.0972425049394381,0.3764281419122068,8.3,6.6,18.6,1.0,165.0,147.26666666666668,0.013805883147005,0.0123987057240214,3,3,0,1.0,Low Risk Regime
2022-03-18,223,11641,219,0.0188128167683188,0.0992182802164762,0.379520659737136,12.0,0.0,16.9,0.0,172.57142857142858,149.6,0.0144685655380612,0.0125905563668642,4,3,1,1.0,Moderate Risk Regime
2022-03-19,150,11641,144,0.0123700712997165,0.1037711536809552,0.3855338888411648,12.7,3.3,18.8,1.0,174.85714285714286,149.86666666666667,0.0146403720838906,0.0126020101365862,5,3,0,1.0,Low Risk Regime
2022-03-20,145,11641,137,0.0117687483893136,0.1051456060475904,0.3862211150244824,11.2,0.1,28.8,1.0,174.14285714285714,149.46666666666667,0.0145790126032373,0.0125476047304068,6,3,0,1.0,Low Risk Regime
2022-03-21,168,11641,165,0.0141740400309251,0.1047160896830169,0.385190275749506,10.0,0.0,30.3,0.0,172.57142857142858,150.8,0.0144440217457999,0.012659278985196,0,3,1,1.0,Moderate Risk Regime
2022-03-22,155,11641,151,0.0129713942101194,0.1037711536809552,0.388626406666094,8.6,0.0,24.3,0.0,170.57142857142858,151.4,0.0142599433038398,0.0127022306216533,1,3,1,1.0,Moderate Risk Regime
2022-03-23,152,11641,151,0.0129713942101194,0.1025685078601494,0.3901726655785585,4.9,3.0,20.9,1.0,166.28571428571428,152.86666666666667,0.013879514523789,0.0128310855310254,2,3,0,1.0,Low Risk Regime
2022-03-24,163,11641,159,0.0136586203934369,0.0999914096727085,0.3939524095868053,7.3,23.1,26.4,1.0,165.14285714285714,153.7,0.0138181550431357,0.0128998081493571,3,3,0,1.0,Low Risk Regime
2022-03-25,169,11641,167,0.0143458465767545,0.0993041834893909,0.3960999914096727,10.1,6.1,29.3,1.0,157.42857142857142,154.43333333333334,0.0131800164443408,0.0129656673252584,4,3,0,1.0,Low Risk Regime
2022-03-26,151,11641,151,0.0129713942101194,0.0946654067519972,0.397989863413796,8.1,5.8,20.5,1.0,157.57142857142858,155.4,0.0132659197172555,0.0130544340406036,5,3,0,1.0,Low Risk Regime
2022-03-27,155,11641,152,0.0130572974830341,0.0947513100249119,0.4004810583283223,4.2,0.3,27.0,1.0,159.0,156.3,0.0134499981592155,0.0131288835437963,6,3,0,1.0,Low Risk Regime
2022-03-28,160,11641,155,0.0133150073017781,0.0956103427540589,0.4028004466970191,-2.4,0.1,32.3,1.0,157.85714285714286,156.9,0.0133272791979088,0.0131718351802537,0,3,0,1.0,Low Risk Regime
2022-03-29,138,11641,138,0.0118546516622283,0.0949231165707413,0.4043467056094837,-0.7,0.0,30.6,0.0,155.42857142857142,157.06666666666666,0.0131677445482101,0.0131861523924061,1,3,1,1.0,Moderate Risk Regime
2022-03-30,161,11641,157,0.0134868138476075,0.0934627609311914,0.4047762219740572,1.6,0.0,18.0,0.0,156.71428571428572,157.26666666666668,0.0132413759249941,0.013214786816711,2,3,1,1.0,Moderate Risk Regime
2022-03-31,146,11641,144,0.0123700712997165,0.0942358903874237,0.4052916416115454,13.5,5.0,36.3,1.0,154.28571428571428,157.6,0.0130572974830341,0.0132462846834464,3,3,0,1.0,Low Risk Regime
2022-04-01,158,11641,153,0.0131432007559488,0.0927755347478739,0.4061506743406924,11.0,1.9,34.6,1.0,152.71428571428572,158.5,0.0128854909372047,0.0133121438593477,4,4,0,1.0,Low Risk Regime
2022-04-02,141,11641,140,0.0120264582080577,0.0918305987458122,0.4084700627093892,6.0,0.0,28.2,0.0,151.28571428571428,157.23333333333332,0.0127505000797673,0.013214786816711,5,4,1,1.0,Moderate Risk Regime
2022-04-03,147,11641,143,0.0122841680268018,0.0909715660166652,0.4052057383386307,6.0,3.5,22.7,1.0,150.14285714285714,156.3,0.0126400530145912,0.0131346104286573,6,4,0,1.0,Low Risk Regime
2022-04-04,160,11641,158,0.0135727171205222,0.0902843398333476,0.4028004466970191,7.5,0.1,25.0,1.0,150.14285714285714,157.8,0.0126768687029832,0.0132663287804598,0,4,0,1.0,Low Risk Regime
2022-04-05,131,11641,128,0.0109956189330813,0.0902843398333476,0.4066660939781805,6.8,1.9,17.2,1.0,149.14285714285714,157.96666666666667,0.0125541497416765,0.0132749191077513,1,4,0,1.0,Low Risk Regime
2022-04-06,140,11641,136,0.0116828451163989,0.0896830169229447,0.407095610342754,9.1,19.9,33.6,1.0,146.14285714285714,157.1,0.0122964399229324,0.0132061964894195,2,4,0,1.0,Low Risk Regime
2022-04-07,155,11641,151,0.0129713942101194,0.0878790481917361,0.4048621252469719,8.8,58.2,38.6,1.0,147.42857142857142,157.2,0.0123823431958471,0.0132061964894195,3,4,0,1.0,Low Risk Regime
2022-04-08,195,11641,189,0.0162357185808779,0.0886521776479683,0.405119835065716,11.9,13.8,22.4,1.0,152.71428571428572,158.86666666666667,0.0128241314565513,0.0133407782836526,4,4,0,1.0,Low Risk Regime
2022-04-09,164,11641,159,0.0136586203934369,0.0918305987458122,0.4094149987114509,9.4,5.6,22.1,1.0,156.0,159.4,0.0130572974830341,0.0133780030352489,5,4,0,1.0,Low Risk Regime
2022-04-10,154,11641,151,0.0129713942101194,0.0938063740228502,0.410789451078086,7.4,0.0,31.2,0.0,157.0,158.86666666666667,0.0131554726520794,0.0133379148412221,6,4,1,1.0,Moderate Risk Regime
2022-04-11,148,11641,146,0.0125418778455459,0.0944076969332531,0.4094149987114509,7.7,0.0,19.4,0.0,155.28571428571428,159.33333333333334,0.0130082098985114,0.0133837299201099,0,4,1,1.0,Moderate Risk Regime
2022-04-12,177,11641,174,0.0149471694871574,0.0933768576582767,0.4106176445322567,12.9,1.6,19.7,1.0,161.85714285714286,160.23333333333332,0.0135727171205222,0.0134753600778856,1,4,0,1.0,Low Risk Regime
2022-04-13,142,11641,139,0.011940554935143,0.0973284082123528,0.4129370329009535,13.5,0.0,18.6,0.0,162.14285714285714,159.0,0.0136095328089143,0.0133694127079575,2,4,1,1.0,Moderate Risk Regime
2022-04-14,207,11641,203,0.0174383644016837,0.0975002147581822,0.4097586118031097,20.1,0.1,27.1,1.0,169.57142857142858,160.26666666666668,0.0142476714077092,0.0134753600778856,3,4,0,1.0,Low Risk Regime
2022-04-15,158,11641,157,0.0134868138476075,0.1019671849497465,0.4130229361738682,14.0,0.1,27.3,1.0,164.28571428571428,159.46666666666667,0.0138549707315277,0.0134037740171233,4,4,0,1.0,Low Risk Regime
2022-04-16,167,11641,165,0.0141740400309251,0.0987887638519027,0.4109612576239154,14.2,4.1,26.0,1.0,164.71428571428572,159.33333333333334,0.0139286021083117,0.0134066374595538,5,4,0,1.0,Low Risk Regime
2022-04-17,135,11641,135,0.0115969418434842,0.0990464736706468,0.4106176445322567,7.4,0.6,31.0,1.0,162.0,156.4,0.013732251770221,0.0131661082953927,6,4,0,1.0,Low Risk Regime
2022-04-18,127,11641,123,0.0105661025685078,0.0974143114852676,0.4030581565157632,6.1,7.0,30.2,1.0,159.0,155.63333333333333,0.0134499981592155,0.0131059760043524,0,4,0,1.0,Low Risk Regime
2022-04-19,158,11641,155,0.0133150073017781,0.0956103427540589,0.4010823812387252,8.1,27.6,42.5,1.0,156.28571428571428,156.06666666666666,0.0132168321327328,0.0131575179681012,1,4,0,1.0,Low Risk Regime
2022-04-20,149,11641,149,0.01279958766429,0.0939781805686796,0.4021991237866162,8.5,0.0,26.6,0.0,157.28571428571428,155.43333333333334,0.0133395510940395,0.0131117028892134,2,4,1,1.0,Moderate Risk Regime
2022-04-21,120,11641,119,0.010222489476849,0.0945795034790825,0.400566961601237,9.5,0.3,34.2,1.0,144.85714285714286,154.26666666666668,0.0123087118190631,0.0130200727314377,3,4,0,1.0,Low Risk Regime
2022-04-22,106,11641,103,0.0088480371102138,0.0871059187355038,0.3975603470492225,13.5,0.0,22.3,0.0,137.42857142857142,152.73333333333332,0.0116460294280069,0.0128826274947742,4,4,1,1.0,Moderate Risk Regime
2022-04-23,111,11641,111,0.0095352632935314,0.0826389485439395,0.3936087964951464,10.4,0.0,14.2,0.0,129.42857142857142,151.0,0.0109833470369506,0.0127451822581107,5,4,1,1.0,Moderate Risk Regime
2022-04-24,111,11641,109,0.009363456747702,0.0778283652607164,0.3891418263035822,11.0,0.0,25.4,0.0,126.0,149.06666666666666,0.0106642777375532,0.0125791025971422,6,4,1,1.0,Moderate Risk Regime
2022-04-25,96,11641,94,0.0080749076539816,0.0757666867107636,0.3841594364745296,10.3,0.0,22.4,0.0,121.57142857142856,147.23333333333332,0.0103083927497637,0.0124158863786043,0,4,1,1.0,Moderate Risk Regime
2022-04-26,103,11641,103,0.0088480371102138,0.073103685250408,0.3794347564642213,13.0,4.1,12.5,1.0,113.71428571428572,145.5,0.0096702541509688,0.0122755776995103,1,4,0,1.0,Low Risk Regime
2022-04-27,139,11641,135,0.0115969418434842,0.0683790052400996,0.374967786272657,10.1,0.8,31.8,1.0,112.28571428571428,144.8,0.0094984476051394,0.0122183088509005,2,4,0,1.0,Low Risk Regime
2022-04-28,144,11641,144,0.0123700712997165,0.0675199725109526,0.3731638175414483,7.6,0.0,34.7,0.0,115.71428571428572,145.0,0.0098052450084062,0.0122354895054834,3,4,1,1.0,Moderate Risk Regime
2022-04-29,161,11641,158,0.0135727171205222,0.0695816510609054,0.3736792371789365,9.4,0.0,28.4,0.0,123.57142857142856,145.0,0.0104801992955931,0.0122383529479139,4,4,1,1.0,Moderate Risk Regime
2022-04-30,125,11641,121,0.0103942960226784,0.0743063310712138,0.3736792371789365,11.1,0.0,20.1,0.0,125.57142857142856,144.3,0.0106029182568998,0.0121724937720127,5,4,1,1.0,Moderate Risk Regime
2022-05-01,116,11641,114,0.0097929731122755,0.0755089768920195,0.3718752684477278,11.8,1.0,17.9,1.0,126.28571428571428,142.9,0.0106642777375532,0.0120608195172236,6,5,0,1.0,Low Risk Regime
2022-05-02,82,11641,79,0.0067863585602611,0.075938493256593,0.3682673309853105,12.2,2.8,16.5,1.0,124.28571428571428,140.93333333333334,0.0104801992955931,0.0118861495289637,0,5,0,1.0,Low Risk Regime
2022-05-03,97,11641,97,0.0083326174727257,0.0747358474357873,0.3631990378833433,11.7,0.0,22.7,0.0,123.42857142857144,139.26666666666668,0.0104065679188091,0.0117544311771611,1,5,1,1.0,Moderate Risk Regime
2022-05-04,121,11641,119,0.010222489476849,0.0742204277982991,0.3589038742376084,13.6,5.3,18.1,1.0,120.85714285714286,137.96666666666667,0.0102102175807183,0.011642756922372,2,5,0,1.0,Low Risk Regime
2022-05-05,162,11641,157,0.0134868138476075,0.0726741688858345,0.3555536465939352,16.0,0.0,17.6,0.0,123.42857142857144,139.0,0.0103697522304171,0.0117257967528562,3,5,1,1.0,Moderate Risk Regime
2022-05-06,163,11641,155,0.0133150073017781,0.0742204277982991,0.3582166480542909,12.5,21.7,13.7,1.0,123.71428571428572,139.76666666666668,0.0103329365420251,0.0117802021590355,4,5,0,1.0,Low Risk Regime
2022-05-07,137,11641,133,0.0114251352976548,0.0743922343441285,0.3601924233313289,8.8,28.6,33.0,1.0,125.42857142857144,139.16666666666666,0.0104801992955931,0.0117286601952867,5,5,0,1.0,Low Risk Regime
2022-05-08,125,11641,123,0.0105661025685078,0.0754230736191048,0.3586461644188644,9.8,2.4,30.4,1.0,126.71428571428572,136.83333333333334,0.0105906463607692,0.0115396729948744,6,5,0,1.0,Low Risk Regime
2022-05-09,117,11641,114,0.0097929731122755,0.0761962030753371,0.3526329353148354,12.3,0.0,24.4,0.0,131.71428571428572,135.26666666666668,0.0110201627253426,0.0114108180855023,0,5,1,1.0,Moderate Risk Regime
2022-05-10,155,11641,153,0.0131432007559488,0.0792028176273516,0.3485954814878447,13.9,0.0,24.1,0.0,140.0,135.3,0.0117073889086602,0.0114165449703633,1,5,1,1.0,Moderate Risk Regime
2022-05-11,164,11641,163,0.0140022334850957,0.0841852074564041,0.3486813847607594,14.7,0.0,23.3,0.0,146.14285714285714,135.83333333333334,0.0122473523384098,0.0114652234916816,2,5,1,1.0,Moderate Risk Regime
2022-05-12,158,11641,157,0.0134868138476075,0.0878790481917361,0.3500558371273946,15.5,0.0,16.1,0.0,145.57142857142858,135.2,0.0122473523384098,0.0114165449703633,3,5,1,1.0,Moderate Risk Regime
2022-05-13,173,11641,170,0.0146035563954986,0.0875354351000773,0.3484236749420153,16.5,1.8,14.1,1.0,147.0,136.23333333333332,0.0124314307803698,0.0115053116857085,4,5,0,1.0,Low Risk Regime
2022-05-14,149,11641,147,0.0126277811184606,0.0883944678292242,0.3510866764023709,16.7,7.0,15.8,1.0,148.71428571428572,134.3,0.0126032373261992,0.0113449589096011,5,5,0,1.0,Low Risk Regime
2022-05-15,106,11641,103,0.0088480371102138,0.0894253071042006,0.3461042865733184,18.1,1.0,21.0,1.0,146.0,132.56666666666666,0.0123577994035858,0.0111903330183546,6,5,0,1.0,Low Risk Regime
2022-05-16,109,11641,108,0.0092775534747873,0.0877931449188214,0.3416373163817541,19.2,6.9,24.9,1.0,144.85714285714286,130.63333333333333,0.0122841680268018,0.0110271167998167,0,5,0,1.0,Low Risk Regime
2022-05-17,146,11641,144,0.0123700712997165,0.0871059187355038,0.3366549265527017,17.9,0.0,32.5,0.0,143.57142857142858,131.0,0.0121737209616257,0.0110528877816911,1,5,1,1.0,Moderate Risk Regime
2022-05-18,179,11641,176,0.0151189760329868,0.0863327892792715,0.3375998625547633,16.4,0.0,18.2,0.0,145.71428571428572,132.73333333333332,0.0123332556113245,0.0112046502305071,2,5,1,1.0,Moderate Risk Regime
2022-05-19,169,11641,166,0.0142599433038398,0.087621338372992,0.3420668327463276,15.7,14.1,13.3,1.0,147.28571428571428,133.1,0.0124437026765005,0.0112361480972425,3,5,0,1.0,Low Risk Regime
2022-05-20,177,11641,173,0.0148612662142427,0.0885662743750536,0.3430117687483893,16.5,5.8,22.3,1.0,147.85714285714286,134.03333333333333,0.0124805183648925,0.0113048707155742,4,5,0,1.0,Low Risk Regime
2022-05-21,205,11641,200,0.0171806545829396,0.0889098874667124,0.3454170603900008,23.2,0.0,20.8,0.0,155.85714285714286,136.86666666666667,0.0131309288598181,0.0115368095524439,5,5,1,1.0,Moderate Risk Regime
2022-05-22,167,11641,163,0.0140022334850957,0.0937204707499355,0.3527188385877502,25.4,1.1,18.9,1.0,164.57142857142858,138.9,0.0138672426276584,0.0117086160982733,6,5,0,1.0,Low Risk Regime
2022-05-23,192,11641,184,0.0158062022163044,0.0989605703977321,0.3579589382355467,19.3,0.0,22.6,0.0,176.42857142857142,141.6,0.0147999067335894,0.0119176473956991,0,5,1,1.0,Moderate Risk Regime
2022-05-24,147,11641,141,0.0121123614809724,0.1060905420496521,0.3649171033416373,16.2,0.1,19.5,1.0,176.57142857142858,142.8,0.0147630910451973,0.0120092775534747,1,5,0,1.0,Low Risk Regime
2022-05-25,168,11641,167,0.0143458465767545,0.1061764453225667,0.3680096211665664,14.7,0.0,19.1,0.0,175.0,145.2,0.0146526439800213,0.0122183088509005,2,5,1,1.0,Moderate Risk Regime
2022-05-26,148,11641,147,0.0126277811184606,0.1052315093205051,0.3741946568164247,15.8,0.0,25.4,0.0,172.0,146.7,0.0144194779535385,0.0123443003178421,3,5,1,1.0,Moderate Risk Regime
2022-05-27,165,11641,162,0.013916330212181,0.1034275405892964,0.3780603040975861,19.8,12.3,23.6,1.0,170.28571428571428,147.56666666666666,0.0142844870961012,0.0124216132634653,4,5,0,1.0,Low Risk Regime
2022-05-28,146,11641,144,0.0123700712997165,0.10239670131432,0.3802937891933682,20.4,6.8,21.3,1.0,161.85714285714286,147.63333333333333,0.0135972609127836,0.0124216132634653,5,5,0,1.0,Low Risk Regime
2022-05-29,149,11641,147,0.0126277811184606,0.0973284082123528,0.3804655957391976,19.4,0.0,17.6,0.0,159.28571428571428,147.23333333333332,0.0134009105746928,0.0123901153967299,6,5,1,1.0,Moderate Risk Regime
2022-05-30,138,11641,137,0.0117687483893136,0.0957821492998883,0.3794347564642213,22.2,0.0,24.7,0.0,151.57142857142858,147.66666666666666,0.0128241314565513,0.0124359304756177,0,5,1,1.0,Moderate Risk Regime
2022-05-31,193,11641,187,0.0160639120350485,0.0911433725624946,0.3805514990121124,27.2,0.0,17.1,0.0,158.14285714285714,150.23333333333332,0.0133886386785622,0.0126449617730435,1,5,1,1.0,Moderate Risk Regime
2022-06-01,171,11641,171,0.0146894596684133,0.0950949231165707,0.3871660510265441,18.3,8.8,19.1,1.0,158.57142857142858,153.2,0.0134377262630849,0.0129083984766486,2,6,0,1.0,Low Risk Regime
2022-06-02,178,11641,176,0.0151189760329868,0.0953526329353148,0.3948114423159522,20.8,7.5,13.7,1.0,162.85714285714286,155.9,0.0137936112508743,0.0131346104286573,3,6,0,1.0,Low Risk Regime
2022-06-03,186,11641,184,0.0158062022163044,0.0979297311227557,0.4017696074220427,20.8,2.2,19.4,1.0,165.85714285714286,158.06666666666666,0.0140635929657491,0.0133207341866391,4,6,0,1.0,Low Risk Regime
2022-06-04,158,11641,156,0.0134009105746928,0.0997336998539644,0.4073533201614981,20.1,0.0,23.1,0.0,167.57142857142858,157.93333333333334,0.0142108557193171,0.0133178707442086,5,6,1,1.0,Moderate Risk Regime
2022-06-05,155,11641,152,0.0130572974830341,0.1007645391289408,0.4070097070698393,18.7,0.0,19.1,0.0,168.42857142857142,157.66666666666666,0.0142722151999705,0.0133092804169172,6,6,1,1.0,Moderate Risk Regime
2022-06-06,144,11641,139,0.011940554935143,0.101279958766429,0.4063224808865218,20.0,0.0,23.5,0.0,169.28571428571428,157.9,0.0142967589922318,0.0133264610715001,0,6,1,1.0,Moderate Risk Regime
2022-06-07,151,11641,148,0.0127136843913753,0.1017953784039171,0.4069238037969246,20.0,0.9,34.2,1.0,163.28571428571428,158.76666666666668,0.0138181550431357,0.0133980471322624,1,6,0,1.0,Low Risk Regime
2022-06-08,171,11641,170,0.0146035563954986,0.0981874409414998,0.4091572888927068,23.0,0.4,22.3,1.0,163.28571428571428,160.56666666666666,0.013805883147005,0.0135583999083698,2,6,0,1.0,Low Risk Regime
2022-06-09,179,11641,178,0.0152907825788162,0.0981874409414998,0.4137960656301005,23.0,9.4,29.2,1.0,163.42857142857142,161.36666666666667,0.0138304269392663,0.013629985969132,3,6,0,1.0,Low Risk Regime
2022-06-10,206,11641,200,0.0171806545829396,0.0982733442144145,0.4158577441800533,20.6,0.0,23.6,0.0,166.28571428571428,162.76666666666668,0.0140267772773571,0.0137359333390602,4,6,1,1.0,Moderate Risk Regime
2022-06-11,191,11641,188,0.0161498153079632,0.0999914096727085,0.4194656816424705,20.4,0.8,11.2,1.0,171.0,163.86666666666667,0.0144194779535386,0.0138247000544054,5,6,0,1.0,Low Risk Regime
2022-06-12,141,11641,137,0.0117687483893136,0.1028262176788935,0.4223004896486556,19.2,8.3,24.5,1.0,169.0,162.8,0.0142353995115785,0.0137302064541992,6,6,0,1.0,Low Risk Regime
2022-06-13,147,11641,145,0.0124559745726312,0.1016235718580877,0.4195515849153853,23.2,4.6,15.5,1.0,169.42857142857142,162.73333333333332,0.0143090308883625,0.0137244795693382,0,6,0,1.0,Low Risk Regime
2022-06-14,148,11641,145,0.0124559745726312,0.1018812816768318,0.4193797783695558,22.6,0.0,23.7,0.0,169.0,164.13333333333333,0.0142722151999705,0.0138447441514188,1,6,1,1.0,Moderate Risk Regime
2022-06-15,186,11641,185,0.0158921054892191,0.1016235718580877,0.4229877158319732,21.6,0.0,27.6,0.0,171.14285714285714,166.7,0.0144562936419306,0.0140652292185665,2,6,1,1.0,Moderate Risk Regime
2022-06-16,164,11641,161,0.0138304269392663,0.1029121209518082,0.4296022678464049,20.1,13.1,30.0,1.0,169.0,167.3,0.0142476714077092,0.0141139077398848,3,6,0,1.0,Low Risk Regime
2022-06-17,206,11641,201,0.0172665578558543,0.1016235718580877,0.4311485267588695,25.3,0.0,31.3,0.0,169.0,168.2,0.0142599433038398,0.0141854938006471,4,6,1,1.0,Moderate Risk Regime
2022-06-18,180,11641,178,0.0152907825788162,0.1016235718580877,0.4334679151275664,19.3,0.0,31.9,0.0,167.42857142857142,168.56666666666666,0.0141372243425331,0.014219855109813,5,6,1,1.0,Moderate Risk Regime
2022-06-19,169,11641,166,0.0142599433038398,0.1006786358560261,0.434412851129628,17.6,0.0,32.5,0.0,171.42857142857142,168.3,0.0144931093303226,0.0141998110127995,6,6,1,1.0,Moderate Risk Regime
2022-06-20,135,11641,131,0.0112533287518254,0.1030839274976376,0.4337256249463104,19.8,0.0,18.9,0.0,169.71428571428572,165.96666666666667,0.0143213027844932,0.0140022334850957,0,6,1,1.0,Moderate Risk Regime
2022-06-21,175,11641,170,0.0146035563954986,0.1020530882226612,0.4277123958422816,20.2,2.1,13.5,1.0,173.57142857142858,166.23333333333332,0.01462810018776,0.0140222775821092,1,6,0,1.0,Low Risk Regime
2022-06-22,130,11641,127,0.0109097156601666,0.1043724765913581,0.4283996220255991,18.7,2.7,25.5,1.0,165.57142857142858,164.16666666666666,0.013916330212181,0.0138590613635712,2,6,0,1.0,Low Risk Regime
2022-06-23,173,11641,170,0.0146035563954986,0.099561893308135,0.4230736191048879,19.3,1.0,17.4,1.0,166.85714285714286,165.03333333333333,0.0140267772773571,0.0139421011940554,3,6,0,1.0,Low Risk Regime
2022-06-24,176,11641,172,0.014775362941328,0.1003350227643673,0.42530710420067,20.9,0.6,21.3,1.0,162.57142857142858,165.3,0.0136708922895676,0.0139564184062079,4,6,0,1.0,Low Risk Regime
2022-06-25,204,11641,198,0.0170088480371102,0.0977579245769263,0.4259943303839876,24.4,0.0,23.3,0.0,166.0,167.16666666666666,0.013916330212181,0.0141024539701629,5,6,1,1.0,Moderate Risk Regime
2022-06-26,183,11641,182,0.015634395670475,0.0998196031268791,0.4308049136672107,24.9,0.0,32.4,0.0,168.0,167.76666666666668,0.0141126805502718,0.0141597228187727,6,6,1,1.0,Moderate Risk Regime
2022-06-27,172,11641,167,0.0143458465767545,0.1010222489476849,0.4323511725796752,23.8,8.5,24.0,1.0,173.28571428571428,168.63333333333333,0.0145544688109759,0.0142255819946739,0,6,0,1.0,Low Risk Regime
2022-06-28,166,11641,162,0.013916330212181,0.1042006700455287,0.4345846576754574,22.5,0.2,16.0,1.0,172.0,169.2,0.0144562936419306,0.0142685336311313,1,6,0,1.0,Low Risk Regime
2022-06-29,164,11641,162,0.013916330212181,0.1034275405892964,0.4360450133150073,22.9,0.0,29.7,0.0,176.85714285714286,170.06666666666666,0.0148858100065041,0.0143401196918935,2,6,1,1.0,Moderate Risk Regime
2022-06-30,187,11641,184,0.0158062022163044,0.1063482518683961,0.4382784984107895,24.3,0.0,23.0,0.0,178.85714285714286,169.86666666666667,0.0150576165523335,0.0143315293646021,3,6,1,1.0,Moderate Risk Regime
2022-07-01,169,11641,165,0.0141740400309251,0.1075508976892019,0.4377630787733013,26.6,0.0,33.9,0.0,177.85714285714286,169.8,0.0149717132794188,0.0143143487100191,4,7,1,1.0,Moderate Risk Regime
2022-07-02,133,11641,131,0.0112533287518254,0.106949574778799,0.4375912722274718,25.9,14.6,20.9,1.0,167.71428571428572,168.3,0.0141494962386638,0.0141854938006471,5,7,0,1.0,Low Risk Regime
2022-07-03,138,11641,136,0.0116828451163989,0.1008504424018555,0.4337256249463104,25.7,0.1,17.0,1.0,161.28571428571428,166.7,0.0135849890166529,0.0140480485639836,6,7,0,1.0,Low Risk Regime
2022-07-04,131,11641,129,0.011081522205996,0.096984795120694,0.4296022678464049,24.2,0.0,19.1,0.0,155.42857142857142,165.8,0.0131186569636874,0.0139707356183603,0,7,1,1.0,Moderate Risk Regime
2022-07-05,143,11641,140,0.0120264582080577,0.0934627609311914,0.4272828794777081,24.4,0.9,32.5,1.0,152.14285714285714,165.4,0.0128486752488126,0.0139363743091945,1,7,0,1.0,Low Risk Regime
2022-07-06,153,11641,150,0.0128854909372047,0.0914869856541534,0.4262520402027317,26.8,0.1,21.4,1.0,150.57142857142858,165.7,0.0127014124952446,0.0139678721759299,2,7,0,1.0,Low Risk Regime
2022-07-07,152,11641,150,0.0128854909372047,0.0905420496520917,0.427025169658964,23.9,0.0,23.7,0.0,145.57142857142858,165.73333333333332,0.0122841680268018,0.0139735990607908,3,7,1,1.0,Moderate Risk Regime
2022-07-08,167,11641,163,0.0140022334850957,0.0875354351000773,0.4271110729318787,23.7,1.4,17.0,1.0,145.28571428571428,165.6,0.0122596242345404,0.0139535549637774,4,7,0,1.0,Low Risk Regime
2022-07-09,150,11641,145,0.0124559745726312,0.0873636285542479,0.4267674598402199,24.3,0.0,24.2,0.0,147.71428571428572,164.63333333333333,0.0124314307803698,0.0138590613635712,5,7,1,1.0,Moderate Risk Regime
2022-07-10,158,11641,154,0.0132291040288635,0.0888239841937977,0.4242762649256936,22.8,0.0,23.2,0.0,150.57142857142858,163.03333333333333,0.0126523249107219,0.0137273430117687,6,7,1,1.0,Moderate Risk Regime
2022-07-11,139,11641,138,0.0118546516622283,0.0905420496520917,0.4201529078257882,22.7,0.0,35.2,0.0,151.71428571428572,161.3,0.0127627719758979,0.0135841708902442,0,7,1,1.0,Moderate Risk Regime
2022-07-12,128,11641,124,0.0106520058414225,0.0912292758354093,0.4156859376342238,26.4,0.6,36.2,1.0,149.57142857142858,160.86666666666667,0.0125664216378072,0.0135469461386478,1,7,0,1.0,Low Risk Regime
2022-07-13,180,11641,177,0.0152048793059015,0.0899407267416888,0.4145691950863328,26.9,0.0,30.0,0.0,153.42857142857142,161.96666666666667,0.0128977628333353,0.0136385762964235,2,7,1,1.0,Moderate Risk Regime
2022-07-14,140,11641,137,0.0117687483893136,0.0922601151103857,0.4174040030925178,26.5,0.3,20.8,1.0,151.71428571428572,161.7,0.0127382281836366,0.0136156687569796,3,7,0,1.0,Low Risk Regime
2022-07-15,174,11641,174,0.0149471694871574,0.0912292758354093,0.4167167769092002,24.5,0.1,20.1,1.0,152.71428571428572,161.3,0.012873219041074,0.0135841708902442,4,7,0,1.0,Low Risk Regime
2022-07-16,150,11641,150,0.0128854909372047,0.0918305987458122,0.4156859376342238,23.6,13.1,17.7,1.0,152.71428571428572,160.83333333333334,0.0129345785217273,0.0135526730235088,5,7,0,1.0,Low Risk Regime
2022-07-17,156,11641,152,0.0130572974830341,0.0918305987458122,0.4144832918134181,24.2,1.0,19.2,1.0,152.42857142857142,159.16666666666666,0.012910034729466,0.0134123643444148,6,7,0,1.0,Low Risk Regime
2022-07-18,190,11641,186,0.0159780087621338,0.0916587921999828,0.4101881281676832,25.3,13.0,24.7,1.0,159.71428571428572,159.5,0.0134990857437382,0.0134352718838587,0,7,0,1.0,Low Risk Regime
2022-07-19,153,11641,151,0.0129713942101194,0.0960398591186324,0.4110471608968302,27.2,0.0,22.2,0.0,163.28571428571428,158.96666666666667,0.0138304269392663,0.0133923202474014,1,7,1,1.0,Moderate Risk Regime
2022-07-20,168,11641,163,0.0140022334850957,0.0981874409414998,0.409672708530195,28.3,0.0,20.7,0.0,161.57142857142858,160.06666666666666,0.0136586203934369,0.0134839504051771,2,7,1,1.0,Moderate Risk Regime
2022-07-21,171,11641,167,0.0143458465767545,0.0971566016665235,0.41250751653638,28.8,2.6,25.2,1.0,166.0,159.93333333333334,0.0140267772773571,0.0134753600778856,3,7,0,1.0,Low Risk Regime
2022-07-22,183,11641,181,0.0155484923975603,0.0998196031268791,0.4121639034447212,27.6,0.0,28.9,0.0,167.28571428571428,161.7,0.0141126805502718,0.013629985969132,4,7,1,1.0,Moderate Risk Regime
2022-07-23,169,11641,162,0.013916330212181,0.1005927325831114,0.4167167769092002,28.3,0.0,25.4,0.0,170.0,161.56666666666666,0.0142599433038398,0.0136070784296881,5,7,1,1.0,Moderate Risk Regime
2022-07-24,141,11641,138,0.0118546516622283,0.1022248947684906,0.4163731638175414,30.0,0.0,29.2,0.0,167.85714285714286,160.4,0.0140881367580104,0.0135097213870515,6,7,1,1.0,Moderate Risk Regime
2022-07-25,153,11641,151,0.0129713942101194,0.1009363456747702,0.413366549265527,27.4,24.0,25.5,1.0,162.57142857142858,158.7,0.0136586203934369,0.0133751395928184,0,7,0,1.0,Low Risk Regime
2022-07-26,145,11641,145,0.0124559745726312,0.0977579245769263,0.4089854823468774,24.8,0.1,21.1,1.0,161.42857142857142,157.43333333333334,0.0135849890166529,0.0132691922228903,1,7,0,1.0,Low Risk Regime
2022-07-27,164,11641,162,0.013916330212181,0.0970706983936088,0.4057211579761189,23.9,0.0,20.2,0.0,160.85714285714286,157.16666666666666,0.0135727171205222,0.0132548750107379,2,7,1,1.0,Moderate Risk Regime
2022-07-28,184,11641,181,0.0155484923975603,0.09672708530195,0.4050339317928013,26.1,1.3,25.1,1.0,162.71428571428572,157.76666666666668,0.0137445236663516,0.0133092804169172,3,7,0,1.0,Low Risk Regime
2022-07-29,165,11641,162,0.013916330212181,0.097843827849841,0.4065801907052658,26.6,0.4,18.3,1.0,160.14285714285714,157.8,0.0135113576398689,0.0133092804169172,4,7,0,1.0,Low Risk Regime
2022-07-30,172,11641,165,0.0141740400309251,0.0962975689373765,0.4066660939781805,26.5,0.8,22.0,1.0,160.57142857142858,157.3,0.0135481733282609,0.0132548750107379,5,7,0,1.0,Low Risk Regime
2022-07-31,156,11641,155,0.0133150073017781,0.0965552787561206,0.4053775448844601,24.5,0.0,20.0,0.0,162.71428571428572,156.86666666666667,0.0137567955624823,0.013226240586433,6,7,1,1.0,Moderate Risk Regime
2022-08-01,153,11641,148,0.0127136843913753,0.097843827849841,0.404260802336569,23.5,7.4,22.3,1.0,162.71428571428572,157.53333333333333,0.0137199798740903,0.0132749191077513,0,8,0,1.0,Low Risk Regime
2022-08-02,171,11641,168,0.0144317498496692,0.097843827849841,0.405978867794863,27.0,0.0,16.9,0.0,166.42857142857142,158.63333333333333,0.0140022334850957,0.013366549265527,1,8,1,1.0,Moderate Risk Regime
2022-08-03,192,11641,188,0.0161498153079632,0.1000773129456232,0.408813675801048,25.7,0.0,22.2,0.0,170.42857142857142,160.66666666666666,0.0143213027844932,0.0135354923689259,2,8,1,1.0,Moderate Risk Regime
2022-08-04,178,11641,174,0.0149471694871574,0.1024826045872347,0.4140537754488446,27.2,0.0,29.3,0.0,169.57142857142858,161.83333333333334,0.0142353995115785,0.0136328494115625,3,8,1,1.0,Moderate Risk Regime
2022-08-05,186,11641,185,0.0158921054892191,0.1019671849497465,0.417060390000859,28.1,0.4,14.0,1.0,172.57142857142858,162.93333333333334,0.0145176531225839,0.0137330698966297,4,8,0,1.0,Low Risk Regime
2022-08-06,180,11641,178,0.0152907825788162,0.1037711536809552,0.419895198007044,27.9,1.2,27.2,1.0,173.71428571428572,163.86666666666667,0.0146771877722826,0.0138132462846834,5,8,0,1.0,Low Risk Regime
2022-08-07,151,11641,148,0.0127136843913753,0.1044583798642728,0.4223004896486556,28.4,5.1,27.4,1.0,173.0,163.33333333333334,0.0145912844993679,0.013770294648226,6,8,0,1.0,Low Risk Regime
2022-08-08,171,11641,165,0.0141740400309251,0.1040288634996993,0.4209260372820204,29.7,0.7,24.0,1.0,175.57142857142858,164.03333333333333,0.0147999067335894,0.0138275634968358,0,8,0,1.0,Low Risk Regime
2022-08-09,159,11641,157,0.0134868138476075,0.1055751224121639,0.4227300060132291,30.2,7.1,19.6,1.0,173.85714285714286,164.06666666666666,0.014664915876152,0.0138361538241273,1,8,0,1.0,Low Risk Regime
2022-08-10,145,11641,141,0.0121123614809724,0.1045442831371875,0.4228159092861438,26.5,0.1,23.7,1.0,167.14285714285714,164.26666666666668,0.0140881367580104,0.0138447441514188,2,8,0,1.0,Low Risk Regime
2022-08-11,168,11641,163,0.0140022334850957,0.1005068293101967,0.423331328923632,26.5,0.8,13.5,1.0,165.71428571428572,165.6,0.013953145900573,0.0139564184062079,3,8,0,1.0,Low Risk Regime
2022-08-12,206,11641,204,0.0175242676745984,0.0996477965810497,0.4267674598402199,25.2,0.0,23.5,0.0,168.57142857142858,166.46666666666667,0.0141863119270558,0.0140337313518311,4,8,1,1.0,Moderate Risk Regime
2022-08-13,166,11641,164,0.0140881367580104,0.1013658620393437,0.429000944936002,22.2,0.0,22.2,0.0,166.57142857142858,167.33333333333334,0.0140145053812264,0.0141110442974544,5,8,1,1.0,Moderate Risk Regime
2022-08-14,174,11641,171,0.0146894596684133,0.1001632162185379,0.4312344300317842,22.2,0.0,24.9,0.0,169.85714285714286,167.33333333333334,0.0142967589922318,0.0141024539701629,6,8,1,1.0,Moderate Risk Regime
2022-08-15,138,11641,137,0.0117687483893136,0.1021389914955759,0.4312344300317842,22.7,0.1,17.0,1.0,165.14285714285714,166.93333333333334,0.013953145900573,0.0140652292185665,0,8,0,1.0,Low Risk Regime
2022-08-16,167,11641,164,0.0140881367580104,0.0993041834893909,0.4302035907568078,22.9,0.0,26.1,0.0,166.28571428571428,167.3,0.0140390491734877,0.0140995905277324,1,8,1,1.0,Moderate Risk Regime
2022-08-17,143,11641,139,0.011940554935143,0.0999914096727085,0.4311485267588695,22.6,0.2,19.6,1.0,166.0,165.73333333333332,0.0140145053812264,0.0139650087334994,2,8,0,1.0,Low Risk Regime
2022-08-18,147,11641,144,0.0123700712997165,0.0998196031268791,0.4271110729318787,23.9,0.1,16.8,1.0,163.0,165.53333333333333,0.0137813393547437,0.0139449646364859,3,8,0,1.0,Low Risk Regime
2022-08-19,153,11641,152,0.0130572974830341,0.0980156343956704,0.4265956532943905,24.6,0.0,28.0,0.0,155.42857142857142,165.03333333333333,0.0131432007559488,0.0139134667697505,4,8,1,1.0,Moderate Risk Regime
2022-08-20,168,11641,164,0.0140881367580104,0.0934627609311914,0.42530710420067,26.0,0.3,22.2,1.0,155.71428571428572,164.93333333333334,0.0131432007559488,0.0139048764424591,5,8,0,1.0,Low Risk Regime
2022-08-21,138,11641,136,0.0116828451163989,0.0936345674770208,0.4250493943819259,24.1,0.0,22.2,0.0,150.57142857142858,163.43333333333334,0.0127136843913753,0.013776021533087,6,8,1,1.0,Moderate Risk Regime
2022-08-22,130,11641,125,0.0107379091143372,0.0905420496520917,0.4211837471007645,23.0,17.8,15.9,1.0,149.42857142857142,162.13333333333333,0.0125664216378072,0.0136700741631589,0,8,0,1.0,Low Risk Regime
2022-08-23,146,11641,144,0.0123700712997165,0.0898548234687741,0.4178335194570913,24.2,5.8,15.6,1.0,146.42857142857142,162.3,0.0123209837151938,0.0136872548177418,1,8,0,1.0,Low Risk Regime
2022-08-24,125,11641,123,0.0105661025685078,0.0880508547375655,0.4182630358216648,25.3,0.0,13.6,0.0,143.85714285714286,161.36666666666667,0.012124633377103,0.0136070784296881,2,8,1,1.0,Moderate Risk Regime
2022-08-25,146,11641,142,0.0121982647538871,0.0865045958251009,0.4158577441800533,25.5,0.0,20.5,0.0,143.71428571428572,161.4,0.0121000895848417,0.0135984881023967,3,8,1,1.0,Moderate Risk Regime
2022-08-26,174,11641,167,0.0143458465767545,0.0864186925521862,0.4159436474529679,24.8,16.5,20.7,1.0,146.71428571428572,161.73333333333332,0.0122841680268018,0.0136128053145491,4,8,0,1.0,Low Risk Regime
2022-08-27,160,11641,155,0.0133150073017781,0.0882226612833949,0.4168026801821149,25.1,0.0,13.7,0.0,145.57142857142858,160.93333333333334,0.0121737209616257,0.0135383558113564,5,8,1,1.0,Moderate Risk Regime
2022-08-28,170,11641,163,0.0140022334850957,0.0875354351000773,0.4147410016321622,24.0,1.3,19.3,1.0,150.14285714285714,161.1,0.0125050621571539,0.0135412192537869,6,8,0,1.0,Low Risk Regime
2022-08-29,138,11641,136,0.0116828451163989,0.0902843398333476,0.4151705179967356,24.7,0.2,25.5,1.0,151.28571428571428,159.96666666666667,0.0126400530145912,0.0134581794233026,0,8,0,1.0,Low Risk Regime
2022-08-30,166,11641,163,0.0140022334850957,0.0909715660166652,0.4122498067176359,25.4,1.7,29.7,1.0,154.14285714285714,160.3,0.012873219041074,0.0134810869627466,1,8,0,1.0,Low Risk Regime
2022-08-31,166,11641,163,0.0140022334850957,0.0926896314749591,0.4131088394467829,24.4,0.6,22.9,1.0,160.0,160.73333333333332,0.0133640948863008,0.0135240385992039,2,8,0,1.0,Low Risk Regime
2022-09-01,156,11641,151,0.0129713942101194,0.0962116656644618,0.414225581994674,24.3,0.0,19.5,0.0,161.42857142857142,160.23333333333332,0.0134745419514769,0.0134753600778856,3,9,1,1.0,Moderate Risk Regime
2022-09-02,162,11641,160,0.0137445236663516,0.0970706983936088,0.4129370329009535,20.5,0.0,15.6,0.0,159.71428571428572,159.23333333333332,0.0133886386785622,0.0133951836898319,4,9,1,1.0,Moderate Risk Regime
2022-09-03,182,11641,178,0.0152907825788162,0.0960398591186324,0.4103599347135125,22.0,0.0,18.4,0.0,162.85714285714286,159.36666666666667,0.0136708922895676,0.0134066374595538,5,9,1,1.0,Moderate Risk Regime
2022-09-04,140,11641,137,0.0117687483893136,0.0979297311227557,0.4107035478051714,24.4,1.3,12.6,1.0,158.57142857142858,157.83333333333334,0.0133518229901702,0.0132691922228903,6,9,0,1.0,Low Risk Regime
2022-09-05,140,11641,135,0.0115969418434842,0.0953526329353148,0.4067519972510953,24.4,5.2,20.0,1.0,158.85714285714286,156.5,0.0133395510940395,0.0131460641983792,0,9,0,1.0,Low Risk Regime
2022-09-06,196,11641,192,0.016493428399622,0.0955244394811442,0.4033158663345073,21.5,31.8,22.5,1.0,163.14285714285714,158.0,0.013695436081829,0.0132720556653208,1,9,0,1.0,Low Risk Regime
2022-09-07,154,11641,154,0.0132291040288635,0.0981015376685851,0.4071815136156687,20.5,2.3,22.3,1.0,161.42857142857142,157.43333333333334,0.0135849890166529,0.0132405577985854,2,9,0,1.0,Low Risk Regime
2022-09-08,173,11641,170,0.0146035563954986,0.0970706983936088,0.4057211579761189,20.8,0.1,17.1,1.0,163.85714285714286,157.9,0.0138181550431357,0.0132777825501818,3,9,0,1.0,Low Risk Regime
2022-09-09,193,11641,188,0.0161498153079632,0.0985310540331586,0.4069238037969246,20.7,0.0,11.6,0.0,168.28571428571428,159.5,0.0141617681347945,0.0134123643444148,4,9,1,1.0,Moderate Risk Regime
2022-09-10,170,11641,168,0.0144317498496692,0.1011940554935143,0.4110471608968302,21.4,0.0,14.7,0.0,166.57142857142858,159.56666666666666,0.0140390491734877,0.0134266815565673,5,9,1,1.0,Moderate Risk Regime
2022-09-11,139,11641,135,0.0115969418434842,0.1001632162185379,0.4112189674426595,21.0,15.5,13.4,1.0,166.42857142857142,157.33333333333334,0.0140145053812264,0.0132291040288634,6,9,0,1.0,Low Risk Regime
2022-09-12,176,11641,173,0.0148612662142427,0.1000773129456232,0.4054634481573748,23.2,10.2,15.6,1.0,171.57142857142858,157.66666666666666,0.0144808374341919,0.0132548750107379,0,9,0,1.0,Low Risk Regime
2022-09-13,181,11641,173,0.0148612662142427,0.1031698307705523,0.4063224808865218,22.8,6.9,18.0,1.0,169.42857142857142,157.9,0.0142476714077092,0.0132606018955988,1,9,0,1.0,Low Risk Regime
2022-09-14,167,11641,164,0.0140881367580104,0.1018812816768318,0.4069238037969246,20.9,0.0,19.7,0.0,171.28571428571428,158.86666666666667,0.0143703903690159,0.0133379148412221,2,9,1,1.0,Moderate Risk Regime
2022-09-15,190,11641,185,0.0158921054892191,0.1029980242247229,0.4094149987114509,19.2,0.0,18.9,0.0,173.71428571428572,159.63333333333333,0.0145544688109759,0.0133980471322624,3,9,1,1.0,Moderate Risk Regime
2022-09-16,195,11641,192,0.016493428399622,0.1044583798642728,0.4113907739884889,17.9,0.0,12.2,0.0,174.0,161.36666666666667,0.0146035563954986,0.0135498095810783,4,9,1,1.0,Moderate Risk Regime
2022-09-17,145,11641,142,0.0121982647538871,0.1046301864101022,0.4158577441800533,19.6,0.0,17.4,0.0,170.42857142857142,161.3,0.0142844870961012,0.0135440826962173,5,9,1,1.0,Moderate Risk Regime
2022-09-18,151,11641,147,0.0126277811184606,0.1024826045872347,0.4156859376342238,22.7,0.0,20.7,0.0,172.14285714285714,161.23333333333332,0.0144317498496692,0.0135297654840649,6,9,1,1.0,Moderate Risk Regime
2022-09-19,162,11641,157,0.0134868138476075,0.1035134438622111,0.4155141310883944,23.4,1.8,23.9,1.0,170.14285714285714,161.03333333333333,0.0142353995115785,0.0135097213870515,0,9,0,1.0,Low Risk Regime
2022-09-20,165,11641,164,0.0140881367580104,0.1023107980414053,0.4149987114509063,21.6,0.0,19.6,0.0,167.85714285714286,161.93333333333334,0.0141249524464024,0.0135898977751052,1,9,1,1.0,Moderate Risk Regime
2022-09-21,201,11641,198,0.0170088480371102,0.1009363456747702,0.4173180998196031,20.6,0.0,20.5,0.0,172.71428571428572,164.3,0.0145421969148453,0.0137989290725309,2,9,1,1.0,Moderate Risk Regime
2022-09-22,156,11641,156,0.0134009105746928,0.1038570569538699,0.4234172321965467,19.9,7.5,26.9,1.0,167.85714285714286,164.63333333333333,0.0141863119270558,0.0138332903816968,3,9,0,1.0,Low Risk Regime
2022-09-23,174,11641,173,0.0148612662142427,0.1009363456747702,0.4242762649256936,13.4,0.0,32.5,0.0,164.85714285714286,166.26666666666668,0.013953145900573,0.0139764625032213,4,9,1,1.0,Moderate Risk Regime
2022-09-24,157,11641,150,0.0128854909372047,0.0991323769435615,0.4284855252985138,14.4,0.0,19.1,0.0,166.57142857142858,166.63333333333333,0.0140513210696184,0.0139993700426652,5,9,1,1.0,Moderate Risk Regime
2022-09-25,169,11641,162,0.013916330212181,0.1001632162185379,0.4294304613005755,17.3,2.4,22.7,1.0,169.14285714285714,166.46666666666667,0.0142353995115785,0.0139850528305128,6,9,0,1.0,Low Risk Regime
2022-09-26,150,11641,143,0.0122841680268018,0.1017094751310025,0.429000944936002,18.3,0.0,26.1,0.0,167.42857142857142,166.13333333333333,0.0140635929657491,0.0139506915213469,0,9,1,1.0,Moderate Risk Regime
2022-09-27,116,11641,115,0.0098788763851902,0.1006786358560261,0.4281419122068551,17.0,0.0,21.5,0.0,160.42857142857142,164.33333333333334,0.0134622700553462,0.0138132462846834,1,9,1,1.0,Moderate Risk Regime
2022-09-28,153,11641,150,0.0128854909372047,0.0964693754832059,0.4235031354694614,15.9,0.0,19.0,0.0,153.57142857142858,164.83333333333334,0.012873219041074,0.0138533344787103,2,9,1,1.0,Moderate Risk Regime
2022-09-29,176,11641,172,0.014775362941328,0.0923460183833004,0.4247916845631818,15.3,0.0,20.9,0.0,156.42857142857142,165.16666666666666,0.0130695693791647,0.0138791054605847,3,9,1,1.0,Moderate Risk Regime
2022-09-30,199,11641,196,0.0168370414912808,0.0940640838415943,0.4256507172923288,13.9,0.1,17.4,1.0,160.0,166.26666666666668,0.0133518229901702,0.0139735990607908,4,9,0,1.0,Low Risk Regime
2022-10-01,197,11641,195,0.0167511382183661,0.0962116656644618,0.4284855252985138,14.5,21.7,32.3,1.0,165.71428571428572,167.63333333333333,0.0139040583160504,0.0140995905277324,5,10,0,1.0,Low Risk Regime
2022-10-02,147,11641,145,0.0124559745726312,0.0996477965810497,0.4320075594880165,13.1,12.6,32.1,1.0,162.57142857142858,167.13333333333333,0.013695436081829,0.014056638891275,6,10,0,1.0,Low Risk Regime
2022-10-03,176,11641,170,0.0146035563954986,0.0977579245769263,0.430719010394296,10.4,18.6,30.3,1.0,166.28571428571428,166.93333333333334,0.0140267772773571,0.0140337313518311,0,10,0,1.0,Low Risk Regime
2022-10-04,144,11641,141,0.0121123614809724,0.0999914096727085,0.4302035907568078,10.7,187.2,31.9,1.0,170.28571428571428,167.06666666666666,0.0143458465767545,0.0140451851215531,1,10,0,1.0,Low Risk Regime
2022-10-05,148,11641,147,0.0126277811184606,0.10239670131432,0.4305472038484666,14.0,7.7,28.7,1.0,169.57142857142858,167.33333333333334,0.0143090308883625,0.014079546430719,2,10,0,1.0,Low Risk Regime
2022-10-06,161,11641,157,0.0134868138476075,0.1019671849497465,0.4312344300317842,16.0,0.0,12.1,0.0,167.42857142857142,166.16666666666666,0.0141249524464024,0.0139793259456518,3,10,1,1.0,Moderate Risk Regime
2022-10-07,174,11641,171,0.0146894596684133,0.1006786358560261,0.4282278154797698,17.4,0.2,17.0,1.0,163.85714285714286,166.83333333333334,0.0138181550431357,0.0140280044669701,4,10,0,1.0,Low Risk Regime
2022-10-08,161,11641,159,0.0136586203934369,0.0985310540331586,0.4299458809380637,11.8,0.5,21.1,1.0,158.71428571428572,166.43333333333334,0.0133763667824315,0.0139965066002348,5,10,0,1.0,Low Risk Regime
2022-10-09,151,11641,149,0.01279958766429,0.0954385362082295,0.4289150416630873,10.9,0.0,19.6,0.0,159.28571428571428,165.03333333333333,0.0134254543669542,0.0138848323454456,6,10,1,1.0,Moderate Risk Regime
2022-10-10,117,11641,116,0.0099647796581049,0.0957821492998883,0.42530710420067,13.2,0.0,18.3,0.0,150.85714285714286,163.26666666666668,0.0127627719758979,0.0137359333390602,0,10,1,1.0,Moderate Risk Regime
2022-10-11,155,11641,151,0.0129713942101194,0.0907138561979211,0.420754230736191,13.4,0.0,15.0,0.0,152.42857142857142,163.8,0.0128854909372047,0.013781748417948,1,10,1,1.0,Moderate Risk Regime
2022-10-12,172,11641,168,0.0144317498496692,0.0916587921999828,0.4221286831028262,14.3,0.0,25.5,0.0,155.85714285714286,163.66666666666666,0.0131432007559488,0.0137674312057956,2,10,1,1.0,Moderate Risk Regime
2022-10-13,180,11641,177,0.0152048793059015,0.0937204707499355,0.4217850700111674,17.4,5.6,28.2,1.0,158.57142857142858,163.63333333333333,0.0133886386785622,0.0137788849755175,3,10,0,1.0,Low Risk Regime
2022-10-14,197,11641,192,0.016493428399622,0.0953526329353148,0.4216991667382527,14.1,8.5,24.1,1.0,161.85714285714286,164.63333333333333,0.0136463484973063,0.0138590613635712,4,10,0,1.0,Low Risk Regime
2022-10-15,153,11641,152,0.0130572974830341,0.0973284082123528,0.4242762649256936,13.6,0.0,25.3,0.0,160.71428571428572,163.4,0.0135604452243916,0.0137645677633651,5,10,1,1.0,Moderate Risk Regime
2022-10-16,132,11641,129,0.011081522205996,0.0966411820290353,0.4210978438278498,13.1,0.0,13.7,0.0,158.0,161.3,0.0133150073017782,0.0135841708902442,6,10,1,1.0,Moderate Risk Regime
2022-10-17,148,11641,145,0.0124559745726312,0.095009019843656,0.4156859376342238,14.8,4.1,18.0,1.0,162.42857142857142,161.4,0.0136708922895676,0.0135927612175357,0,10,0,1.0,Low Risk Regime
2022-10-18,151,11641,148,0.0127136843913753,0.0976720213040116,0.4159436474529679,10.8,0.7,17.9,1.0,161.85714285714286,161.4,0.0136340766011756,0.0135956246599662,1,10,0,1.0,Low Risk Regime
2022-10-19,148,11641,142,0.0121982647538871,0.0973284082123528,0.4159436474529679,8.4,0.0,27.0,0.0,158.42857142857142,160.93333333333334,0.0133150073017781,0.0135526730235088,2,10,1,1.0,Moderate Risk Regime
2022-10-20,174,11641,171,0.0146894596684133,0.0952667296624001,0.4147410016321622,9.7,0.0,26.4,0.0,157.57142857142858,161.23333333333332,0.0132413759249941,0.0135727171205222,3,10,1,1.0,Moderate Risk Regime
2022-10-21,187,11641,183,0.0157202989433897,0.0947513100249119,0.4155141310883944,10.7,0.0,11.5,0.0,156.14285714285714,160.76666666666668,0.0131309288598181,0.0135297654840649,4,10,1,1.0,Moderate Risk Regime
2022-10-22,174,11641,166,0.0142599433038398,0.0938922772957649,0.4143114852675887,11.7,0.0,11.7,0.0,159.14285714285714,161.36666666666667,0.0133027354056475,0.0135583999083698,5,10,1,1.0,Moderate Risk Regime
2022-10-23,123,11641,121,0.0103942960226784,0.0956962460269736,0.4158577441800533,12.9,17.6,20.8,1.0,157.85714285714286,159.66666666666666,0.0132045602366021,0.0134095009019843,6,10,0,1.0,Low Risk Regime
2022-10-24,167,11641,159,0.0136586203934369,0.0949231165707413,0.4114766772614036,14.2,12.1,20.8,1.0,160.57142857142858,160.0,0.0133763667824315,0.0134352718838587,0,10,0,1.0,Low Risk Regime
2022-10-25,180,11641,176,0.0151189760329868,0.0965552787561206,0.4123357099905506,17.7,2.6,12.9,1.0,164.71428571428572,160.36666666666667,0.0137199798740903,0.0134753600778856,1,10,0,1.0,Low Risk Regime
2022-10-26,140,11641,137,0.0117687483893136,0.0990464736706468,0.4132806459926123,18.3,0.4,16.2,1.0,163.57142857142858,160.03333333333333,0.0136586203934369,0.0134581794233026,2,10,0,1.0,Low Risk Regime
2022-10-27,195,11641,194,0.0166652349454514,0.0983592474873292,0.4124216132634653,14.4,0.0,25.6,0.0,166.57142857142858,162.66666666666666,0.0139408740044424,0.0136843913753114,3,10,1,1.0,Moderate Risk Regime
2022-10-28,171,11641,171,0.0146894596684133,0.1001632162185379,0.4192079718237265,9.6,0.0,20.0,0.0,164.28571428571428,163.26666666666668,0.0137936112508743,0.0137445236663516,4,10,1,1.0,Moderate Risk Regime
2022-10-29,183,11641,177,0.0152048793059015,0.0987887638519027,0.420754230736191,9.3,0.0,11.5,0.0,165.57142857142858,163.5,0.0139286021083117,0.0137588408785041,5,10,1,1.0,Moderate Risk Regime
2022-10-30,148,11641,144,0.0123700712997165,0.099561893308135,0.4213555536465939,9.7,0.0,11.2,0.0,169.14285714285714,161.8,0.0142108557193171,0.0136099418721186,6,10,1,1.0,Moderate Risk Regime
2022-10-31,157,11641,153,0.0131432007559488,0.1017094751310025,0.4169744867279443,13.5,6.6,13.3,1.0,167.71428571428572,160.46666666666667,0.0141372243425331,0.013489677290038,0,10,0,1.0,Low Risk Regime
2022-11-01,163,11641,161,0.0138304269392663,0.1008504424018555,0.4135383558113564,15.7,7.5,15.6,1.0,165.28571428571428,161.0,0.013953145900573,0.0135354923689259,1,11,0,1.0,Low Risk Regime
2022-11-02,174,11641,168,0.0144317498496692,0.0993900867623056,0.4149128081779916,14.9,0.0,16.3,0.0,170.14285714285714,160.93333333333334,0.0143335746806239,0.0135297654840649,2,11,1,1.0,Moderate Risk Regime
2022-11-03,176,11641,170,0.0146035563954986,0.1023107980414053,0.4147410016321622,12.4,0.0,11.8,0.0,167.42857142857142,162.0,0.0140390491734877,0.0136128053145491,3,11,1,1.0,Moderate Risk Regime
2022-11-04,158,11641,158,0.0135727171205222,0.1006786358560261,0.4174899063654325,13.9,0.0,13.3,0.0,165.57142857142858,162.33333333333334,0.013879514523789,0.0136443031812845,4,11,1,1.0,Moderate Risk Regime
2022-11-05,183,11641,179,0.0153766858517309,0.099561893308135,0.4183489390945795,18.3,0.0,27.3,0.0,165.57142857142858,163.06666666666666,0.0139040583160504,0.0137072989147553,5,11,1,1.0,Moderate Risk Regime
2022-11-06,131,11641,130,0.0111674254789107,0.099561893308135,0.4202388110987028,20.1,2.8,22.3,1.0,163.14285714285714,161.63333333333333,0.013732251770221,0.0135898977751052,6,11,0,1.0,Low Risk Regime
2022-11-07,131,11641,127,0.0109097156601666,0.0981015376685851,0.4165449703633708,19.7,0.8,25.7,1.0,159.42857142857142,160.63333333333333,0.0134131824708235,0.0134982676173295,0,11,0,1.0,Low Risk Regime
2022-11-08,116,11641,112,0.0096211665664461,0.095868052572803,0.4139678721759299,10.6,0.0,23.5,0.0,152.71428571428572,159.46666666666667,0.0128118595604206,0.0133923202474014,1,11,1,1.0,Moderate Risk Regime
2022-11-09,166,11641,165,0.0141740400309251,0.0918305987458122,0.4109612576239154,7.4,0.0,19.5,0.0,151.57142857142858,161.1,0.0127750438720286,0.0135326289264954,2,11,1,1.0,Moderate Risk Regime
2022-11-10,151,11641,150,0.0128854909372047,0.0911433725624946,0.4151705179967356,11.3,0.0,13.2,0.0,148.0,160.96666666666667,0.0125296059494152,0.0135297654840649,3,11,1,1.0,Moderate Risk Regime
2022-11-11,188,11641,182,0.015634395670475,0.0889957907396271,0.4148269049050769,16.0,25.3,33.5,1.0,152.28571428571428,161.5,0.0128241314565513,0.0135698536780918,4,11,0,1.0,Low Risk Regime
2022-11-12,159,11641,154,0.0132291040288635,0.0915728889270681,0.416201357271712,18.7,1.8,33.1,1.0,148.85714285714286,160.8,0.0125173340532845,0.0135039945021905,5,11,0,1.0,Low Risk Regime
2022-11-13,131,11641,130,0.0111674254789107,0.0895112103771153,0.4143973885405034,10.6,2.9,27.2,1.0,148.85714285714286,158.6,0.0125173340532845,0.0133264610715001,6,11,0,1.0,Low Risk Regime
2022-11-14,145,11641,140,0.0120264582080577,0.0895112103771153,0.4087277725281333,5.0,0.0,19.3,0.0,150.85714285714286,158.33333333333334,0.0126768687029833,0.0132920997623342,0,11,1,1.0,Moderate Risk Regime
2022-11-15,162,11641,160,0.0137445236663516,0.0907138561979211,0.4080405463448157,4.4,6.0,23.5,1.0,157.42857142857142,159.33333333333334,0.0132659197172555,0.0133808664776794,1,11,0,1.0,Low Risk Regime
2022-11-16,167,11641,166,0.0142599433038398,0.0946654067519972,0.4106176445322567,7.5,12.5,28.0,1.0,157.57142857142858,159.96666666666667,0.0132781916133861,0.0134409987687197,2,11,0,1.0,Low Risk Regime
2022-11-17,169,11641,167,0.0143458465767545,0.0947513100249119,0.4122498067176359,4.6,0.0,31.2,0.0,160.14285714285714,160.56666666666666,0.0134868138476075,0.013495404174899,3,11,1,1.0,Moderate Risk Regime
2022-11-18,177,11641,174,0.0149471694871574,0.0962975689373765,0.4137960656301005,3.4,0.2,31.1,1.0,158.57142857142858,161.53333333333333,0.0133886386785622,0.0135870343326747,4,11,0,1.0,Low Risk Regime
2022-11-19,183,11641,183,0.0157202989433897,0.0953526329353148,0.4162872605446267,1.6,0.0,19.7,0.0,162.0,161.83333333333334,0.0137445236663516,0.0136213956418406,5,11,1,1.0,Moderate Risk Regime
2022-11-20,137,11641,134,0.0115110385705695,0.0974143114852676,0.417060390000859,0.6,0.1,34.0,1.0,162.85714285714286,160.16666666666666,0.0137936112508743,0.0134810869627466,6,11,0,1.0,Low Risk Regime
2022-11-21,172,11641,168,0.0144317498496692,0.0979297311227557,0.4127652263551241,0.4,0.0,22.5,0.0,166.71428571428572,160.1,0.0141372243425331,0.0134868138476075,0,11,1,1.0,Moderate Risk Regime
2022-11-22,162,11641,160,0.0137445236663516,0.1002491194914526,0.4125934198092947,4.7,0.0,20.6,0.0,166.71428571428572,161.4,0.0141372243425331,0.0135984881023967,1,11,1,1.0,Moderate Risk Regime
2022-11-23,158,11641,153,0.0131432007559488,0.1002491194914526,0.4159436474529679,5.9,0.0,13.0,0.0,165.42857142857142,161.1,0.0139776896928344,0.0135813074478137,2,11,1,1.0,Moderate Risk Regime
2022-11-24,116,11641,114,0.0097929731122755,0.0994759900352203,0.4151705179967356,5.4,0.0,13.0,0.0,157.85714285714286,158.96666666666667,0.0133272791979088,0.0134037740171233,3,11,1,1.0,Moderate Risk Regime
2022-11-25,128,11641,125,0.0107379091143372,0.0949231165707413,0.409672708530195,7.7,3.8,25.9,1.0,150.85714285714286,158.56666666666666,0.0127259562875059,0.0133694127079575,4,11,0,1.0,Low Risk Regime
2022-11-26,129,11641,126,0.0108238123872519,0.0907138561979211,0.4086418692552186,7.6,0.0,19.7,0.0,143.14285714285714,156.36666666666667,0.0120264582080577,0.0131746986226841,5,11,1,1.0,Moderate Risk Regime
2022-11-27,131,11641,127,0.0109097156601666,0.0860750794605274,0.4029722532428486,9.1,12.2,27.2,1.0,142.28571428571428,155.03333333333333,0.011940554935143,0.0130487071557426,6,11,0,1.0,Low Risk Regime
2022-11-28,131,11641,131,0.0112533287518254,0.0855596598230392,0.3995361223262606,9.7,0.0,27.8,0.0,136.42857142857142,153.3,0.0114864947783081,0.01291698880394,0,11,1,1.0,Moderate Risk Regime
2022-11-29,138,11641,135,0.0115969418434842,0.0820376256335366,0.3950691521346963,3.3,0.0,14.0,0.0,133.0,152.96666666666667,0.0111796973750414,0.0128912178220656,1,11,1,1.0,Moderate Risk Regime
2022-11-30,167,11641,162,0.013916330212181,0.0799759470835838,0.3942101194055493,8.3,14.9,37.4,1.0,134.28571428571428,153.3,0.0112901444402174,0.01291698880394,2,11,0,1.0,Low Risk Regime
2022-12-01,155,11641,154,0.0132291040288635,0.0807490765398161,0.3950691521346963,3.2,0.0,28.7,0.0,139.85714285714286,153.03333333333333,0.0117810202854443,0.0128969447069266,3,12,1,1.0,Moderate Risk Regime
2022-12-02,165,11641,156,0.0134009105746928,0.0840993041834893,0.3943819259513787,1.6,0.0,10.9,0.0,145.14285714285714,152.73333333333332,0.0121614490654951,0.0128625833977607,4,12,1,1.0,Moderate Risk Regime
2022-12-03,161,11641,155,0.0133150073017781,0.0872777252813332,0.3936087964951464,10.0,8.8,33.3,1.0,149.71428571428572,152.23333333333332,0.0125173340532845,0.0128196317613034,5,12,0,1.0,Low Risk Regime
2022-12-04,149,11641,146,0.0125418778455459,0.0900266300146035,0.392320247401426,4.1,0.0,23.2,0.0,152.28571428571428,151.93333333333334,0.0127505000797673,0.0127852704521375,6,12,1,1.0,Moderate Risk Regime
2022-12-05,145,11641,145,0.0124559745726312,0.0915728889270681,0.3915471179451937,2.0,0.0,11.7,0.0,154.28571428571428,150.66666666666666,0.0129223066255967,0.0126879134095009,0,12,1,1.0,Moderate Risk Regime
2022-12-06,178,11641,173,0.0148612662142427,0.0927755347478739,0.3882827935744352,8.4,11.5,22.6,1.0,160.0,152.23333333333332,0.0133886386785622,0.0128110414340119,1,12,0,1.0,Low Risk Regime
2022-12-07,184,11641,181,0.0155484923975603,0.0962116656644618,0.392320247401426,12.8,10.5,22.8,1.0,162.42857142857142,154.0,0.0136218047050449,0.0129656673252584,2,12,0,1.0,Low Risk Regime
2022-12-08,150,11641,146,0.0125418778455459,0.0976720213040116,0.396873120865905,9.1,0.0,20.4,0.0,161.71428571428572,155.13333333333333,0.0135236295359996,0.013063024367895,3,12,1,1.0,Moderate Risk Regime
2022-12-09,170,11641,167,0.0143458465767545,0.0972425049394381,0.3997938321450047,3.5,0.0,20.6,0.0,162.42857142857142,155.26666666666668,0.0136586203934369,0.013068751252756,4,12,1,1.0,Moderate Risk Regime
2022-12-10,144,11641,139,0.011940554935143,0.0976720213040116,0.4001374452366635,1.5,0.0,18.5,0.0,160.0,155.03333333333333,0.0134622700553462,0.0130372533860206,5,12,1,1.0,Moderate Risk Regime
2022-12-11,122,11641,121,0.0103942960226784,0.0962116656644618,0.3995361223262606,2.9,10.7,17.7,1.0,156.14285714285714,152.83333333333334,0.0131554726520794,0.0128625833977607,6,12,0,1.0,Low Risk Regime
2022-12-12,169,11641,164,0.0140881367580104,0.0938922772957649,0.3938665063138906,1.2,1.1,22.1,1.0,159.57142857142858,153.16666666666666,0.0133886386785622,0.0128912178220656,0,12,0,1.0,Low Risk Regime
2022-12-13,157,11641,155,0.0133150073017781,0.0959539558457177,0.3947255390430375,-0.8,0.0,14.8,0.0,156.57142857142858,154.03333333333333,0.0131677445482101,0.0129628038828279,1,12,1,1.0,Moderate Risk Regime
2022-12-14,120,11641,119,0.010222489476849,0.094149987114509,0.3969590241388196,0.5,0.0,19.5,0.0,147.42857142857142,153.2,0.0124068869881085,0.0129026715917876,2,12,1,1.0,Moderate Risk Regime
2022-12-15,196,11641,192,0.016493428399622,0.0886521776479683,0.3948114423159522,2.1,17.3,30.1,1.0,154.0,154.33333333333334,0.0129713942101194,0.0129943017495633,3,12,0,1.0,Low Risk Regime
2022-12-16,211,11641,207,0.0177819774933424,0.0926037282020445,0.397732153595052,4.9,14.5,34.9,1.0,159.85714285714286,155.8,0.0134622700553462,0.0131117028892134,4,12,0,1.0,Low Risk Regime
2022-12-17,147,11641,143,0.0122841680268018,0.0961257623915471,0.4015118976032987,3.9,0.3,24.8,1.0,160.28571428571428,155.06666666666666,0.0135113576398689,0.0130429802708816,5,12,0,1.0,Low Risk Regime
2022-12-18,130,11641,129,0.011081522205996,0.0963834722102912,0.3996220255991753,0.8,0.0,22.3,0.0,161.42857142857142,153.5,0.0136095328089143,0.0129141253615096,6,12,1,1.0,Moderate Risk Regime
2022-12-19,164,11641,161,0.0138304269392663,0.0970706983936088,0.3955845717721845,0.4,0.0,23.4,0.0,160.71428571428572,152.86666666666667,0.0135727171205222,0.0128511296280388,0,12,1,1.0,Moderate Risk Regime
2022-12-20,155,11641,153,0.0131432007559488,0.0966411820290353,0.3939524095868053,0.3,0.0,19.2,0.0,160.42857142857142,153.46666666666667,0.0135481733282609,0.0129055350342181,1,12,1,1.0,Moderate Risk Regime
2022-12-21,138,11641,135,0.0115969418434842,0.0964693754832059,0.3954986684992698,-0.7,0.0,9.3,0.0,163.0,152.33333333333334,0.0137445236663516,0.0128110414340119,2,12,1,1.0,Moderate Risk Regime
2022-12-22,142,11641,141,0.0121123614809724,0.0980156343956704,0.3925779572201701,2.8,9.5,30.4,1.0,155.28571428571428,151.66666666666666,0.0131186569636874,0.0127566360278326,3,12,0,1.0,Low Risk Regime
2022-12-23,157,11641,155,0.0133150073017781,0.0933768576582767,0.3908598917618761,3.4,23.0,46.0,1.0,147.57142857142858,151.63333333333333,0.0124805183648925,0.0127623629126936,4,12,0,1.0,Low Risk Regime
2022-12-24,134,11641,132,0.0113392320247401,0.088738080920883,0.3907739884889614,-10.7,0.0,35.7,0.0,145.71428571428572,152.23333333333332,0.0123455275074551,0.0128139048764424,5,12,1,1.0,Moderate Risk Regime
2022-12-25,90,11641,90,0.0077312945623228,0.087621338372992,0.392320247401426,-6.3,0.0,25.2,0.0,140.0,150.96666666666667,0.011866923558359,0.0127136843913753,6,12,1,1.0,Moderate Risk Regime
2022-12-26,98,11641,98,0.0084185207456404,0.0841852074564041,0.3890559230306675,-4.6,0.0,19.5,0.0,130.57142857142858,149.93333333333334,0.0110937941021267,0.0126335080033215,0,12,1,1.0,Moderate Risk Regime
2022-12-27,113,11641,112,0.0096211665664461,0.078515591444034,0.3863929215703118,-1.5,0.0,14.9,0.0,124.57142857142856,149.33333333333334,0.0105906463607692,0.0125905563668642,1,12,1,1.0,Moderate Risk Regime
2022-12-28,131,11641,127,0.0109097156601666,0.0749076539816167,0.3848466626578473,0.7,0.0,19.2,0.0,123.57142857142856,149.33333333333334,0.0104924711917238,0.0125791025971422,2,12,1,1.0,Moderate Risk Regime
2022-12-29,94,11641,93,0.0079890043810669,0.0743063310712138,0.3848466626578473,2.9,0.0,16.0,0.0,116.71428571428572,147.86666666666667,0.0099034201774516,0.0124588380150617,3,12,1,1.0,Moderate Risk Regime
2022-12-30,169,11641,166,0.0142599433038398,0.0701829739713083,0.3810669186496006,6.3,0.0,13.6,0.0,118.42857142857144,147.93333333333334,0.010038411034889,0.0124702917847836,4,12,1,1.0,Moderate Risk Regime
2022-12-31,135,11641,130,0.0111674254789107,0.0712138132462846,0.3812387251954299,8.7,6.3,13.2,1.0,118.57142857142856,147.26666666666668,0.0100138672426276,0.0124015691664519,5,12,0,1.0,Low Risk Regime
2023-01-01,147,11641,145,0.0124559745726312,0.0712997165191993,0.379520659737136,9.0,2.1,17.4,1.0,126.71428571428572,146.66666666666666,0.0106888215298145,0.0123700712997165,6,1,0,1.0,Low Risk Regime
2023-01-02,100,11641,99,0.0085044240185551,0.0761962030753371,0.3779744008246714,7.9,0.5,9.0,1.0,127.0,144.63333333333333,0.0107010934259452,0.012209718523609,0,1,0,1.0,Low Risk Regime
2023-01-03,120,11641,118,0.0101365862039343,0.0763680096211665,0.3727343011768748,9.5,9.5,19.4,1.0,128.0,143.66666666666666,0.0107747248027292,0.0121295421355553,1,1,0,1.0,Low Risk Regime
2023-01-04,117,11641,116,0.0099647796581049,0.0769693325315694,0.3702431062623486,13.1,2.3,18.2,1.0,126.0,142.73333333333332,0.0106397339452918,0.0120465023050711,2,1,0,1.0,Low Risk Regime
2023-01-05,124,11641,122,0.0104801992955931,0.0757666867107636,0.367837814620737,10.0,0.0,12.1,0.0,130.28571428571428,140.93333333333334,0.0109956189330813,0.0119004667411161,3,1,1,1.0,Moderate Risk Regime
2023-01-06,124,11641,123,0.0105661025685078,0.0783437848982046,0.3631990378833433,6.2,9.6,16.3,1.0,123.85714285714286,138.93333333333334,0.0104679273994624,0.0117343870801477,4,1,0,1.0,Low Risk Regime
2023-01-07,109,11641,109,0.009363456747702,0.0744781376170432,0.3580448415084615,3.7,0.0,20.2,0.0,120.14285714285714,137.56666666666666,0.0102102175807183,0.0116284397102196,5,1,1,1.0,Moderate Risk Regime
2023-01-08,111,11641,109,0.009363456747702,0.072244652521261,0.3545228073189588,1.4,0.0,13.7,0.0,115.0,135.6,0.0097684293200142,0.0114623600492512,6,1,1,1.0,Moderate Risk Regime
2023-01-09,131,11641,128,0.0109956189330813,0.0691521346963319,0.3494545142169916,3.1,1.5,17.9,1.0,119.42857142857144,135.16666666666666,0.0101243143078036,0.0114308621825158,0,1,0,1.0,Low Risk Regime
2023-01-10,160,11641,157,0.0134868138476075,0.0718151361566875,0.3483377716691005,2.7,0.0,14.6,0.0,125.14285714285714,136.43333333333334,0.0106029182568998,0.0115339461100134,1,1,1,1.0,Moderate Risk Regime
2023-01-11,116,11641,115,0.0098788763851902,0.0752512670732755,0.3516020960398591,1.0,0.0,13.8,0.0,125.0,134.66666666666666,0.0105906463607692,0.0113936374309194,2,1,1,1.0,Moderate Risk Regime
2023-01-12,173,11641,170,0.0146035563954986,0.0751653638003607,0.3470492225753801,5.3,11.9,21.0,1.0,132.0,135.2,0.0111796973750414,0.0114365890673768,3,1,0,1.0,Low Risk Regime
2023-01-13,173,11641,168,0.0144317498496692,0.079374624173181,0.3484236749420153,9.3,1.6,27.1,1.0,139.0,136.96666666666667,0.0117319327009216,0.0115768977464708,4,1,0,1.0,Low Risk Regime
2023-01-14,143,11641,141,0.0121123614809724,0.0835838845460012,0.3529765484064943,1.0,0.0,26.3,0.0,143.85714285714286,135.2,0.012124633377103,0.0114308621825158,5,1,1,1.0,Moderate Risk Regime
2023-01-15,105,11641,100,0.0085903272914698,0.0865045958251009,0.3484236749420153,0.7,0.0,33.8,0.0,143.0,131.66666666666666,0.012014186311927,0.0111244738424533,6,1,1,1.0,Moderate Risk Regime
2023-01-16,126,11641,122,0.0104801992955931,0.0859891761876127,0.3393179280130573,1.6,0.0,26.3,0.0,142.28571428571428,130.96666666666667,0.011940554935143,0.0110643415514131,0,1,1,1.0,Moderate Risk Regime
2023-01-17,143,11641,142,0.0121982647538871,0.0855596598230392,0.3375139592818486,2.5,1.4,13.3,1.0,139.85714285714286,131.4,0.0117564764931829,0.0111015663030094,1,1,0,1.0,Low Risk Regime
2023-01-18,142,11641,140,0.0120264582080577,0.0840993041834893,0.3386307018297397,6.7,1.7,25.5,1.0,143.57142857142858,130.66666666666666,0.0120632738964497,0.0110414340119691,2,1,0,1.0,Low Risk Regime
2023-01-19,166,11641,166,0.0142599433038398,0.0863327892792715,0.3367408298256164,4.0,23.5,16.3,1.0,142.57142857142858,131.03333333333333,0.012014186311927,0.0110786587635655,3,1,0,1.0,Low Risk Regime
2023-01-20,142,11641,139,0.011940554935143,0.0857314663688686,0.337685765827678,5.4,0.6,30.7,1.0,138.14285714285714,131.16666666666666,0.0116583013241375,0.0110901125332875,4,1,0,1.0,Low Risk Regime
2023-01-21,133,11641,126,0.0108238123872519,0.083068464908513,0.3380293789193368,2.8,0.2,19.9,1.0,136.71428571428572,130.86666666666667,0.0114742228821775,0.0110471608968301,5,1,0,1.0,Low Risk Regime
2023-01-22,145,11641,140,0.0120264582080577,0.082209432179366,0.3372562494631045,1.4,5.4,15.8,1.0,142.42857142857142,130.46666666666667,0.0119650987274043,0.0110042092603728,6,1,0,1.0,Low Risk Regime
2023-01-23,147,11641,142,0.0121982647538871,0.0856455630959539,0.3362254101881282,2.5,16.9,25.0,1.0,145.42857142857142,130.9,0.0122105366500177,0.0110328436846777,0,1,0,1.0,Low Risk Regime
2023-01-24,138,11641,137,0.0117687483893136,0.0874495318271626,0.3373421527360192,2.3,0.0,27.7,0.0,144.71428571428572,132.5,0.0121491771693644,0.0111674254789107,1,1,1,1.0,Moderate Risk Regime
2023-01-25,139,11641,139,0.011940554935143,0.0870200154625891,0.3414655098359248,2.2,20.0,44.7,1.0,144.28571428571428,133.86666666666667,0.0121369052732337,0.0112848266185608,2,1,0,1.0,Low Risk Regime
2023-01-26,148,11641,146,0.0125418778455459,0.086762305643845,0.3449875440254273,7.5,14.5,36.0,1.0,141.71428571428572,135.03333333333333,0.0118914673506203,0.0113821836611974,3,1,0,1.0,Low Risk Regime
2023-01-27,140,11641,137,0.0117687483893136,0.0852160467313804,0.3479941585774418,2.2,0.0,19.2,0.0,141.42857142857142,135.33333333333334,0.011866923558359,0.0114108180855023,4,1,1,1.0,Moderate Risk Regime
2023-01-28,145,11641,144,0.0123700712997165,0.085044240185551,0.348767288033674,4.4,0.0,23.8,0.0,143.14285714285714,137.03333333333333,0.012087817688711,0.0115568536494573,5,1,1,1.0,Moderate Risk Regime
2023-01-29,121,11641,121,0.0103942960226784,0.0860750794605274,0.3531483549523236,5.6,0.0,22.5,0.0,139.71428571428572,135.43333333333334,0.0118546516622283,0.0114279987400853,6,1,1,1.0,Moderate Risk Regime
2023-01-30,125,11641,125,0.0107379091143372,0.0840134009105746,0.3490249978524182,6.1,0.0,13.2,0.0,136.57142857142858,135.1,0.0116460294280069,0.0114136815279328,0,1,1,1.0,Moderate Risk Regime
2023-01-31,136,11641,134,0.0115110385705695,0.0821235289064513,0.3481659651232712,3.4,2.5,19.1,1.0,136.28571428571428,134.73333333333332,0.0116092137396149,0.0113821836611974,1,1,0,1.0,Low Risk Regime
2023-02-01,141,11641,139,0.011940554935143,0.0819517223606219,0.3472210291212095,-0.6,1.6,16.5,1.0,136.57142857142858,136.1,0.0116092137396149,0.011496721358417,2,2,0,1.0,Low Risk Regime
2023-02-02,142,11641,137,0.0117687483893136,0.0821235289064513,0.3507430633107121,-0.2,0.0,19.1,0.0,135.71428571428572,136.83333333333334,0.0114987666744388,0.0115511267645964,3,2,1,1.0,Moderate Risk Regime
2023-02-03,179,11641,174,0.0149471694871574,0.0816081092689631,0.3526329353148354,-4.4,0.0,42.2,0.0,141.28571428571428,138.9,0.0119528268312737,0.0117172064255648,4,2,1,1.0,Moderate Risk Regime
2023-02-04,124,11641,124,0.0106520058414225,0.0849583369126363,0.3579589382355467,-9.5,0.0,39.8,0.0,138.28571428571428,138.9,0.0117073889086602,0.0117229333104257,5,2,1,1.0,Moderate Risk Regime
2023-02-05,117,11641,116,0.0099647796581049,0.0831543681814277,0.3579589382355467,1.4,0.0,19.1,0.0,137.71428571428572,138.66666666666666,0.0116460294280069,0.0117028892134123,6,2,1,1.0,Moderate Risk Regime
2023-02-06,159,11641,156,0.0134009105746928,0.0828107550897689,0.3573576153251439,4.2,0.0,29.2,0.0,142.57142857142858,140.33333333333334,0.0120264582080577,0.0118374710076453,0,2,1,1.0,Moderate Risk Regime
2023-02-07,141,11641,139,0.011940554935143,0.0857314663688686,0.3616527789708788,0.4,2.6,21.6,1.0,143.28571428571428,141.33333333333334,0.012087817688711,0.01192337428056,1,2,0,1.0,Low Risk Regime
2023-02-08,136,11641,133,0.0114251352976548,0.0861609827334421,0.3642298771583197,4.8,0.7,22.5,1.0,142.57142857142858,141.5,0.012014186311927,0.0119376914927125,2,2,0,1.0,Low Risk Regime
2023-02-09,121,11641,120,0.0103083927497637,0.0857314663688686,0.3646593935228932,4.7,0.0,20.9,0.0,139.57142857142858,140.2,0.0118055640777056,0.0118317441227844,3,2,1,1.0,Moderate Risk Regime
2023-02-10,167,11641,162,0.013916330212181,0.08392749763766,0.36130916587922,11.2,0.0,28.1,0.0,137.85714285714286,141.9,0.0116583013241375,0.0119663259170174,4,2,1,1.0,Moderate Risk Regime
2023-02-11,157,11641,153,0.0131432007559488,0.0828966583626836,0.3656902327978696,3.7,0.0,23.5,0.0,142.57142857142858,141.36666666666667,0.012014186311927,0.0119176473956991,5,2,1,1.0,Moderate Risk Regime
2023-02-12,118,11641,117,0.0100506829310196,0.0857314663688686,0.3643157804312344,2.8,0.8,18.7,1.0,142.71428571428572,139.53333333333333,0.0120264582080577,0.0117716118317441,6,2,0,1.0,Low Risk Regime
2023-02-13,171,11641,166,0.0142599433038398,0.0858173696417833,0.359591100420926,6.6,1.8,23.9,1.0,144.42857142857142,140.46666666666667,0.0121491771693644,0.0118431978925063,0,2,0,1.0,Low Risk Regime
2023-02-14,151,11641,151,0.0129713942101194,0.0868482089167597,0.3619963920625376,6.3,0.0,23.2,0.0,145.85714285714286,142.0,0.0122964399229324,0.0119892334564613,1,2,1,1.0,Moderate Risk Regime
2023-02-15,139,11641,136,0.0116828451163989,0.0877072416459067,0.3659479426166137,10.2,0.0,26.9,0.0,146.28571428571428,142.43333333333334,0.0123332556113245,0.0120293216504882,2,2,1,1.0,Moderate Risk Regime
2023-02-16,144,11641,143,0.0122841680268018,0.0879649514646508,0.3670646851645047,12.7,2.9,17.6,1.0,149.57142857142858,142.46666666666667,0.0126155092223299,0.0120321850929187,3,2,0,1.0,Low Risk Regime
2023-02-17,146,11641,142,0.0121982647538871,0.0899407267416888,0.3671505884374195,9.7,8.1,33.8,1.0,146.57142857142858,142.6,0.0123700712997165,0.0120379119777796,4,2,0,1.0,Low Risk Regime
2023-02-18,155,11641,152,0.0130572974830341,0.0881367580104802,0.3674942015290782,0.9,0.0,28.9,0.0,146.28571428571428,142.23333333333332,0.0123577994035858,0.0119978237837528,5,2,1,1.0,Moderate Risk Regime
2023-02-19,142,11641,141,0.0121123614809724,0.0879649514646508,0.3665492655270165,4.0,0.0,29.8,0.0,149.71428571428572,142.23333333333332,0.0126523249107219,0.0120035506686138,6,2,1,1.0,Moderate Risk Regime
2023-02-20,105,11641,102,0.0087621338372992,0.0900266300146035,0.3665492655270165,9.0,0.0,25.3,0.0,140.28571428571428,141.3,0.011866923558359,0.011934828050282,0,2,1,1.0,Moderate Risk Regime
2023-02-21,132,11641,128,0.0109956189330813,0.0843570140022334,0.364143973885405,4.4,7.1,17.8,1.0,137.57142857142858,140.86666666666667,0.0115846699473535,0.0119004667411161,1,2,0,1.0,Low Risk Regime
2023-02-22,126,11641,122,0.0104801992955931,0.0827248518168542,0.3630272313375139,2.5,4.4,15.0,1.0,135.71428571428572,140.16666666666666,0.0114128634015241,0.0118431978925063,2,2,0,1.0,Low Risk Regime
2023-02-23,111,11641,108,0.0092775534747873,0.0816081092689631,0.3612232626063053,4.6,0.6,16.1,1.0,131.0,139.26666666666668,0.0109833470369506,0.0117601580620221,3,2,0,1.0,Low Risk Regime
2023-02-24,166,11641,165,0.0141740400309251,0.0787733012627781,0.3589038742376084,3.9,0.0,35.3,0.0,133.85714285714286,140.16666666666666,0.0112656006479561,0.0118346075652149,4,2,1,1.0,Moderate Risk Regime
2023-02-25,124,11641,123,0.0105661025685078,0.080491366721072,0.3612232626063053,-3.0,0.7,19.8,1.0,129.42857142857142,139.36666666666667,0.0109097156601666,0.0117687483893136,5,2,0,1.0,Low Risk Regime
2023-02-26,131,11641,127,0.0109097156601666,0.0778283652607164,0.3591615840563525,2.2,0.0,34.7,0.0,127.85714285714286,139.06666666666666,0.0107379091143372,0.0117401139650087,6,2,1,1.0,Moderate Risk Regime
2023-02-27,144,11641,140,0.0120264582080577,0.0768834292586547,0.3583884546001202,1.6,3.8,23.7,1.0,133.42857142857142,139.03333333333333,0.0112042411673027,0.0117286601952867,0,2,0,1.0,Low Risk Regime
2023-02-28,100,11641,97,0.0083326174727257,0.0802336569023279,0.3583025513272055,1.0,13.1,24.8,1.0,128.85714285714286,138.33333333333334,0.0108238123872519,0.011659937576955,1,2,0,1.0,Low Risk Regime
2023-03-01,187,11641,184,0.0158062022163044,0.0774847521690576,0.3564985825959969,1.9,3.4,22.0,1.0,137.57142857142858,140.4,0.0115846699473535,0.0118288806803539,2,3,0,1.0,Low Risk Regime
2023-03-02,141,11641,140,0.0120264582080577,0.0827248518168542,0.3618245855167082,6.8,1.5,23.2,1.0,141.85714285714286,140.56666666666666,0.011977370623535,0.0118460613349368,3,3,0,1.0,Low Risk Regime
2023-03-03,149,11641,147,0.0126277811184606,0.0853019500042951,0.3622541018812816,3.3,2.8,30.4,1.0,139.42857142857142,140.83333333333334,0.0117564764931829,0.0118689688743807,4,3,0,1.0,Low Risk Regime
2023-03-04,165,11641,162,0.013916330212181,0.0838415943647453,0.3629413280645993,5.4,41.8,38.4,1.0,145.28571428571428,141.6,0.0122350804422791,0.011940554935143,5,3,0,1.0,Low Risk Regime
2023-03-05,135,11641,133,0.0114251352976548,0.0873636285542479,0.3649171033416373,5.5,0.0,27.4,0.0,145.85714285714286,140.13333333333333,0.0123087118190631,0.0118231537954929,6,3,1,1.0,Moderate Risk Regime
2023-03-06,136,11641,132,0.0113392320247401,0.0877072416459067,0.3611373593333906,5.9,0.0,23.1,0.0,144.71428571428572,140.53333333333333,0.0122105366500177,0.0118460613349368,0,3,1,1.0,Moderate Risk Regime
2023-03-07,150,11641,146,0.0125418778455459,0.0870200154625891,0.3621681986083669,3.7,2.7,36.3,1.0,151.85714285714286,141.63333333333333,0.0128118595604206,0.0119319646078515,1,3,0,1.0,Low Risk Regime
2023-03-08,127,11641,125,0.0107379091143372,0.091315179108324,0.365003006614552,2.9,0.0,34.6,0.0,143.28571428571428,140.56666666666666,0.012087817688711,0.0118431978925063,2,3,1,1.0,Moderate Risk Regime
2023-03-09,153,11641,152,0.0130572974830341,0.0861609827334421,0.3622541018812816,4.3,0.0,22.3,0.0,145.0,140.96666666666667,0.0122350804422791,0.0118804226441027,3,3,1,1.0,Moderate Risk Regime
2023-03-10,176,11641,175,0.0150330727600721,0.0871918220084185,0.363284941156258,3.3,7.3,16.8,1.0,148.85714285714286,142.3,0.0125786935339379,0.0120006872261833,4,3,0,1.0,Low Risk Regime
2023-03-11,138,11641,133,0.0114251352976548,0.0895112103771153,0.366721072072846,4.2,13.1,25.8,1.0,145.0,142.86666666666667,0.0122228085461484,0.0120379119777796,5,3,0,1.0,Low Risk Regime
2023-03-12,119,11641,116,0.0099647796581049,0.0871918220084185,0.3681814277123958,3.4,0.0,19.2,0.0,142.71428571428572,141.26666666666668,0.012014186311927,0.0119061936259771,6,3,1,1.0,Moderate Risk Regime
2023-03-13,168,11641,165,0.0141740400309251,0.0858173696417833,0.3640580706124903,4.7,16.7,20.5,1.0,147.28571428571428,141.63333333333333,0.0124191588842392,0.011940554935143,0,3,0,1.0,Low Risk Regime
2023-03-14,161,11641,155,0.0133150073017781,0.0885662743750536,0.365003006614552,2.1,12.2,44.3,1.0,148.85714285714286,143.06666666666666,0.0125296059494152,0.0120493657475016,1,3,0,1.0,Low Risk Regime
2023-03-15,158,11641,158,0.0135727171205222,0.0895112103771153,0.368696847349884,3.3,0.0,38.7,0.0,153.28571428571428,142.63333333333333,0.0129345785217273,0.0120264582080577,2,3,1,1.0,Moderate Risk Regime
2023-03-16,124,11641,121,0.0103942960226784,0.092174211837471,0.3675801048019929,5.5,0.0,19.9,0.0,149.14285714285714,141.73333333333332,0.0125541497416765,0.011940554935143,3,3,1,1.0,Moderate Risk Regime
2023-03-17,173,11641,172,0.014775362941328,0.0896830169229447,0.3652607164332961,8.5,0.0,22.2,0.0,148.71428571428572,142.86666666666667,0.0125173340532845,0.0120436388626406,4,3,1,1.0,Moderate Risk Regime
2023-03-18,131,11641,128,0.0109956189330813,0.0894253071042006,0.3681814277123958,7.6,0.7,26.1,1.0,147.71428571428572,142.43333333333334,0.0124559745726312,0.0120006872261833,5,3,0,1.0,Low Risk Regime
2023-03-19,137,11641,135,0.0115969418434842,0.0888239841937977,0.3670646851645047,1.2,0.0,27.3,0.0,150.28571428571428,142.13333333333333,0.0126891405991139,0.0119806431291698,6,3,1,1.0,Moderate Risk Regime
2023-03-20,149,11641,147,0.0126277811184606,0.0903702431062623,0.3662915557082725,3.2,0.0,17.8,0.0,147.57142857142858,141.93333333333334,0.0124682464687618,0.0119663259170174,0,3,1,1.0,Moderate Risk Regime
2023-03-21,142,11641,140,0.0120264582080577,0.088738080920883,0.3657761360707843,7.4,0.0,20.1,0.0,144.85714285714286,141.93333333333334,0.0122841680268018,0.0119634624745869,1,3,1,1.0,Moderate Risk Regime
2023-03-22,113,11641,113,0.0097070698393608,0.0871059187355038,0.3657761360707843,7.8,0.0,23.1,0.0,138.42857142857142,142.2,0.0117319327009216,0.0119949603413223,2,3,1,1.0,Moderate Risk Regime
2023-03-23,138,11641,138,0.0118546516622283,0.0832402714543424,0.3664633622541018,10.7,2.8,24.5,1.0,140.42857142857142,142.4,0.011940554935143,0.0120235947656272,3,3,0,1.0,Low Risk Regime
2023-03-24,143,11641,141,0.0121123614809724,0.0844429172751481,0.36697878189159,8.7,0.2,19.1,1.0,136.14285714285714,142.96666666666667,0.0115601261550922,0.0120780001718065,4,3,0,1.0,Low Risk Regime
2023-03-25,124,11641,123,0.0105661025685078,0.0818658190877072,0.3684391375311399,5.6,11.5,31.4,1.0,135.14285714285714,143.4,0.0114987666744388,0.0121209518082638,5,3,0,1.0,Low Risk Regime
2023-03-26,152,11641,148,0.0127136843913753,0.0812644961773043,0.369555880079031,9.4,0.0,24.5,0.0,137.28571428571428,142.93333333333334,0.0116583013241375,0.0120722732869455,6,3,1,1.0,Moderate Risk Regime
2023-03-27,138,11641,136,0.0116828451163989,0.0825530452710248,0.3683532342582252,7.8,2.6,23.7,1.0,135.71428571428572,143.4,0.0115233104667002,0.0121094980385419,0,3,0,1.0,Low Risk Regime
2023-03-28,135,11641,129,0.011081522205996,0.0816081092689631,0.369555880079031,6.6,0.6,21.1,1.0,134.71428571428572,143.53333333333333,0.0113883196092628,0.0121152249234029,1,3,0,1.0,Low Risk Regime
2023-03-29,138,11641,135,0.0115969418434842,0.0810067863585602,0.3698994931706898,5.3,0.0,24.2,0.0,138.28571428571428,143.33333333333334,0.0116583013241375,0.0121009077112504,2,3,1,1.0,Moderate Risk Regime
2023-03-30,167,11641,165,0.0141740400309251,0.0831543681814277,0.3693840735332016,3.3,0.1,28.5,1.0,142.42857142857142,145.56666666666666,0.0119896425196657,0.0122956217965237,3,3,0,1.0,Low Risk Regime
2023-03-31,134,11641,133,0.0114251352976548,0.0856455630959539,0.3751395928184864,6.0,0.0,29.4,0.0,141.14285714285714,143.8,0.0118914673506203,0.0121495862325687,4,3,1,1.0,Moderate Risk Regime
2023-04-01,160,11641,158,0.0135727171205222,0.0848724336397216,0.3705867193540074,14.9,10.1,26.7,1.0,146.28571428571428,144.43333333333334,0.0123209837151938,0.0122011281963176,5,4,0,1.0,Low Risk Regime
2023-04-02,127,11641,126,0.0108238123872519,0.0879649514646508,0.3722188815393866,6.9,0.0,35.3,0.0,142.71428571428572,143.7,0.012051002000319,0.0121409959052773,6,4,1,1.0,Moderate Risk Regime
2023-04-03,127,11641,125,0.0107379091143372,0.0858173696417833,0.3703290095352633,7.1,0.0,30.9,0.0,141.14285714285714,142.43333333333334,0.0119160111428816,0.0120350485353491,0,4,1,1.0,Moderate Risk Regime
2023-04-04,162,11641,160,0.0137445236663516,0.0848724336397216,0.3670646851645047,13.3,0.0,16.8,0.0,145.0,143.33333333333334,0.0122964399229324,0.0121123614809724,1,4,1,1.0,Moderate Risk Regime
2023-04-05,144,11641,141,0.0121123614809724,0.0871918220084185,0.3693840735332016,11.7,0.4,20.5,1.0,145.85714285714286,143.6,0.0123700712997165,0.0121381324628468,2,4,0,1.0,Low Risk Regime
2023-04-06,129,11641,129,0.011081522205996,0.0877072416459067,0.3700712997165192,16.6,3.3,18.7,1.0,140.42857142857142,142.9,0.0119282830390123,0.0120894539415285,3,4,0,1.0,Low Risk Regime
2023-04-07,109,11641,106,0.0091057469289579,0.0844429172751481,0.3682673309853105,11.2,0.0,21.9,0.0,136.85714285714286,142.3,0.0115969418434842,0.0120350485353491,4,4,1,1.0,Moderate Risk Regime
2023-04-08,115,11641,112,0.0096211665664461,0.0822953354522807,0.366721072072846,6.1,0.0,19.9,0.0,130.42857142857142,141.03333333333333,0.0110324346214733,0.0119205108381296,5,4,1,1.0,Moderate Risk Regime
2023-04-09,114,11641,113,0.0097070698393608,0.0784296881711193,0.3634567477020874,6.4,0.0,24.2,0.0,128.57142857142858,138.96666666666667,0.0108728999717746,0.0117429774074392,6,4,1,1.0,Moderate Risk Regime
2023-04-10,135,11641,130,0.0111674254789107,0.0773129456232282,0.3581307447813762,9.1,0.0,18.8,0.0,129.71428571428572,138.86666666666667,0.0109342594524279,0.0117343870801477,0,4,1,1.0,Moderate Risk Regime
2023-04-11,128,11641,126,0.0108238123872519,0.0780001718065458,0.357873034962632,14.8,0.0,26.0,0.0,124.85714285714286,139.16666666666666,0.0105170149839851,0.0117630215044526,1,4,1,1.0,Moderate Risk Regime
2023-04-12,123,11641,120,0.0103083927497637,0.0750794605274461,0.3586461644188644,20.5,0.0,24.1,0.0,121.85714285714286,137.66666666666666,0.010259305165241,0.0116341665950806,2,4,1,1.0,Moderate Risk Regime
2023-04-13,139,11641,136,0.0116828451163989,0.0732754917962374,0.3547805171377029,22.1,0.0,20.6,0.0,123.28571428571428,136.93333333333334,0.0103452084381557,0.0115797611889012,3,4,1,1.0,Moderate Risk Regime
2023-04-14,159,11641,157,0.0134868138476075,0.0741345245253844,0.3528906451335796,22.0,0.0,19.2,0.0,130.42857142857142,136.96666666666667,0.01097107514082,0.0115768977464708,4,4,1,1.0,Moderate Risk Regime
2023-04-15,134,11641,133,0.0114251352976548,0.0784296881711193,0.3529765484064943,17.6,5.0,19.5,1.0,133.14285714285714,137.3,0.0112287849595641,0.0116112590556366,5,4,0,1.0,Low Risk Regime
2023-04-16,115,11641,115,0.0098788763851902,0.0800618503564985,0.3538355811356413,15.8,0.0,17.7,0.0,133.28571428571428,135.36666666666667,0.0112533287518254,0.0114480428370987,6,4,1,1.0,Moderate Risk Regime
2023-04-17,153,11641,152,0.0130572974830341,0.0801477536294132,0.3488531913065887,14.4,3.1,24.5,1.0,135.85714285714286,136.1,0.0115233104667002,0.0115167654554305,0,4,0,1.0,Low Risk Regime
2023-04-18,128,11641,126,0.0108238123872519,0.0816940125418778,0.3507430633107121,11.3,0.1,36.5,1.0,135.85714285714286,135.8,0.0115233104667002,0.0114909944735561,1,4,0,1.0,Low Risk Regime
2023-04-19,130,11641,128,0.0109956189330813,0.0816940125418778,0.3499699338544798,10.4,0.0,24.5,0.0,136.85714285714286,135.16666666666666,0.0116214856357455,0.0114365890673767,2,4,1,1.0,Moderate Risk Regime
2023-04-20,150,11641,148,0.0127136843913753,0.0822953354522807,0.3483377716691005,10.5,0.0,16.2,0.0,138.42857142857142,135.43333333333334,0.0117687483893136,0.0114594966068207,3,4,1,1.0,Moderate Risk Regime
2023-04-21,177,11641,176,0.0151189760329868,0.0832402714543424,0.3490249978524182,13.1,0.0,23.9,0.0,141.0,137.56666666666666,0.0120019144157963,0.0116398934799415,4,4,1,1.0,Moderate Risk Regime
2023-04-22,149,11641,147,0.0126277811184606,0.0847865303668069,0.3545228073189588,14.3,15.7,30.5,1.0,143.14285714285714,137.93333333333334,0.0121737209616257,0.0116656644618159,5,4,0,1.0,Low Risk Regime
2023-04-23,157,11641,155,0.0133150073017781,0.0860750794605274,0.3554677433210205,14.6,18.4,20.6,1.0,149.14285714285714,138.4,0.0126645968068526,0.0117057526558428,6,4,0,1.0,Low Risk Regime
2023-04-24,162,11641,159,0.0136586203934369,0.0896830169229447,0.3566703891418263,11.2,0.0,19.1,0.0,150.42857142857142,139.66666666666666,0.0127505000797673,0.0118088365833404,0,4,1,1.0,Moderate Risk Regime
2023-04-25,149,11641,148,0.0127136843913753,0.090456146379177,0.3599347135125848,10.4,0.3,13.2,1.0,153.42857142857142,139.56666666666666,0.013020481794642,0.0118088365833404,1,4,0,1.0,Low Risk Regime
2023-04-26,163,11641,158,0.0135727171205222,0.0922601151103857,0.3596770036938407,10.0,0.9,22.1,1.0,158.14285714285714,140.4,0.0133886386785622,0.0118718323168112,2,4,0,1.0,Low Risk Regime
2023-04-27,140,11641,139,0.011940554935143,0.0950949231165707,0.3618245855167082,10.6,0.7,16.8,1.0,156.71428571428572,140.56666666666666,0.0132781916133861,0.0119004667411161,3,4,0,1.0,Low Risk Regime
2023-04-28,178,11641,174,0.0149471694871574,0.0942358903874237,0.3622541018812816,9.8,6.1,23.3,1.0,156.85714285714286,141.9,0.0132536478211248,0.0120121409959052,4,4,0,1.0,Low Risk Regime
2023-04-29,187,11641,178,0.0152907825788162,0.0943217936603384,0.3656902327978696,10.7,59.5,30.7,1.0,162.28571428571428,142.56666666666666,0.0136340766011756,0.0120493657475016,5,4,0,1.0,Low Risk Regime
2023-04-30,156,11641,152,0.0130572974830341,0.0975861180310969,0.3674082982561635,12.8,22.2,27.5,1.0,162.14285714285714,143.3,0.0135972609127836,0.0121037711536809,6,4,0,1.0,Low Risk Regime
2023-05-01,149,11641,146,0.0125418778455459,0.0975002147581822,0.3692981702602869,12.6,1.8,38.6,1.0,160.28571428571428,142.93333333333334,0.0134377262630849,0.012069409844515,0,5,0,1.0,Low Risk Regime
2023-05-02,128,11641,126,0.0108238123872519,0.0963834722102912,0.3683532342582252,10.4,0.8,26.9,1.0,157.28571428571428,142.96666666666667,0.0131677445482101,0.012069409844515,1,5,0,1.0,Low Risk Regime
2023-05-03,153,11641,151,0.0129713942101194,0.0945795034790825,0.3684391375311399,9.5,0.7,14.8,1.0,155.85714285714286,143.83333333333334,0.0130818412752954,0.0121438593477078,2,5,0,1.0,Low Risk Regime
2023-05-04,161,11641,159,0.0136586203934369,0.0937204707499355,0.3706726226269221,10.2,1.7,16.3,1.0,158.85714285714286,143.8,0.0133272791979088,0.0121409959052773,3,5,0,1.0,Low Risk Regime
2023-05-05,167,11641,163,0.0140022334850957,0.0955244394811442,0.3705867193540074,11.6,3.5,11.9,1.0,157.28571428571428,144.56666666666666,0.0131922883404714,0.0122039916387481,4,5,0,1.0,Low Risk Regime
2023-05-06,193,11641,188,0.0161498153079632,0.0945795034790825,0.3725624946310454,14.2,0.0,19.0,0.0,158.14285714285714,146.7,0.0133150073017782,0.012372934742147,5,5,1,1.0,Moderate Risk Regime
2023-05-07,154,11641,147,0.0126277811184606,0.0950949231165707,0.3780603040975861,16.4,0.0,22.1,0.0,157.85714285714286,148.2,0.0132536478211248,0.012490335881797,6,5,1,1.0,Moderate Risk Regime
2023-05-08,164,11641,160,0.0137445236663516,0.0949231165707413,0.3819259513787475,18.2,0.0,21.2,0.0,160.0,149.83333333333334,0.0134254543669542,0.0126277811184606,0,5,1,1.0,Moderate Risk Regime
2023-05-09,157,11641,153,0.0131432007559488,0.0962116656644618,0.3861352117515677,14.1,0.0,21.7,0.0,164.14285714285714,151.26666666666668,0.0137567955624823,0.0127423188156802,1,5,1,1.0,Moderate Risk Regime
2023-05-10,137,11641,135,0.0115969418434842,0.098702860578988,0.3898290524868997,14.3,0.0,19.8,0.0,161.85714285714286,151.33333333333334,0.0135604452243916,0.0127566360278326,2,5,1,1.0,Moderate Risk Regime
2023-05-11,162,11641,161,0.0138304269392663,0.0973284082123528,0.3900008590327291,17.8,0.0,21.7,0.0,162.0,152.46666666666667,0.0135849890166529,0.0128568565128998,3,5,1,1.0,Moderate Risk Regime
2023-05-12,220,11641,213,0.0182973971308306,0.0974143114852676,0.3929215703118289,21.1,0.0,15.3,0.0,169.57142857142858,155.7,0.0141985838231865,0.0131231566589353,4,5,1,1.0,Moderate Risk Regime
2023-05-13,178,11641,174,0.0149471694871574,0.1019671849497465,0.4012541877845546,22.0,0.0,19.7,0.0,167.42857142857142,157.0,0.0140267772773571,0.0132319674712939,5,5,1,1.0,Moderate Risk Regime
2023-05-14,157,11641,155,0.0133150073017781,0.1006786358560261,0.4046044154282278,17.6,0.0,22.0,0.0,167.85714285714286,156.93333333333334,0.0141249524464024,0.013226240586433,6,5,1,1.0,Moderate Risk Regime
2023-05-15,147,11641,144,0.0123700712997165,0.1009363456747702,0.4044326088823984,17.5,0.0,18.7,0.0,165.42857142857142,157.36666666666667,0.0139286021083117,0.0132577384531683,0,5,1,1.0,Moderate Risk Regime
2023-05-16,169,11641,165,0.0141740400309251,0.0994759900352203,0.4055493514302895,20.3,0.0,24.9,0.0,167.14285714285714,159.16666666666666,0.0140758648618798,0.0134009105746928,1,5,1,1.0,Moderate Risk Regime
2023-05-17,184,11641,182,0.015634395670475,0.1005068293101967,0.4101881281676832,15.1,0.0,26.4,0.0,173.85714285714286,160.2,0.0146526439800213,0.0134868138476075,2,5,1,1.0,Moderate Risk Regime
2023-05-18,185,11641,183,0.0157202989433897,0.1045442831371875,0.4128511296280388,11.1,0.0,22.1,0.0,177.14285714285714,162.1,0.0149226256948961,0.0136500300661455,3,5,1,1.0,Moderate Risk Regime
2023-05-19,174,11641,171,0.0146894596684133,0.1065200584142255,0.4177476161841766,14.9,0.0,33.0,0.0,170.57142857142858,163.56666666666666,0.0144072060574079,0.0137731580906565,4,5,1,1.0,Moderate Risk Regime
2023-05-20,160,11641,156,0.0134009105746928,0.1025685078601494,0.4215273601924233,15.8,26.9,15.9,1.0,168.0,163.9,0.0141863119270558,0.0137960656301005,5,5,0,1.0,Low Risk Regime
2023-05-21,153,11641,149,0.01279958766429,0.1010222489476849,0.4223863929215703,17.3,0.6,23.0,1.0,167.42857142857142,163.1,0.0141126805502718,0.0137187526844772,6,5,0,1.0,Low Risk Regime
2023-05-22,121,11641,120,0.0103083927497637,0.1006786358560261,0.4203247143716175,16.9,0.2,20.6,1.0,163.71428571428572,162.16666666666666,0.0138181550431357,0.013641439738854,0,5,0,1.0,Low Risk Regime
2023-05-23,133,11641,129,0.011081522205996,0.0984451507602439,0.417919422730006,14.5,0.0,21.5,0.0,158.57142857142858,161.36666666666667,0.0133763667824315,0.0135669902356613,1,5,1,1.0,Moderate Risk Regime
2023-05-24,123,11641,123,0.0105661025685078,0.0953526329353148,0.4158577441800533,15.6,0.7,25.0,1.0,149.85714285714286,160.06666666666666,0.0126523249107219,0.0134639063081636,2,5,0,1.0,Low Risk Regime
2023-05-25,144,11641,139,0.011940554935143,0.0901125332875182,0.41250751653638,14.7,0.0,25.9,0.0,144.0,159.9,0.0121123614809724,0.0134381353262892,3,5,1,1.0,Moderate Risk Regime
2023-05-26,165,11641,159,0.0136586203934369,0.0865904990980156,0.4120780001718065,16.1,0.0,15.3,0.0,142.71428571428572,159.96666666666667,0.0119650987274043,0.0134409987687197,4,5,1,1.0,Moderate Risk Regime
2023-05-27,168,11641,162,0.013916330212181,0.0858173696417833,0.4122498067176359,17.2,0.0,20.1,0.0,143.85714285714286,160.9,0.0120387301041883,0.013506857944621,5,5,1,1.0,Moderate Risk Regime
2023-05-28,158,11641,153,0.0131432007559488,0.0865045958251009,0.4146550983592474,17.7,0.0,19.9,0.0,144.57142857142858,160.23333333333332,0.012087817688711,0.0134467256535807,6,5,1,1.0,Moderate Risk Regime
2023-05-29,135,11641,132,0.0113392320247401,0.0869341121896744,0.4129370329009535,18.5,0.0,28.5,0.0,146.57142857142858,158.5,0.0122350804422791,0.0133150073017781,0,5,1,1.0,Moderate Risk Regime
2023-05-30,159,11641,156,0.0134009105746928,0.0881367580104802,0.4084700627093892,15.6,0.0,18.6,0.0,150.28571428571428,158.6,0.0125664216378072,0.0133264610715001,1,5,1,1.0,Moderate Risk Regime
2023-05-31,159,11641,155,0.0133150073017781,0.0903702431062623,0.4087277725281333,16.1,0.0,15.3,0.0,155.42857142857142,158.93333333333334,0.0129591223139887,0.0133522320533745,2,5,1,1.0,Moderate Risk Regime
2023-06-01,178,11641,174,0.0149471694871574,0.0934627609311914,0.4095868052572803,19.5,0.0,17.4,0.0,160.28571428571428,160.6,0.0133886386785622,0.013489677290038,3,6,1,1.0,Moderate Risk Regime
2023-06-02,164,11641,162,0.013916330212181,0.0963834722102912,0.4138819689030152,22.3,0.0,17.1,0.0,160.14285714285714,160.96666666666667,0.0134254543669542,0.0135211751567734,4,6,1,1.0,Moderate Risk Regime
2023-06-03,121,11641,120,0.0103083927497637,0.0962975689373765,0.4148269049050769,18.4,3.5,22.3,1.0,153.42857142857142,159.63333333333333,0.012910034729466,0.0134095009019843,5,6,0,1.0,Low Risk Regime
2023-06-04,139,11641,138,0.0118546516622283,0.0922601151103857,0.4113907739884889,15.5,0.1,25.0,1.0,150.71428571428572,158.7,0.0127259562875059,0.0133379148412221,6,6,0,1.0,Low Risk Regime
2023-06-05,133,11641,131,0.0112533287518254,0.0906279529250064,0.4089854823468774,17.8,0.0,21.5,0.0,150.42857142857142,156.7,0.0127136843913753,0.0131746986226841,0,6,1,1.0,Moderate Risk Regime
2023-06-06,146,11641,145,0.0124559745726312,0.090456146379177,0.4038312859719955,19.6,0.2,33.9,1.0,148.57142857142858,156.43333333333334,0.0125786935339379,0.0131689717378232,1,6,0,1.0,Low Risk Regime
2023-06-07,147,11641,143,0.0122841680268018,0.0893394038312859,0.4031440597886779,18.8,0.0,21.3,0.0,146.85714285714286,155.86666666666667,0.0124314307803698,0.0131202932165048,2,6,1,1.0,Moderate Risk Regime
2023-06-08,132,11641,130,0.0111674254789107,0.0883085645563096,0.4016837041491281,16.8,0.0,19.2,0.0,140.28571428571428,155.03333333333333,0.0118914673506203,0.0130544340406036,3,6,1,1.0,Moderate Risk Regime
2023-06-09,170,11641,170,0.0146035563954986,0.0843570140022334,0.3995361223262606,16.9,0.9,20.0,1.0,141.14285714285714,156.13333333333333,0.0119896425196657,0.0131546545256707,4,6,0,1.0,Low Risk Regime
2023-06-10,164,11641,164,0.0140881367580104,0.0848724336397216,0.4023709303324456,19.1,0.2,18.1,1.0,147.28571428571428,156.2,0.0125296059494152,0.0131632448529622,5,6,0,1.0,Low Risk Regime
2023-06-11,146,11641,141,0.0121123614809724,0.0885662743750536,0.4025427368782751,21.3,0.0,18.6,0.0,148.28571428571428,153.73333333333332,0.0125664216378072,0.0129570769979669,6,6,1,1.0,Moderate Risk Regime
2023-06-12,156,11641,154,0.0132291040288635,0.0891675972854565,0.3961858946825874,21.0,8.5,27.0,1.0,151.57142857142858,153.0,0.0128486752488126,0.0128998081493571,0,6,0,1.0,Low Risk Regime
2023-06-13,152,11641,149,0.01279958766429,0.0911433725624946,0.394296022678464,21.0,0.0,21.6,0.0,152.42857142857142,152.83333333333334,0.0128977628333353,0.0128826274947742,1,6,1,1.0,Moderate Risk Regime
2023-06-14,166,11641,163,0.0140022334850957,0.0916587921999828,0.3938665063138906,18.5,9.5,24.1,1.0,155.14285714285714,153.46666666666667,0.0131432007559488,0.0129370329009535,2,6,0,1.0,Low Risk Regime
2023-06-15,155,11641,154,0.0132291040288635,0.093290954385362,0.3954986684992698,20.4,0.0,20.4,0.0,158.42857142857142,153.0,0.0134377262630849,0.0129055350342181,3,6,1,1.0,Moderate Risk Regime
2023-06-16,182,11641,178,0.0152907825788162,0.0952667296624001,0.394296022678464,19.2,10.8,18.8,1.0,160.14285714285714,152.93333333333334,0.0135359014321302,0.0128940812644961,4,6,0,1.0,Low Risk Regime
2023-06-17,155,11641,154,0.0132291040288635,0.0962975689373765,0.3941242161326346,20.0,0.1,31.6,1.0,158.85714285714286,151.93333333333334,0.0134131824708235,0.0128110414340119,5,6,0,1.0,Low Risk Regime
2023-06-18,170,11641,164,0.0140881367580104,0.0955244394811442,0.3915471179451937,21.4,0.0,19.2,0.0,162.28571428571428,151.8,0.013695436081829,0.0127909973369985,6,6,1,1.0,Moderate Risk Regime
2023-06-19,137,11641,136,0.0116828451163989,0.0975861180310969,0.3912035048535349,20.5,1.4,20.0,1.0,159.57142857142858,151.03333333333333,0.0134745419514769,0.0127337284883887,0,6,0,1.0,Low Risk Regime
2023-06-20,167,11641,163,0.0140022334850957,0.0959539558457177,0.3892277295764969,19.5,0.0,21.3,0.0,161.71428571428572,151.5,0.0136463484973063,0.0127738166824156,1,6,1,1.0,Moderate Risk Regime
2023-06-21,146,11641,145,0.0124559745726312,0.0972425049394381,0.3904303753973026,18.8,0.3,23.4,1.0,158.85714285714286,152.33333333333334,0.0134254543669542,0.0128454027431778,2,6,0,1.0,Low Risk Regime
2023-06-22,116,11641,115,0.0098788763851902,0.0955244394811442,0.3925779572201701,18.2,0.3,25.0,1.0,153.28571428571428,151.76666666666668,0.012946850417858,0.0128053145491509,3,6,0,1.0,Low Risk Regime
2023-06-23,129,11641,126,0.0108238123872519,0.092174211837471,0.3911176015806202,19.8,12.4,21.8,1.0,145.71428571428572,151.96666666666667,0.0123087118190631,0.0128139048764424,4,6,0,1.0,Low Risk Regime
2023-06-24,163,11641,157,0.0134868138476075,0.087621338372992,0.3916330212181084,21.6,21.2,16.9,1.0,146.85714285714286,152.6,0.0123455275074551,0.0128654468401912,5,6,0,1.0,Low Risk Regime
2023-06-25,155,11641,150,0.0128854909372047,0.0883085645563096,0.3932651834034876,23.0,1.9,17.9,1.0,144.71428571428572,152.26666666666668,0.0121737209616257,0.0128396758583168,6,6,0,1.0,Low Risk Regime
2023-06-26,147,11641,145,0.0124559745726312,0.0870200154625891,0.3924061506743407,21.8,4.6,20.3,1.0,146.14285714285714,151.56666666666666,0.0122841680268018,0.0127909973369985,0,6,0,1.0,Low Risk Regime
2023-06-27,157,11641,153,0.0131432007559488,0.0878790481917361,0.390602181943132,21.8,18.7,18.8,1.0,144.71428571428572,151.53333333333333,0.0121614490654951,0.0127909973369985,1,6,0,1.0,Low Risk Regime
2023-06-28,141,11641,135,0.0115969418434842,0.0870200154625891,0.3905162786702173,22.9,2.1,13.8,1.0,144.0,151.73333333333332,0.0120387301041883,0.01279958766429,2,6,0,1.0,Low Risk Regime
2023-06-29,137,11641,135,0.0115969418434842,0.0865904990980156,0.3910316983077055,22.4,0.0,14.3,0.0,147.0,151.0,0.0122841680268018,0.0127394553732497,3,6,1,1.0,Moderate Risk Regime
2023-06-30,150,11641,150,0.0128854909372047,0.0883944678292242,0.3891418263035822,23.0,0.0,21.1,0.0,150.0,150.7,0.0125786935339379,0.0127251381610972,4,6,1,1.0,Moderate Risk Regime
2023-07-01,127,11641,125,0.0107379091143372,0.0901984365604329,0.3883686968473498,22.5,0.0,24.7,0.0,144.85714285714286,149.0,0.0121859928577564,0.0125848294820032,5,7,1,1.0,Moderate Risk Regime
2023-07-02,146,11641,142,0.0121982647538871,0.0871059187355038,0.3839876299287003,24.5,16.1,20.6,1.0,143.57142857142858,148.4,0.012087817688711,0.0125275606333934,6,7,0,1.0,Low Risk Regime
2023-07-03,147,11641,147,0.0126277811184606,0.0863327892792715,0.3824413710162357,25.6,17.8,16.8,1.0,143.57142857142858,149.26666666666668,0.0121123614809724,0.0126048735790166,0,7,0,1.0,Low Risk Regime
2023-07-04,129,11641,126,0.0108238123872519,0.0863327892792715,0.3846748561120178,24.7,5.4,13.2,1.0,139.57142857142858,148.93333333333334,0.0117810202854443,0.0125705122698508,1,7,0,1.0,Low Risk Regime
2023-07-05,154,11641,150,0.0128854909372047,0.08392749763766,0.3838158233828709,26.3,0.0,15.2,0.0,141.42857142857142,149.63333333333333,0.0119650987274043,0.0126249176760301,2,7,1,1.0,Moderate Risk Regime
2023-07-06,133,11641,133,0.0114251352976548,0.085044240185551,0.3856197921140795,26.0,0.0,20.0,0.0,140.85714285714286,149.2,0.011940554935143,0.0125905563668642,3,7,1,1.0,Moderate Risk Regime
2023-07-07,139,11641,137,0.0117687483893136,0.0847006270938922,0.3845030495661884,25.2,0.6,18.4,1.0,139.28571428571428,148.93333333333334,0.0117810202854443,0.0125733757122813,4,7,0,1.0,Low Risk Regime
2023-07-08,130,11641,129,0.011081522205996,0.0837556910918305,0.3838158233828709,25.4,4.4,15.2,1.0,139.71428571428572,148.86666666666667,0.0118301078699669,0.0125705122698508,5,7,0,1.0,Low Risk Regime
2023-07-09,142,11641,141,0.0121123614809724,0.0840134009105746,0.3836440168370414,23.2,18.5,14.9,1.0,139.14285714285714,147.93333333333334,0.0118178359738363,0.0124874724393666,6,7,0,1.0,Low Risk Regime
2023-07-10,128,11641,124,0.0106520058414225,0.0836697878189159,0.3812387251954299,24.3,1.3,17.2,1.0,136.42857142857142,146.73333333333332,0.0115355823628308,0.012372934742147,0,7,0,1.0,Low Risk Regime
2023-07-11,150,11641,147,0.0126277811184606,0.0820376256335366,0.3781462073705008,24.8,0.0,10.6,0.0,139.42857142857142,146.86666666666667,0.0117932921815749,0.0123901153967299,1,7,1,1.0,Moderate Risk Regime
2023-07-12,161,11641,158,0.0135727171205222,0.0838415943647453,0.3784898204621596,26.7,0.0,16.3,0.0,140.42857142857142,147.03333333333333,0.0118914673506203,0.0124015691664519,2,7,1,1.0,Moderate Risk Regime
2023-07-13,166,11641,163,0.0140022334850957,0.0844429172751481,0.3789193368267331,26.9,0.2,24.4,1.0,145.14285714285714,147.5,0.0122596242345404,0.0124416573604787,3,7,0,1.0,Low Risk Regime
2023-07-14,153,11641,152,0.0130572974830341,0.0872777252813332,0.3801219826475389,24.4,36.6,20.7,1.0,147.14285714285714,147.06666666666666,0.0124437026765005,0.0124101594937433,4,7,0,1.0,Low Risk Regime
2023-07-15,131,11641,131,0.0112533287518254,0.088480371102139,0.3790052400996478,24.8,8.0,16.8,1.0,147.28571428571428,146.26666666666668,0.0124682464687618,0.0123443003178421,5,7,0,1.0,Low Risk Regime
2023-07-16,163,11641,162,0.013916330212181,0.0885662743750536,0.376943561549695,24.0,41.4,18.2,1.0,150.28571428571428,145.63333333333333,0.0127259562875059,0.0122984852389542,6,7,0,1.0,Low Risk Regime
2023-07-17,168,11641,165,0.0141740400309251,0.0903702431062623,0.3753113993643158,25.6,0.1,17.6,1.0,156.0,146.06666666666666,0.0132291040288634,0.0123299831056896,0,7,0,1.0,Low Risk Regime
2023-07-18,126,11641,123,0.0105661025685078,0.0938063740228502,0.3764281419122068,25.0,8.3,17.1,1.0,152.57142857142858,144.6,0.0129345785217273,0.0122125819660395,1,7,0,1.0,Low Risk Regime
2023-07-19,133,11641,132,0.0113392320247401,0.0917446954728975,0.3726483979039601,23.0,3.8,10.9,1.0,148.57142857142858,144.46666666666667,0.0126155092223299,0.0122011281963176,2,7,0,1.0,Low Risk Regime
2023-07-20,163,11641,160,0.0137445236663516,0.0893394038312859,0.3723047848123013,24.1,0.5,14.9,1.0,148.14285714285714,144.33333333333334,0.0125786935339379,0.0121925378690261,3,7,0,1.0,Low Risk Regime
2023-07-21,194,11641,192,0.016493428399622,0.0890816940125418,0.3719611717206426,24.3,3.5,15.6,1.0,154.0,145.93333333333334,0.0130695693791647,0.0123271196632591,4,7,0,1.0,Low Risk Regime
2023-07-22,151,11641,148,0.0127136843913753,0.0926037282020445,0.376084528820548,23.6,0.0,15.1,0.0,156.85714285714286,147.1,0.0132781916133861,0.0124216132634653,5,7,1,1.0,Moderate Risk Regime
2023-07-23,141,11641,140,0.0120264582080577,0.0943217936603384,0.3790911433725625,23.9,0.5,19.3,1.0,153.71428571428572,147.5,0.0130082098985114,0.0124617014574921,6,7,0,1.0,Low Risk Regime
2023-07-24,137,11641,133,0.0114251352976548,0.0924319216562151,0.3801219826475389,24.3,1.9,23.1,1.0,149.28571428571428,146.63333333333333,0.0126155092223299,0.0123929788391604,0,7,0,1.0,Low Risk Regime
2023-07-25,149,11641,145,0.0124559745726312,0.0897689201958594,0.3778884975517567,23.2,9.0,15.1,1.0,152.57142857142858,146.43333333333334,0.0128854909372047,0.0123786616270079,1,7,0,1.0,Low Risk Regime
2023-07-26,147,11641,147,0.0126277811184606,0.0917446954728975,0.3773730779142685,23.9,0.4,20.9,1.0,154.57142857142858,146.43333333333334,0.0130695693791647,0.0123843885118689,2,7,0,1.0,Low Risk Regime
2023-07-27,140,11641,136,0.0116828451163989,0.0929473412937032,0.3773730779142685,27.2,0.7,27.5,1.0,151.28571428571428,145.86666666666667,0.0127750438720286,0.0123357099905506,3,7,0,1.0,Low Risk Regime
2023-07-28,160,11641,159,0.0136586203934369,0.0909715660166652,0.3759127222747186,27.7,0.0,17.3,0.0,146.42857142857142,146.5,0.0123700712997165,0.0124044326088823,4,7,1,1.0,Moderate Risk Regime
2023-07-29,147,11641,145,0.0124559745726312,0.0880508547375655,0.3775448844600979,27.9,4.3,32.8,1.0,145.85714285714286,146.83333333333334,0.0123332556113245,0.0124330670331873,5,7,0,1.0,Low Risk Regime
2023-07-30,136,11641,133,0.0114251352976548,0.0877072416459067,0.3784039171892449,22.0,0.0,19.6,0.0,145.14285714285714,146.36666666666667,0.0122473523384098,0.0123843885118689,6,7,1,1.0,Moderate Risk Regime
2023-07-31,137,11641,134,0.0115110385705695,0.0872777252813332,0.3772012713684391,22.7,0.0,14.9,0.0,145.14285714285714,146.7,0.0122596242345404,0.0124101594937433,0,7,1,1.0,Moderate Risk Regime
2023-08-01,146,11641,145,0.0124559745726312,0.0872777252813332,0.3780603040975861,22.0,0.0,18.9,0.0,144.71428571428572,146.7,0.0122596242345404,0.0124187498210348,1,8,1,1.0,Moderate Risk Regime
2023-08-02,138,11641,138,0.0118546516622283,0.0870200154625891,0.3780603040975861,20.9,0.0,16.9,0.0,143.42857142857142,146.4,0.0121491771693644,0.0123929788391604,2,8,1,1.0,Moderate Risk Regime
2023-08-03,142,11641,142,0.0121982647538871,0.0862468860063568,0.3772871746413538,21.6,0.9,30.0,1.0,143.71428571428572,146.83333333333334,0.0122228085461484,0.0124387939180482,3,8,0,1.0,Low Risk Regime
2023-08-04,159,11641,155,0.0133150073017781,0.0864186925521862,0.3784039171892449,23.1,0.9,21.3,1.0,143.57142857142858,147.0,0.0121737209616257,0.0124531111302007,4,8,0,1.0,Low Risk Regime
2023-08-05,150,11641,149,0.01279958766429,0.0863327892792715,0.3788334335538184,24.5,0.2,12.9,1.0,144.0,147.56666666666666,0.0122228085461484,0.0124989262090885,5,8,0,1.0,Low Risk Regime
2023-08-06,140,11641,137,0.0117687483893136,0.0865904990980156,0.3802937891933682,24.2,0.0,21.8,0.0,144.57142857142858,147.6,0.0122718961306711,0.0124989262090885,6,8,1,1.0,Moderate Risk Regime
2023-08-07,141,11641,141,0.0121123614809724,0.0869341121896744,0.3803796924662829,24.2,37.9,31.2,1.0,145.14285714285714,147.96666666666667,0.0123577994035858,0.0125332875182544,0,8,0,1.0,Low Risk Regime
2023-08-08,123,11641,122,0.0104801992955931,0.0872777252813332,0.3813246284683446,23.9,15.2,30.6,1.0,141.85714285714286,147.33333333333334,0.0120755457925804,0.0124788821120751,1,8,0,1.0,Low Risk Regime
2023-08-09,152,11641,151,0.0129713942101194,0.0853019500042951,0.3796924662829654,24.4,0.1,22.4,1.0,143.85714285714286,148.13333333333333,0.0122350804422791,0.0125561950576983,2,8,0,1.0,Low Risk Regime
2023-08-10,143,11641,143,0.0122841680268018,0.0865045958251009,0.3817541448329181,22.0,11.9,14.9,1.0,144.0,147.9,0.0122473523384098,0.0125447412879764,3,8,0,1.0,Low Risk Regime
2023-08-11,141,11641,136,0.0116828451163989,0.0865904990980156,0.3811528219225152,23.4,0.1,20.2,1.0,141.42857142857142,147.23333333333332,0.012014186311927,0.0124817455545056,4,8,0,1.0,Low Risk Regime
2023-08-12,156,11641,150,0.0128854909372047,0.085044240185551,0.3794347564642213,22.8,8.6,16.6,1.0,142.28571428571428,146.9,0.0120264582080577,0.0124445208029092,5,8,0,1.0,Low Risk Regime
2023-08-13,154,11641,146,0.0125418778455459,0.0855596598230392,0.3785757237350743,25.4,2.9,20.8,1.0,144.28571428571428,146.93333333333334,0.0121369052732337,0.0124273401483263,6,8,0,1.0,Low Risk Regime
2023-08-14,163,11641,159,0.0136586203934369,0.086762305643845,0.378661627007989,24.5,1.3,20.5,1.0,147.42857142857142,148.0,0.0123577994035858,0.01250751653638,0,8,0,1.0,Low Risk Regime
2023-08-15,128,11641,127,0.0109097156601666,0.0886521776479683,0.3814105317412593,24.0,20.3,17.5,1.0,148.14285714285714,146.83333333333334,0.0124191588842392,0.0124072960513128,1,8,0,1.0,Low Risk Regime
2023-08-16,147,11641,145,0.0124559745726312,0.0890816940125418,0.3784039171892449,23.0,4.0,14.4,1.0,147.42857142857142,146.13333333333333,0.0123455275074551,0.012350027202703,2,8,0,1.0,Low Risk Regime
2023-08-17,118,11641,116,0.0099647796581049,0.0886521776479683,0.3765999484580362,22.9,5.9,20.3,1.0,143.85714285714286,145.86666666666667,0.012014186311927,0.0123299831056896,3,8,0,1.0,Low Risk Regime
2023-08-18,178,11641,175,0.0150330727600721,0.0865045958251009,0.3759127222747186,23.7,3.1,25.3,1.0,149.14285714285714,147.36666666666667,0.0124927902610232,0.0124531111302007,4,8,0,1.0,Low Risk Regime
2023-08-19,161,11641,158,0.0135727171205222,0.0896830169229447,0.37977836955588,20.7,0.0,21.0,0.0,149.85714285714286,147.3,0.0125909654300686,0.0124473842453397,5,8,1,1.0,Moderate Risk Regime
2023-08-20,139,11641,134,0.0115110385705695,0.0901125332875182,0.3796065630100507,22.7,0.0,14.4,0.0,147.71428571428572,145.46666666666667,0.0124437026765005,0.0122813045843713,6,8,1,1.0,Moderate Risk Regime
2023-08-21,114,11641,112,0.0096211665664461,0.0888239841937977,0.3748818829997423,25.0,0.1,15.1,1.0,140.71428571428572,144.23333333333332,0.011866923558359,0.0121782206568736,0,8,0,1.0,Low Risk Regime
2023-08-22,127,11641,124,0.0106520058414225,0.0846147238209775,0.3717034619018984,22.2,0.0,22.7,0.0,140.57142857142858,143.76666666666668,0.0118301078699669,0.0121324055779858,1,8,1,1.0,Moderate Risk Regime
2023-08-23,119,11641,119,0.010222489476849,0.0845288205480628,0.3705008160810927,20.4,0.0,18.1,0.0,136.57142857142858,143.16666666666666,0.0115110385705695,0.0120923173839589,2,8,1,1.0,Moderate Risk Regime
2023-08-24,132,11641,127,0.0109097156601666,0.0821235289064513,0.3689545571686281,21.4,2.2,26.4,1.0,138.57142857142858,142.6,0.0116460294280069,0.0120407754202101,3,8,0,1.0,Low Risk Regime
2023-08-25,132,11641,131,0.0112533287518254,0.0833261747272571,0.3674942015290782,23.5,11.1,19.7,1.0,132.0,142.1,0.0111060659982573,0.0119949603413223,4,8,0,1.0,Low Risk Regime
2023-08-26,139,11641,136,0.0116828451163989,0.079374624173181,0.3662056524353578,24.7,0.4,14.8,1.0,128.85714285714286,142.06666666666666,0.0108360842833826,0.0119949603413223,5,8,0,1.0,Low Risk Regime
2023-08-27,129,11641,128,0.0109956189330813,0.0774847521690576,0.3661197491624431,23.2,0.5,13.3,1.0,127.42857142857144,141.03333333333333,0.0107624529065985,0.0119061936259771,6,8,0,1.0,Low Risk Regime
2023-08-28,125,11641,124,0.0106520058414225,0.0766257194399106,0.3634567477020874,21.6,1.1,18.4,1.0,129.0,140.3,0.0109097156601666,0.0118460613349368,0,8,0,1.0,Low Risk Regime
2023-08-29,133,11641,130,0.0111674254789107,0.0775706554419723,0.3615668756979641,22.6,1.6,13.5,1.0,129.85714285714286,140.2,0.0109833470369506,0.0118374710076453,1,8,0,1.0,Low Risk Regime
2023-08-30,149,11641,146,0.0125418778455459,0.0780860750794605,0.36130916587922,24.4,0.7,20.7,1.0,134.14285714285714,140.6,0.0113146882324788,0.0118718323168112,2,8,0,1.0,Low Risk Regime
2023-08-31,174,11641,171,0.0146894596684133,0.0806631732669014,0.3623400051541964,20.6,0.0,22.5,0.0,140.14285714285714,141.53333333333333,0.0118546516622283,0.011946281820004,3,8,1,1.0,Moderate Risk Regime
2023-09-01,166,11641,163,0.0140022334850957,0.0842711107293187,0.3647452967958079,18.9,0.0,13.7,0.0,145.0,142.46666666666667,0.0122473523384098,0.0120178678807662,4,9,1,1.0,Moderate Risk Regime
2023-09-02,167,11641,165,0.0141740400309251,0.0871918220084185,0.3671505884374195,19.7,0.0,24.2,0.0,149.0,143.3,0.0126032373261992,0.0120837270566675,5,9,1,1.0,Moderate Risk Regime
2023-09-03,146,11641,143,0.0122841680268018,0.08959711365003,0.3692981702602869,25.2,0.3,16.8,1.0,151.42857142857142,142.86666666666667,0.0127873157681593,0.0120493657475016,6,9,0,1.0,Low Risk Regime
2023-09-04,158,11641,153,0.0131432007559488,0.0910574692895799,0.3681814277123958,26.9,1.2,18.1,1.0,156.14285714285714,143.13333333333333,0.0131432007559488,0.0120608195172236,0,9,0,1.0,Low Risk Regime
2023-09-05,163,11641,163,0.0140022334850957,0.0938922772957649,0.3688686538957134,28.1,0.0,14.1,0.0,160.42857142857142,143.9,0.0135481733282609,0.0121352690204163,1,9,1,1.0,Moderate Risk Regime
2023-09-06,165,11641,163,0.0140022334850957,0.0964693754832059,0.3708444291727514,28.9,0.0,9.4,0.0,162.71428571428572,144.7,0.0137567955624823,0.0121982647538871,2,9,1,1.0,Moderate Risk Regime
2023-09-07,154,11641,153,0.0131432007559488,0.097843827849841,0.3729061077227042,27.7,3.8,18.5,1.0,159.85714285714286,145.73333333333332,0.0135359014321302,0.0122870314692323,3,9,0,1.0,Low Risk Regime
2023-09-08,139,11641,139,0.011940554935143,0.0961257623915471,0.3755691091830598,25.2,14.3,16.1,1.0,156.0,145.3,0.0132413759249941,0.0122526701600664,4,9,0,1.0,Low Risk Regime
2023-09-09,158,11641,156,0.0134009105746928,0.0938063740228502,0.3744523666351688,23.7,8.5,12.6,1.0,154.71428571428572,145.8,0.0131309288598181,0.0122898949116628,5,9,0,1.0,Low Risk Regime
2023-09-10,134,11641,130,0.0111674254789107,0.0930332445666179,0.3757409157288893,21.9,16.5,10.7,1.0,153.0,145.56666666666666,0.0129713942101194,0.0122727142570798,6,9,0,1.0,Low Risk Regime
2023-09-11,163,11641,160,0.0137445236663516,0.0920024052916416,0.3751395928184864,22.9,4.4,10.5,1.0,153.71428571428572,145.8,0.0130572974830341,0.0123013486813847,0,9,0,1.0,Low Risk Regime
2023-09-12,144,11641,138,0.0118546516622283,0.0924319216562151,0.3757409157288893,23.1,0.2,11.9,1.0,151.0,145.46666666666667,0.0127505000797673,0.0122784411419408,1,9,0,1.0,Low Risk Regime
2023-09-13,128,11641,127,0.0109097156601666,0.0907997594708358,0.3748818829997423,22.3,17.1,11.9,1.0,145.71428571428572,144.3,0.0123087118190631,0.0121868109841651,2,9,0,1.0,Low Risk Regime
2023-09-14,180,11641,179,0.0153766858517309,0.087621338372992,0.3718752684477278,20.3,0.0,16.9,0.0,149.42857142857142,146.03333333333333,0.0126277811184606,0.0123357099905506,3,9,1,1.0,Moderate Risk Regime
2023-09-15,142,11641,141,0.0121123614809724,0.0898548234687741,0.3763422386392921,17.3,0.0,23.3,0.0,149.85714285714286,145.86666666666667,0.0126523249107219,0.0123242562208286,4,9,1,1.0,Moderate Risk Regime
2023-09-16,143,11641,139,0.011940554935143,0.0901125332875182,0.3759127222747186,19.0,0.0,22.0,0.0,147.71428571428572,146.7,0.0124437026765005,0.0123901153967299,5,9,1,1.0,Moderate Risk Regime
2023-09-17,114,11641,112,0.0096211665664461,0.0888239841937977,0.3780603040975861,18.4,0.5,14.8,1.0,144.85714285714286,144.56666666666666,0.0122228085461484,0.012209718523609,6,9,0,1.0,Low Risk Regime
2023-09-18,161,11641,159,0.0136586203934369,0.0871059187355038,0.3725624946310454,18.9,13.9,17.3,1.0,144.57142857142858,144.56666666666666,0.0122105366500177,0.0122125819660395,0,9,0,1.0,Low Risk Regime
2023-09-19,165,11641,162,0.013916330212181,0.0869341121896744,0.3725624946310454,17.9,0.0,21.5,0.0,147.57142857142858,145.43333333333334,0.0125050621571539,0.0122927583540932,1,9,1,1.0,Moderate Risk Regime
2023-09-20,154,11641,150,0.0128854909372047,0.088738080920883,0.3747959797268276,17.2,0.0,14.3,0.0,151.28571428571428,146.76666666666668,0.0127873157681593,0.0124015691664519,2,9,1,1.0,Moderate Risk Regime
2023-09-21,162,11641,160,0.0137445236663516,0.0909715660166652,0.3782321106434155,16.8,0.0,13.0,0.0,148.71428571428572,147.93333333333334,0.0125541497416765,0.0125046530939495,3,9,1,1.0,Moderate Risk Regime
2023-09-22,143,11641,141,0.0121123614809724,0.0894253071042006,0.3812387251954299,17.2,0.0,22.6,0.0,148.85714285714286,148.73333333333332,0.0125541497416765,0.0125676488274203,4,9,1,1.0,Moderate Risk Regime
2023-09-23,136,11641,132,0.0113392320247401,0.0895112103771153,0.3833004037453827,15.1,42.3,31.4,1.0,147.85714285714286,148.86666666666667,0.0124682464687618,0.0125819660395727,5,9,0,1.0,Low Risk Regime
2023-09-24,179,11641,174,0.0149471694871574,0.0889098874667124,0.3836440168370414,17.2,17.3,31.9,1.0,157.14285714285714,150.43333333333334,0.0132291040288635,0.0127050940640838,6,9,0,1.0,Low Risk Regime
2023-09-25,124,11641,124,0.0106520058414225,0.0944936002061678,0.3876814706640323,16.1,17.5,30.8,1.0,151.85714285714286,149.93333333333334,0.01279958766429,0.0126707327549179,0,9,0,1.0,Low Risk Regime
2023-09-26,153,11641,147,0.0126277811184606,0.091315179108324,0.3863929215703118,15.2,8.5,24.6,1.0,150.14285714285714,150.73333333333332,0.0126155092223299,0.0127251381610972,1,9,0,1.0,Low Risk Regime
2023-09-27,161,11641,157,0.0134868138476075,0.0902843398333476,0.3884546001202645,13.7,0.0,19.4,0.0,151.14285714285714,151.93333333333334,0.0127014124952446,0.0128196317613034,2,9,1,1.0,Moderate Risk Regime
2023-09-28,180,11641,178,0.0152907825788162,0.0908856627437505,0.3915471179451937,14.3,0.1,17.5,1.0,153.71428571428572,153.5,0.0129223066255967,0.0129570769979669,3,9,0,1.0,Low Risk Regime
2023-09-29,172,11641,169,0.0145176531225839,0.0924319216562151,0.3955845717721845,15.2,69.9,25.5,1.0,157.85714285714286,154.26666666666668,0.0132659197172555,0.0130229361738682,4,9,0,1.0,Low Risk Regime
2023-09-30,138,11641,135,0.0115969418434842,0.0949231165707413,0.3975603470492225,16.3,1.0,20.4,1.0,158.14285714285714,153.06666666666666,0.0133027354056475,0.0129198522463705,5,9,0,1.0,Low Risk Regime
2023-10-01,135,11641,134,0.0115110385705695,0.0950949231165707,0.3944678292242934,18.9,0.0,18.7,0.0,151.85714285714286,152.03333333333333,0.0128118595604206,0.0128368124158863,6,10,1,1.0,Moderate Risk Regime
2023-10-02,140,11641,137,0.0117687483893136,0.091315179108324,0.3918048277639378,19.8,0.0,16.0,0.0,154.14285714285714,151.13333333333333,0.0129713942101194,0.0127566360278326,0,10,1,1.0,Moderate Risk Regime
2023-10-03,173,11641,169,0.0145176531225839,0.0926896314749591,0.3894854393952409,19.3,0.0,8.6,0.0,157.0,152.03333333333333,0.0132413759249941,0.0128310855310254,1,10,1,1.0,Moderate Risk Regime
2023-10-04,159,11641,157,0.0134868138476075,0.0944076969332531,0.3918048277639378,20.1,0.0,12.6,0.0,156.71428571428572,152.06666666666666,0.0132413759249941,0.0128425393007473,2,10,1,1.0,Moderate Risk Regime
2023-10-05,162,11641,162,0.013916330212181,0.0942358903874237,0.3918907310368525,17.9,0.0,17.4,0.0,154.14285714285714,152.03333333333333,0.0130450255869034,0.0128396758583168,3,10,1,1.0,Moderate Risk Regime
2023-10-06,166,11641,166,0.0142599433038398,0.0926896314749591,0.3918048277639378,19.8,2.6,15.0,1.0,153.28571428571428,152.06666666666666,0.0130082098985114,0.0128482661856083,4,10,0,1.0,Low Risk Regime
2023-10-07,156,11641,151,0.0129713942101194,0.092174211837471,0.3918907310368525,17.1,60.4,29.1,1.0,155.85714285714286,152.13333333333333,0.0132045602366021,0.0128425393007473,5,10,0,1.0,Low Risk Regime
2023-10-08,120,11641,119,0.010222489476849,0.0937204707499355,0.3920625375826819,12.9,0.0,24.5,0.0,153.71428571428572,151.5,0.013020481794642,0.0127852704521375,6,10,1,1.0,Moderate Risk Regime
2023-10-09,110,11641,109,0.009363456747702,0.0924319216562151,0.3904303753973026,11.5,0.1,23.9,1.0,149.42857142857142,149.9,0.0126768687029833,0.0126506886579045,0,10,0,1.0,Low Risk Regime
2023-10-10,142,11641,137,0.0117687483893136,0.0898548234687741,0.3863070182973971,13.4,0.0,19.7,0.0,145.0,150.16666666666666,0.0122841680268018,0.0126707327549179,1,10,1,1.0,Moderate Risk Regime
2023-10-11,168,11641,166,0.0142599433038398,0.0871918220084185,0.3869942444807147,14.0,0.0,14.2,0.0,146.28571428571428,150.33333333333334,0.0123946150919778,0.0126879134095009,2,10,1,1.0,Moderate Risk Regime
2023-10-12,151,11641,149,0.01279958766429,0.0879649514646508,0.3874237608452882,13.8,0.0,11.0,0.0,144.71428571428572,150.56666666666666,0.0122350804422791,0.0127194112762362,3,10,1,1.0,Moderate Risk Regime
2023-10-13,178,11641,177,0.0152048793059015,0.0870200154625891,0.3880250837556911,12.8,0.0,14.0,0.0,146.42857142857142,152.23333333333332,0.0123700712997165,0.0128625833977607,4,10,1,1.0,Moderate Risk Regime
2023-10-14,162,11641,158,0.0135727171205222,0.0880508547375655,0.392320247401426,10.5,15.1,16.7,1.0,147.28571428571428,151.63333333333333,0.0124559745726312,0.0128024511067204,5,10,0,1.0,Low Risk Regime
2023-10-15,159,11641,157,0.0134868138476075,0.0885662743750536,0.3907739884889614,12.1,1.2,24.8,1.0,152.85714285714286,152.2,0.0129223066255967,0.0128482661856083,6,10,0,1.0,Low Risk Regime
2023-10-16,170,11641,168,0.0144317498496692,0.0919165020187269,0.3922343441285112,11.6,0.2,19.9,1.0,161.42857142857142,153.1,0.0136463484973063,0.0129313060160925,0,10,0,1.0,Low Risk Regime
2023-10-17,165,11641,161,0.0138304269392663,0.0970706983936088,0.3945537324972081,12.2,0.6,12.1,1.0,164.71428571428572,154.8,0.0139408740044424,0.0130716146951865,1,10,0,1.0,Low Risk Regime
2023-10-18,137,11641,135,0.0115969418434842,0.0990464736706468,0.3989347994158577,12.2,0.3,8.9,1.0,160.28571428571428,154.0,0.0135604452243916,0.0130028920768547,2,10,0,1.0,Low Risk Regime
2023-10-19,160,11641,158,0.0135727171205222,0.0963834722102912,0.396873120865905,12.7,0.0,19.6,0.0,161.57142857142858,153.83333333333334,0.0136708922895676,0.0129914383071328,3,10,1,1.0,Moderate Risk Regime
2023-10-20,199,11641,192,0.016493428399622,0.0971566016665235,0.3964436045013315,15.3,27.2,25.7,1.0,164.57142857142858,155.33333333333334,0.0138549707315277,0.0131117028892134,4,10,0,1.0,Low Risk Regime
2023-10-21,160,11641,157,0.0134868138476075,0.0989605703977321,0.4003092517824929,14.6,5.9,25.6,1.0,164.28571428571428,155.26666666666668,0.013842698835397,0.0131031125619219,5,10,0,1.0,Low Risk Regime
2023-10-22,135,11641,133,0.0114251352976548,0.0987887638519027,0.4001374452366635,11.5,0.0,27.5,0.0,160.85714285714286,155.0,0.0135481733282609,0.013080205022478,6,10,1,1.0,Moderate Risk Regime
2023-10-23,156,11641,155,0.0133150073017781,0.09672708530195,0.3994502190533459,10.6,0.0,22.2,0.0,158.85714285714286,155.66666666666666,0.0133886386785622,0.0131460641983792,0,10,1,1.0,Moderate Risk Regime
2023-10-24,136,11641,133,0.0114251352976548,0.0955244394811442,0.4011682845116399,10.6,0.0,11.9,0.0,154.71428571428572,154.23333333333332,0.0130450255869034,0.0130286630587292,1,10,1,1.0,Moderate Risk Regime
2023-10-25,155,11641,152,0.0130572974830341,0.0930332445666179,0.3974744437763078,14.3,0.0,14.7,0.0,157.28571428571428,155.26666666666668,0.0132536478211248,0.0131088394467829,2,10,1,1.0,Moderate Risk Regime
2023-10-26,156,11641,154,0.0132291040288635,0.0945795034790825,0.4001374452366635,17.0,0.0,14.4,0.0,156.71428571428572,155.36666666666667,0.0132045602366021,0.0131288835437963,3,10,1,1.0,Moderate Risk Regime
2023-10-27,148,11641,144,0.0123700712997165,0.0942358903874237,0.4003951550554076,17.5,0.0,14.8,0.0,149.42857142857142,154.93333333333334,0.0126155092223299,0.0130916587921999,4,10,1,1.0,Moderate Risk Regime
2023-10-28,202,11641,199,0.0170947513100249,0.0898548234687741,0.3992784125075165,20.6,0.0,18.7,0.0,155.42857142857142,155.66666666666666,0.0131309288598181,0.0131517910832402,5,10,1,1.0,Moderate Risk Regime
2023-10-29,119,11641,116,0.0099647796581049,0.0934627609311914,0.4011682845116399,12.8,6.9,19.2,1.0,153.14285714285714,153.9,0.0129223066255967,0.0130000286344243,6,10,0,1.0,Low Risk Regime
2023-10-30,157,11641,155,0.0133150073017781,0.0920883085645563,0.3966154110471609,13.9,2.0,25.0,1.0,153.28571428571428,154.53333333333333,0.0129223066255967,0.0130572974830341,0,10,0,1.0,Low Risk Regime
2023-10-31,137,11641,136,0.0116828451163989,0.092174211837471,0.3982475732325402,9.2,0.2,18.1,1.0,153.42857142857142,154.6,0.0129591223139887,0.013063024367895,1,10,0,1.0,Low Risk Regime
2023-11-01,155,11641,154,0.0132291040288635,0.0922601151103857,0.3984193797783695,6.7,3.5,23.3,1.0,153.42857142857142,155.1,0.01298366610625,0.0131117028892134,2,11,0,1.0,Low Risk Regime
2023-11-02,133,11641,131,0.0112533287518254,0.0922601151103857,0.39970792887209,4.4,0.0,12.2,0.0,150.14285714285714,153.76666666666668,0.0127014124952446,0.0130028920768547,3,11,1,1.0,Moderate Risk Regime
2023-11-03,161,11641,155,0.0133150073017781,0.0902843398333476,0.3962717979555021,6.5,0.0,17.7,0.0,152.0,153.83333333333334,0.012836403352682,0.0129971651919938,4,11,1,1.0,Moderate Risk Regime
2023-11-04,153,11641,145,0.0124559745726312,0.0914010823812387,0.3964436045013315,8.6,0.0,11.0,0.0,145.0,153.53333333333333,0.0121737209616257,0.0129484866706754,5,11,1,1.0,Moderate Risk Regime
2023-11-05,129,11641,125,0.0107379091143372,0.0871918220084185,0.3956704750450992,10.4,0.0,14.8,0.0,146.42857142857142,152.3,0.0122841680268018,0.0128310855310254,6,11,1,1.0,Moderate Risk Regime
2023-11-06,156,11641,155,0.0133150073017781,0.0880508547375655,0.3924920539472554,8.1,0.1,12.6,1.0,146.28571428571428,152.3,0.0122841680268018,0.0128425393007473,0,11,0,1.0,Low Risk Regime
2023-11-07,141,11641,140,0.0120264582080577,0.0879649514646508,0.3924920539472554,14.0,5.7,20.3,1.0,146.85714285714286,153.0,0.0123332556113245,0.0129026715917876,1,11,0,1.0,Low Risk Regime
2023-11-08,143,11641,139,0.011940554935143,0.0883085645563096,0.394296022678464,7.5,0.0,19.3,0.0,145.14285714285714,154.1,0.0121491771693644,0.0129885748647023,2,11,1,1.0,Moderate Risk Regime
2023-11-09,129,11641,128,0.0109956189330813,0.0872777252813332,0.3971308306846491,9.2,0.4,12.0,1.0,144.57142857142858,153.66666666666666,0.0121123614809724,0.0129628038828279,3,11,0,1.0,Low Risk Regime
2023-11-10,127,11641,125,0.0107379091143372,0.0869341121896744,0.396014088136758,8.2,0.3,16.3,1.0,139.71428571428572,152.3,0.0117442045970522,0.0128454027431778,4,11,0,1.0,Low Risk Regime
2023-11-11,176,11641,169,0.0145176531225839,0.0840134009105746,0.3924920539472554,7.3,0.0,18.1,0.0,143.0,153.13333333333333,0.0120387301041884,0.0129026715917876,5,11,1,1.0,Moderate Risk Regime
2023-11-12,119,11641,118,0.0101365862039343,0.0859891761876127,0.3946396357701228,2.9,0.0,13.3,0.0,141.57142857142858,151.16666666666666,0.0119528268312737,0.0127337284883887,6,11,1,1.0,Moderate Risk Regime
2023-11-13,156,11641,152,0.0130572974830341,0.0851301434584657,0.3895713426681556,3.2,0.0,13.6,0.0,141.57142857142858,150.96666666666667,0.0119160111428816,0.0127165478338058,0,11,1,1.0,Moderate Risk Regime
2023-11-14,139,11641,139,0.011940554935143,0.0851301434584657,0.3890559230306675,6.1,0.0,27.9,0.0,141.28571428571428,150.3,0.011903739246751,0.0126650058700569,1,11,1,1.0,Moderate Risk Regime
2023-11-15,150,11641,148,0.0127136843913753,0.0849583369126363,0.3873378575723735,5.0,0.0,14.7,0.0,142.28571428571428,149.63333333333333,0.012014186311927,0.0126077370214471,2,11,1,1.0,Moderate Risk Regime
2023-11-16,148,11641,145,0.0124559745726312,0.0855596598230392,0.3856197921140795,8.8,0.0,10.5,0.0,145.0,149.06666666666666,0.0122228085461484,0.0125619219425593,3,11,1,1.0,Moderate Risk Regime
2023-11-17,181,11641,176,0.0151189760329868,0.0871918220084185,0.3841594364745296,11.6,0.0,18.5,0.0,152.71428571428572,150.53333333333333,0.0128486752488126,0.0126793230822094,4,11,1,1.0,Moderate Risk Regime
2023-11-18,164,11641,160,0.0137445236663516,0.0918305987458122,0.3879391804827763,10.0,1.2,25.9,1.0,151.0,150.66666666666666,0.0127382281836366,0.0126850499670704,5,11,0,1.0,Low Risk Regime
2023-11-19,148,11641,142,0.0121982647538871,0.0907997594708358,0.3882827935744352,6.1,0.0,20.9,0.0,155.14285714285714,148.96666666666667,0.0130327536907727,0.0125418778455459,6,11,1,1.0,Moderate Risk Regime
2023-11-20,167,11641,158,0.0135727171205222,0.093290954385362,0.3839017266557856,3.2,0.0,18.7,0.0,156.71428571428572,149.2,0.0131063850675567,0.0125447412879764,0,11,1,1.0,Moderate Risk Regime
2023-11-21,206,11641,198,0.0170088480371102,0.0942358903874237,0.3845030495661884,3.9,7.9,29.8,1.0,166.28571428571428,151.56666666666666,0.0138304269392663,0.0127308650459582,1,11,0,1.0,Low Risk Regime
2023-11-22,164,11641,161,0.0138304269392663,0.0999914096727085,0.390602181943132,11.2,24.7,38.3,1.0,168.28571428571428,151.83333333333334,0.0139899615889651,0.0127480457005411,2,11,0,1.0,Low Risk Regime
2023-11-23,103,11641,102,0.0087621338372992,0.1011940554935143,0.3912894081264496,8.0,0.0,20.9,0.0,161.85714285714286,150.73333333333332,0.0134622700553462,0.012659278985196,3,11,1,1.0,Moderate Risk Regime
2023-11-24,130,11641,128,0.0109956189330813,0.0973284082123528,0.3884546001202645,5.2,0.0,22.7,0.0,154.57142857142858,149.9,0.012873219041074,0.0125905563668642,4,11,1,1.0,Moderate Risk Regime
2023-11-25,122,11641,119,0.010222489476849,0.0929473412937032,0.3863070182973971,0.5,0.0,15.8,0.0,148.57142857142858,148.76666666666668,0.0123700712997165,0.012490335881797,5,11,1,1.0,Moderate Risk Regime
2023-11-26,102,11641,101,0.0086762305643845,0.0893394038312859,0.3833863070182974,4.3,5.5,34.3,1.0,142.0,147.23333333333332,0.011866923558359,0.012367207857286,6,11,0,1.0,Low Risk Regime
2023-11-27,150,11641,146,0.0125418778455459,0.0853878532772098,0.3794347564642213,7.5,4.4,37.6,1.0,139.57142857142858,145.5,0.0117196608047909,0.01221544540847,0,11,0,1.0,Low Risk Regime
2023-11-28,137,11641,133,0.0114251352976548,0.08392749763766,0.374967786272657,0.9,0.1,28.9,1.0,129.71428571428572,146.1,0.0109219875562973,0.0122641239297883,1,11,0,1.0,Low Risk Regime
2023-11-29,142,11641,140,0.0120264582080577,0.0780001718065458,0.3765140451851215,-1.2,0.0,21.0,0.0,126.57142857142856,145.6,0.0106642777375532,0.012221172293331,2,11,1,1.0,Moderate Risk Regime
2023-11-30,154,11641,151,0.0129713942101194,0.0761102998024224,0.3752254960914011,3.0,0.0,17.6,0.0,133.85714285714286,146.16666666666666,0.0112656006479561,0.0122641239297883,3,11,1,1.0,Moderate Risk Regime
2023-12-01,178,11641,176,0.0151189760329868,0.080491366721072,0.3766858517309509,5.0,5.3,14.3,1.0,140.71428571428572,146.93333333333334,0.0118546516622283,0.0123271196632591,4,12,0,1.0,Low Risk Regime
2023-12-02,138,11641,137,0.0117687483893136,0.0846147238209775,0.378661627007989,8.8,0.1,16.3,1.0,143.0,147.1,0.0120755457925804,0.0123443003178421,5,12,0,1.0,Low Risk Regime
2023-12-03,141,11641,140,0.0120264582080577,0.0859891761876127,0.3790911433725625,8.6,16.2,19.1,1.0,148.57142857142858,146.43333333333334,0.0125541497416765,0.0123013486813847,6,12,0,1.0,Low Risk Regime
2023-12-04,153,11641,151,0.0129713942101194,0.0893394038312859,0.3773730779142685,7.3,0.0,21.0,0.0,149.0,146.43333333333334,0.0126155092223299,0.0123185293359677,0,12,1,1.0,Moderate Risk Regime
2023-12-05,147,11641,144,0.0123700712997165,0.08959711365003,0.3773730779142685,3.9,0.0,14.7,0.0,150.42857142857142,147.03333333333333,0.0127505000797673,0.012372934742147,1,12,1,1.0,Moderate Risk Regime
2023-12-06,100,11641,99,0.0085044240185551,0.090456146379177,0.3789193368267331,1.5,0.1,22.3,1.0,144.42857142857142,145.16666666666666,0.0122473523384098,0.0122125819660395,2,12,0,1.0,Low Risk Regime
2023-12-07,157,11641,155,0.0133150073017781,0.0868482089167597,0.37410875354351,0.2,0.0,17.5,0.0,144.85714285714286,145.7,0.0122964399229324,0.0122555336024969,3,12,1,1.0,Moderate Risk Regime
2023-12-08,154,11641,152,0.0130572974830341,0.0871059187355038,0.3754832059101451,3.0,0.0,11.0,0.0,141.42857142857142,146.06666666666666,0.0120019144157963,0.0122927583540932,4,12,1,1.0,Moderate Risk Regime
2023-12-09,152,11641,150,0.0128854909372047,0.085044240185551,0.3764281419122068,6.7,0.0,12.0,0.0,143.42857142857142,146.83333333333334,0.0121614490654951,0.012355754087564,5,12,1,1.0,Moderate Risk Regime
2023-12-10,123,11641,121,0.0103942960226784,0.0862468860063568,0.3784039171892449,11.8,28.1,29.2,1.0,140.85714285714286,146.7,0.0119282830390123,0.0123443003178421,6,12,0,1.0,Low Risk Regime
2023-12-11,154,11641,151,0.0129713942101194,0.0847006270938922,0.3780603040975861,5.9,26.9,35.1,1.0,141.0,145.96666666666667,0.0119282830390123,0.0122927583540932,0,12,0,1.0,Low Risk Regime
2023-12-12,186,11641,179,0.0153766858517309,0.0847865303668069,0.3761704320934627,2.2,0.0,18.1,0.0,146.57142857142858,148.2,0.0123577994035858,0.0124674283423531,1,12,1,1.0,Moderate Risk Regime
2023-12-13,156,11641,152,0.0130572974830341,0.0881367580104802,0.3819259513787475,3.0,0.0,18.2,0.0,154.57142857142858,148.2,0.0130082098985114,0.0124674283423531,2,12,1,1.0,Moderate Risk Regime
2023-12-14,165,11641,163,0.0140022334850957,0.0929473412937032,0.3819259513787475,0.5,0.0,13.1,0.0,155.71428571428572,149.06666666666666,0.0131063850675567,0.0125361509606849,3,12,1,1.0,Moderate Risk Regime
2023-12-15,179,11641,176,0.0151189760329868,0.0936345674770208,0.3841594364745296,4.5,0.0,16.6,0.0,159.28571428571428,150.03333333333333,0.0134009105746928,0.0126163273487386,4,12,1,1.0,Moderate Risk Regime
2023-12-16,134,11641,133,0.0114251352976548,0.0957821492998883,0.3866506313890559,6.1,0.0,12.6,0.0,156.71428571428572,149.56666666666666,0.0131922883404714,0.0125819660395727,5,12,1,1.0,Moderate Risk Regime
2023-12-17,122,11641,120,0.0103083927497637,0.0942358903874237,0.3854479855682501,9.5,16.8,23.0,1.0,156.57142857142858,147.6,0.0131800164443408,0.0124216132634653,6,12,0,1.0,Low Risk Regime
2023-12-18,166,11641,161,0.0138304269392663,0.094149987114509,0.3803796924662829,11.6,78.9,53.5,1.0,158.28571428571428,147.66666666666666,0.0133027354056475,0.0124244767058958,0,12,0,1.0,Low Risk Regime
2023-12-19,149,11641,147,0.0126277811184606,0.0951808263894854,0.3805514990121124,3.0,0.0,24.0,0.0,153.0,147.7,0.012910034729466,0.0124387939180482,1,12,1,1.0,Moderate Risk Regime
2023-12-20,163,11641,156,0.0134009105746928,0.0920024052916416,0.380637402285027,1.3,0.0,16.4,0.0,154.0,147.56666666666666,0.0129591223139887,0.0124330670331872,2,12,1,1.0,Moderate Risk Regime
2023-12-21,164,11641,161,0.0138304269392663,0.0926037282020445,0.3802937891933682,0.9,0.0,20.9,0.0,153.85714285714286,146.16666666666666,0.0129345785217273,0.0123271196632591,3,12,1,1.0,Moderate Risk Regime
2023-12-22,169,11641,167,0.0143458465767545,0.0925178249291298,0.3766858517309509,-2.1,0.0,13.1,0.0,152.42857142857142,146.33333333333334,0.0128241314565513,0.0123443003178421,4,12,1,1.0,Moderate Risk Regime
2023-12-23,119,11641,119,0.010222489476849,0.0916587921999828,0.3771153680955244,0.7,0.5,9.7,1.0,150.28571428571428,146.86666666666667,0.0126523249107219,0.0123929788391604,5,12,0,1.0,Low Risk Regime
2023-12-24,115,11641,115,0.0098788763851902,0.0903702431062623,0.3784898204621596,4.3,0.0,7.6,0.0,149.28571428571428,146.36666666666667,0.0125909654300686,0.012355754087564,6,12,1,1.0,Moderate Risk Regime
2023-12-25,80,11641,78,0.0067004552873464,0.0897689201958594,0.3772012713684391,5.9,0.0,8.6,0.0,137.0,144.96666666666667,0.0115723980512228,0.0122383529479139,0,12,1,1.0,Moderate Risk Regime
2023-12-26,99,11641,97,0.0083326174727257,0.0823812387251954,0.3735933339060218,4.8,0.0,7.3,0.0,129.85714285714286,144.86666666666667,0.0109588032446893,0.012226899178192,1,12,1,1.0,Moderate Risk Regime
2023-12-27,124,11641,122,0.0104801992955931,0.0780860750794605,0.3733356240872777,6.9,5.2,16.1,1.0,124.28571428571428,144.0,0.0105415587762465,0.0121581765598602,2,12,0,1.0,Low Risk Regime
2023-12-28,158,11641,157,0.0134868138476075,0.0747358474357873,0.3711021389914956,9.9,40.1,23.8,1.0,123.42857142857144,144.7,0.0104924711917238,0.012226899178192,3,12,0,1.0,Low Risk Regime
2023-12-29,150,11641,150,0.0128854909372047,0.0742204277982991,0.3729061077227042,9.6,0.4,18.1,1.0,120.71428571428572,144.96666666666667,0.0102838489575024,0.0122555336024969,4,12,0,1.0,Low Risk Regime
2023-12-30,121,11641,119,0.010222489476849,0.0725882656129198,0.3735933339060218,5.4,0.1,26.6,1.0,121.0,143.86666666666667,0.0102838489575024,0.0121639034447212,5,12,0,1.0,Low Risk Regime
2023-12-31,105,11641,105,0.0090198436560432,0.0727600721587492,0.3707585258998367,2.8,0.0,15.9,0.0,119.57142857142856,141.43333333333334,0.0101611299961957,0.0119605990321564,6,12,1,1.0,Moderate Risk Regime
2024-01-01,129,11641,129,0.011081522205996,0.0719010394296022,0.3644875869770638,3.5,0.0,14.3,0.0,126.57142857142856,141.13333333333333,0.0107869966988599,0.0119376914927125,0,1,1,1.0,Moderate Risk Regime
2024-01-02,145,11641,139,0.011940554935143,0.0761102998024224,0.3637144575208315,0.0,0.0,13.7,0.0,133.14285714285714,141.26666666666668,0.0113024163363481,0.011934828050282,1,1,1,1.0,Moderate Risk Regime
2024-01-03,124,11641,122,0.0104801992955931,0.0800618503564985,0.3640580706124903,1.5,0.0,14.4,0.0,133.14285714285714,140.3,0.0113024163363481,0.0118517882197978,2,1,1,1.0,Moderate Risk Regime
2024-01-04,117,11641,115,0.0098788763851902,0.0800618503564985,0.3615668756979641,2.0,0.0,26.9,0.0,127.28571428571428,139.3,0.0107869966988599,0.0117687483893136,3,1,1,1.0,Moderate Risk Regime
2024-01-05,136,11641,134,0.0115110385705695,0.0765398161669959,0.3589897775105231,-1.8,0.0,20.5,0.0,125.28571428571428,140.5,0.0105906463607692,0.0118689688743807,4,1,1,1.0,Moderate Risk Regime
2024-01-06,151,11641,149,0.01279958766429,0.0753371703461902,0.3620822953354523,-1.1,11.0,29.1,1.0,129.57142857142858,140.3,0.0109588032446893,0.0118517882197978,5,1,0,1.0,Low Risk Regime
2024-01-07,104,11641,101,0.0086762305643845,0.0779142685336311,0.3615668756979641,1.5,7.3,27.0,1.0,129.42857142857142,138.63333333333333,0.0109097156601666,0.0117057526558428,6,1,0,1.0,Low Risk Regime
2024-01-08,118,11641,116,0.0099647796581049,0.0778283652607164,0.3572717120522292,1.5,0.0,20.1,0.0,127.85714285714286,137.5,0.0107501810104679,0.0116083956132061,0,1,1,1.0,Moderate Risk Regime
2024-01-09,169,11641,167,0.0143458465767545,0.0768834292586547,0.3543510007731295,3.2,31.5,57.3,1.0,131.28571428571428,139.03333333333333,0.0110937941021267,0.0117401139650087,1,1,0,1.0,Low Risk Regime
2024-01-10,142,11641,141,0.0121123614809724,0.0789451078086075,0.3583025513272055,9.2,28.2,48.6,1.0,133.85714285714286,138.63333333333333,0.0113269601286094,0.0117114795407038,2,1,0,1.0,Low Risk Regime
2024-01-11,140,11641,138,0.0118546516622283,0.080491366721072,0.3572717120522292,4.5,0.0,22.9,0.0,137.14285714285714,137.1,0.0116092137396149,0.0115940784010537,3,1,1,1.0,Moderate Risk Regime
2024-01-12,161,11641,160,0.0137445236663516,0.0824671419981101,0.3533201614981531,4.0,0.8,22.1,1.0,140.71428571428572,137.26666666666668,0.0119282830390123,0.0116169859404976,4,1,0,1.0,Low Risk Regime
2024-01-13,139,11641,137,0.0117687483893136,0.0846147238209775,0.3537496778627266,9.1,22.9,34.2,1.0,139.0,136.4,0.0117810202854443,0.0115425364373049,5,1,0,1.0,Low Risk Regime
2024-01-14,120,11641,117,0.0100506829310196,0.0835838845460012,0.3515161927669444,0.2,0.5,36.4,1.0,141.28571428571428,134.43333333333334,0.011977370623535,0.011373593333906,6,1,0,1.0,Low Risk Regime
2024-01-15,97,11641,94,0.0080749076539816,0.0849583369126363,0.3464478996649772,-3.4,0.8,11.4,1.0,138.28571428571428,133.2,0.0117073889086602,0.0112619190791169,0,1,0,1.0,Low Risk Regime
2024-01-16,126,11641,123,0.0105661025685078,0.0831543681814277,0.3432694785671334,-2.8,9.5,23.2,1.0,132.14285714285714,133.33333333333334,0.0111674254789107,0.0112705094064083,1,1,0,1.0,Low Risk Regime
2024-01-17,133,11641,133,0.0114251352976548,0.0794605274460956,0.3436130916587922,-6.5,0.0,23.8,0.0,130.85714285714286,132.23333333333332,0.0110692503098653,0.0111903330183546,2,1,1,1.0,Moderate Risk Regime
2024-01-18,123,11641,123,0.0105661025685078,0.0786873979898634,0.3407782836526071,-3.5,0.3,17.1,1.0,128.42857142857142,131.36666666666667,0.0108851718679053,0.0111216104000229,3,1,0,1.0,Low Risk Regime
2024-01-19,138,11641,138,0.0118546516622283,0.0772270423503135,0.338544798556825,-2.5,2.7,16.5,1.0,125.14285714285714,130.53333333333333,0.0106151901530305,0.011070068436274,4,1,0,1.0,Low Risk Regime
2024-01-20,126,11641,126,0.0108238123872519,0.0752512670732755,0.3363972167339575,-6.1,0.0,26.2,0.0,123.28571428571428,129.26666666666668,0.0104801992955931,0.0109698479512069,5,1,1,1.0,Moderate Risk Regime
2024-01-21,128,11641,124,0.0106520058414225,0.0741345245253844,0.333132892363199,-5.0,0.0,23.6,0.0,124.42857142857144,127.9,0.0105661025685078,0.0108467199266958,6,1,1,1.0,Moderate Risk Regime
2024-01-22,145,11641,143,0.0122841680268018,0.074821750708702,0.3296108581736964,-2.5,0.0,17.6,0.0,131.28571428571428,128.76666666666668,0.0111674254789107,0.0109154425450276,0,1,1,1.0,Moderate Risk Regime
2024-01-23,139,11641,133,0.0114251352976548,0.0789451078086075,0.3318443432694786,1.0,1.7,18.8,1.0,133.14285714285714,129.56666666666666,0.0112901444402174,0.0109669845087764,1,1,0,1.0,Low Risk Regime
2024-01-24,159,11641,159,0.0136586203934369,0.0800618503564985,0.3339060218194313,2.8,3.2,10.5,1.0,136.85714285714286,132.2,0.0116092137396149,0.0111989233456461,2,1,0,1.0,Low Risk Regime
2024-01-25,142,11641,140,0.0120264582080577,0.0822953354522807,0.3406923803796924,8.8,5.6,21.2,1.0,139.57142857142858,133.63333333333333,0.0118178359738363,0.0113220513701572,3,1,0,1.0,Low Risk Regime
2024-01-26,160,11641,157,0.0134868138476075,0.08392749763766,0.3443862211150245,6.2,4.6,15.7,1.0,142.71428571428572,134.83333333333334,0.012051002000319,0.0114222718552243,4,1,0,1.0,Low Risk Regime
2024-01-27,139,11641,136,0.0116828451163989,0.0858173696417833,0.3474787389399536,5.4,0.0,13.0,0.0,144.57142857142858,134.2,0.0121737209616257,0.011362139564184,5,1,1,1.0,Moderate Risk Regime
2024-01-28,144,11641,142,0.0121982647538871,0.0869341121896744,0.3458465767545743,3.4,21.3,28.8,1.0,146.85714285714286,134.0,0.0123946150919778,0.0113392320247401,6,1,0,1.0,Low Risk Regime
2024-01-29,153,11641,150,0.0128854909372047,0.0883085645563096,0.3453311571170862,2.9,0.7,27.6,1.0,148.0,135.06666666666666,0.0124805183648925,0.0114279987400853,0,1,0,1.0,Low Risk Regime
2024-01-30,101,11641,101,0.0086762305643845,0.0889957907396271,0.3480800618503565,0.4,0.0,12.1,0.0,142.57142857142858,134.93333333333334,0.012087817688711,0.0114165449703633,1,1,1,1.0,Moderate Risk Regime
2024-01-31,127,11641,125,0.0107379091143372,0.0857314663688686,0.3477364487586977,2.2,0.2,11.2,1.0,138.0,134.86666666666667,0.0116705732202682,0.0114050912006414,2,1,0,1.0,Low Risk Regime
2024-02-01,117,11641,116,0.0099647796581049,0.0829825616355983,0.3475646422128683,2.3,0.6,19.8,1.0,134.42857142857142,133.93333333333334,0.0113760477131321,0.0113392320247401,3,2,0,1.0,Low Risk Regime
2024-02-02,138,11641,136,0.0116828451163989,0.0808349798127308,0.3451593505712567,3.8,6.3,22.6,1.0,131.28571428571428,134.4,0.011118337894388,0.011379320218767,4,2,0,1.0,Low Risk Regime
2024-02-03,132,11641,130,0.0111674254789107,0.0789451078086075,0.3463619963920625,1.1,0.0,24.2,0.0,130.28571428571428,134.9,0.011044706517604,0.0114222718552243,5,2,1,1.0,Moderate Risk Regime
2024-02-04,132,11641,126,0.0108238123872519,0.0783437848982046,0.347650545485783,0.9,0.0,14.8,0.0,128.57142857142858,134.76666666666668,0.0108483561795132,0.0113993643157804,6,2,1,1.0,Moderate Risk Regime
2024-02-05,147,11641,142,0.0121982647538871,0.0773129456232282,0.3473069323941242,0.9,0.0,28.2,0.0,127.71428571428572,134.63333333333333,0.0107501810104679,0.011379320218767,0,2,1,1.0,Moderate Risk Regime
2024-02-06,154,11641,149,0.01279958766429,0.07679752598574,0.3469633193024654,-0.3,0.0,19.1,0.0,135.28571428571428,136.3,0.0113392320247401,0.0115167654554305,1,2,1,1.0,Moderate Risk Regime
2024-02-07,143,11641,141,0.0121123614809724,0.081350399450219,0.3512584829482003,1.6,0.0,12.7,0.0,137.57142857142858,137.13333333333333,0.0115355823628308,0.0115883515161927,2,2,1,1.0,Moderate Risk Regime
2024-02-08,144,11641,141,0.0121123614809724,0.0827248518168542,0.3534060647710678,2.1,0.0,10.5,0.0,141.42857142857142,136.3,0.0118423797660976,0.011513902013,3,2,1,1.0,Moderate Risk Regime
2024-02-09,155,11641,154,0.0132291040288635,0.085044240185551,0.3512584829482003,5.2,0.0,14.9,0.0,143.85714285714286,136.73333333333332,0.0120632738964497,0.0115511267645963,4,2,1,1.0,Moderate Risk Regime
2024-02-10,110,11641,109,0.009363456747702,0.0865045958251009,0.3523752254960914,8.3,0.1,16.6,1.0,140.71428571428572,135.73333333333332,0.0118055640777056,0.0114680869341121,5,2,0,1.0,Low Risk Regime
2024-02-11,99,11641,97,0.0083326174727257,0.0846147238209775,0.3497981273086504,6.8,0.0,15.6,0.0,136.0,133.66666666666666,0.0114496790899161,0.0112876900609913,6,2,1,1.0,Moderate Risk Regime
2024-02-12,141,11641,140,0.0120264582080577,0.0817799158147925,0.3444721243879391,4.0,0.1,11.3,1.0,135.14285714285714,133.73333333333332,0.0114251352976548,0.0112962803882827,0,2,0,1.0,Low Risk Regime
2024-02-13,90,11641,87,0.0074735847435787,0.0812644961773043,0.3446439309337685,0.9,27.7,25.6,1.0,126.0,132.73333333333332,0.0106642777375532,0.011210377115368,1,2,0,1.0,Low Risk Regime
2024-02-14,156,11641,153,0.0131432007559488,0.0757666867107636,0.3420668327463276,-1.9,0.0,25.7,0.0,127.85714285714286,134.7,0.0108115404911212,0.011379320218767,2,2,1,1.0,Moderate Risk Regime
2024-02-15,139,11641,134,0.0115110385705695,0.0768834292586547,0.3471351258482948,-1.0,0.2,22.3,1.0,127.14285714285714,135.13333333333333,0.0107256372182065,0.0114108180855023,3,2,0,1.0,Low Risk Regime
2024-02-16,158,11641,154,0.0132291040288635,0.0764539128940812,0.3482518683961859,1.3,0.0,31.2,0.0,127.57142857142856,135.96666666666667,0.0107256372182065,0.0114709503765426,4,2,1,1.0,Moderate Risk Regime
2024-02-17,148,11641,143,0.0122841680268018,0.0767116227128253,0.3503994502190533,-1.0,5.9,21.7,1.0,133.0,136.8,0.0111428816866494,0.0115282192251524,5,2,0,1.0,Low Risk Regime
2024-02-18,127,11641,125,0.0107379091143372,0.0799759470835838,0.3525470320419208,-1.9,0.0,29.4,0.0,137.0,136.43333333333334,0.0114864947783081,0.0114909944735561,6,2,1,1.0,Moderate Risk Regime
2024-02-19,110,11641,110,0.0094493600206167,0.0823812387251954,0.3516020960398591,-0.3,0.0,20.8,0.0,132.57142857142858,135.9,0.011118337894388,0.0114451793946682,0,2,1,1.0,Moderate Risk Regime
2024-02-20,134,11641,131,0.0112533287518254,0.0797182372648397,0.3502276436732239,-2.7,0.0,13.1,0.0,138.85714285714286,136.1,0.0116583013241375,0.0114652234916817,1,2,1,1.0,Moderate Risk Regime
2024-02-21,120,11641,119,0.010222489476849,0.0834979812730865,0.3507430633107121,-1.1,0.0,15.0,0.0,133.71428571428572,135.26666666666668,0.0112410568556947,0.0113965008733499,2,2,1,1.0,Moderate Risk Regime
2024-02-22,137,11641,135,0.0115969418434842,0.0804054634481573,0.3485954814878447,1.0,0.3,19.8,1.0,133.42857142857142,135.2,0.0112533287518254,0.0114022277582109,3,2,0,1.0,Low Risk Regime
2024-02-23,127,11641,125,0.0107379091143372,0.0802336569023279,0.3484236749420153,4.5,3.1,12.8,1.0,129.0,134.13333333333333,0.0108974437640359,0.0113048707155742,4,2,0,1.0,Low Risk Regime
2024-02-24,119,11641,117,0.0100506829310196,0.0775706554419723,0.3456747702087449,2.3,0.0,21.4,0.0,124.85714285714286,133.36666666666667,0.0105783744646385,0.0112390115396729,5,2,1,1.0,Moderate Risk Regime
2024-02-25,150,11641,148,0.0127136843913753,0.0750794605274461,0.3436989949317069,-2.2,0.0,16.2,0.0,128.14285714285714,133.03333333333333,0.0108606280756439,0.0112132405577985,6,2,1,1.0,Moderate Risk Regime
2024-02-26,131,11641,129,0.011081522205996,0.0770552358044841,0.3428399622025599,3.4,2.9,13.5,1.0,131.14285714285714,132.76666666666668,0.0110937941021267,0.0111931964607851,0,2,0,1.0,Low Risk Regime
2024-02-27,172,11641,166,0.0142599433038398,0.0788592045356928,0.3421527360192423,7.7,3.8,26.1,1.0,136.57142857142858,133.7,0.0115233104667002,0.0112619190791169,1,2,0,1.0,Low Risk Regime
2024-02-28,129,11641,128,0.0109956189330813,0.0821235289064513,0.3445580276608538,13.6,15.7,34.2,1.0,137.85714285714286,132.9,0.0116337575318762,0.0111989233456461,2,2,0,1.0,Low Risk Regime
2024-02-29,140,11641,138,0.0118546516622283,0.0828966583626836,0.3424963491109011,1.0,0.1,30.7,1.0,138.28571428571428,134.2,0.0116705732202682,0.0113048707155742,3,2,0,1.0,Low Risk Regime
2024-03-01,179,11641,176,0.0151189760329868,0.0831543681814277,0.3458465767545743,0.8,0.0,20.3,0.0,145.71428571428572,135.93333333333334,0.0122964399229324,0.0114509062795292,4,3,1,1.0,Moderate Risk Regime
2024-03-02,127,11641,125,0.0107379091143372,0.087621338372992,0.3503135469461386,6.6,28.1,26.5,1.0,146.85714285714286,136.26666666666668,0.0123946150919778,0.0114766772614036,5,3,0,1.0,Low Risk Regime
2024-03-03,135,11641,134,0.0115110385705695,0.0883085645563096,0.3511725796752856,11.6,0.0,15.8,0.0,144.71428571428572,136.16666666666666,0.0122228085461484,0.0114709503765426,6,3,1,1.0,Moderate Risk Regime
2024-03-04,151,11641,149,0.01279958766429,0.0870200154625891,0.3509148698565415,8.2,0.0,21.8,0.0,147.57142857142858,136.8,0.0124682464687618,0.0115253557827219,0,3,1,1.0,Moderate Risk Regime
2024-03-05,144,11641,138,0.0118546516622283,0.088738080920883,0.3525470320419208,6.5,20.3,20.1,1.0,143.57142857142858,137.2,0.012124633377103,0.0115597170918878,1,3,0,1.0,Low Risk Regime
2024-03-06,171,11641,171,0.0146894596684133,0.0863327892792715,0.3535778713168971,7.1,33.2,20.6,1.0,149.57142857142858,138.0,0.0126523249107219,0.011642756922372,2,3,0,1.0,Low Risk Regime
2024-03-07,129,11641,126,0.0108238123872519,0.0899407267416888,0.3556395498668499,9.7,3.5,28.0,1.0,148.0,137.16666666666666,0.0125050621571539,0.0115768977464708,3,3,0,1.0,Low Risk Regime
2024-03-08,181,11641,180,0.0154625891246456,0.0889957907396271,0.3534919680439825,6.0,0.0,21.6,0.0,148.28571428571428,138.43333333333334,0.0125541497416765,0.0116885720012599,4,3,1,1.0,Moderate Risk Regime
2024-03-09,162,11641,161,0.0138304269392663,0.0891675972854565,0.356756292414741,5.3,28.7,33.5,1.0,153.28571428571428,139.03333333333333,0.0129959380023807,0.0117458408498697,5,3,0,1.0,Low Risk Regime
2024-03-10,132,11641,130,0.0111674254789107,0.092174211837471,0.3583025513272055,7.3,20.9,30.6,1.0,152.85714285714286,138.26666666666668,0.012946850417858,0.0116771182315379,6,3,0,1.0,Low Risk Regime
2024-03-11,134,11641,132,0.0113392320247401,0.0919165020187269,0.3563267760501675,5.0,0.0,45.9,0.0,150.42857142857142,139.06666666666666,0.0127382281836366,0.0117429774074392,0,3,1,1.0,Moderate Risk Regime
2024-03-12,151,11641,147,0.0126277811184606,0.090456146379177,0.3583884546001202,9.3,0.0,21.5,0.0,151.42857142857142,140.8,0.0128486752488126,0.0118861495289637,1,3,1,1.0,Moderate Risk Regime
2024-03-13,122,11641,117,0.0100506829310196,0.0910574692895799,0.3628554247916846,8.7,0.0,15.0,0.0,144.42857142857142,140.16666666666666,0.0121859928577564,0.0118202903530624,2,3,1,1.0,Moderate Risk Regime
2024-03-14,137,11641,135,0.0115969418434842,0.0868482089167597,0.3612232626063053,11.6,0.0,15.8,0.0,145.57142857142858,141.73333333333332,0.0122964399229324,0.0119577355897259,3,3,1,1.0,Moderate Risk Regime
2024-03-15,153,11641,150,0.0128854909372047,0.0875354351000773,0.3652607164332961,14.9,0.8,24.1,1.0,141.57142857142858,141.63333333333333,0.0119282830390123,0.0119491452624344,4,3,0,1.0,Low Risk Regime
2024-03-16,148,11641,145,0.0124559745726312,0.0851301434584657,0.365003006614552,9.3,0.1,20.7,1.0,139.57142857142858,141.93333333333334,0.0117319327009216,0.0119806431291698,5,3,0,1.0,Low Risk Regime
2024-03-17,143,11641,140,0.0120264582080577,0.08392749763766,0.3657761360707843,10.9,0.4,28.8,1.0,141.14285714285714,141.43333333333334,0.0118546516622283,0.011940554935143,6,3,0,1.0,Low Risk Regime
2024-03-18,150,11641,146,0.0125418778455459,0.0848724336397216,0.3644875869770638,6.7,0.0,20.6,0.0,143.42857142857142,141.5,0.0120264582080577,0.0119491452624344,0,3,1,1.0,Moderate Risk Regime
2024-03-19,109,11641,107,0.0091916502018726,0.0862468860063568,0.3646593935228932,3.6,0.5,27.8,1.0,137.42857142857142,140.9,0.0115355823628308,0.0118976032986856,1,3,0,1.0,Low Risk Regime
2024-03-20,150,11641,148,0.0127136843913753,0.0826389485439395,0.3631131346104286,5.9,2.8,30.7,1.0,141.42857142857142,142.23333333333332,0.0119160111428816,0.0120064141110442,2,3,0,1.0,Low Risk Regime
2024-03-21,146,11641,140,0.0120264582080577,0.085044240185551,0.3665492655270165,0.8,0.0,30.3,0.0,142.71428571428572,142.63333333333333,0.011977370623535,0.0120321850929187,3,3,1,1.0,Moderate Risk Regime
2024-03-22,128,11641,128,0.0109956189330813,0.0858173696417833,0.3675801048019929,0.9,0.0,18.9,0.0,139.14285714285714,142.9,0.0117073889086602,0.0120579560747931,4,3,1,1.0,Moderate Risk Regime
2024-03-23,131,11641,130,0.0111674254789107,0.0836697878189159,0.3682673309853105,5.8,63.6,33.3,1.0,136.71428571428572,142.7,0.0115233104667002,0.0120436388626406,5,3,0,1.0,Low Risk Regime
2024-03-24,151,11641,137,0.0117687483893136,0.082209432179366,0.3677519113478223,2.6,0.0,33.5,0.0,137.85714285714286,143.5,0.0114864947783081,0.0120780001718065,6,3,1,1.0,Moderate Risk Regime
2024-03-25,164,11641,159,0.0136586203934369,0.0828966583626836,0.3698135898977751,4.0,0.0,22.1,0.0,139.85714285714286,145.0,0.0116460294280069,0.0121982647538871,0,3,1,1.0,Moderate Risk Regime
2024-03-26,133,11641,132,0.0113392320247401,0.0840993041834893,0.3736792371789365,5.6,0.0,18.8,0.0,143.28571428571428,144.43333333333334,0.0119528268312737,0.0121524496749992,1,3,1,1.0,Moderate Risk Regime
2024-03-27,121,11641,120,0.0103083927497637,0.0861609827334421,0.3722188815393866,7.4,0.6,11.2,1.0,139.14285714285714,144.1,0.0116092137396149,0.0121266786931248,2,3,0,1.0,Low Risk Regime
2024-03-28,157,11641,155,0.0133150073017781,0.0836697878189159,0.3713598488102396,8.5,21.5,18.5,1.0,140.71428571428572,143.6,0.0117932921815749,0.0120951808263894,3,3,0,1.0,Low Risk Regime
2024-03-29,143,11641,143,0.0122841680268018,0.0846147238209775,0.3700712997165192,7.4,0.4,34.5,1.0,142.85714285714286,144.06666666666666,0.011977370623535,0.0121381324628468,4,3,0,1.0,Low Risk Regime
2024-03-30,136,11641,136,0.0116828451163989,0.085903272914698,0.3712739455373249,8.1,0.1,24.3,1.0,143.57142857142858,143.93333333333334,0.012051002000319,0.0121324055779858,5,3,0,1.0,Low Risk Regime
2024-03-31,125,11641,124,0.0106520058414225,0.0863327892792715,0.3709303324456662,10.5,0.2,20.3,1.0,139.85714285714286,142.13333333333333,0.0118914673506203,0.0119835065716003,6,3,0,1.0,Low Risk Regime
2024-04-01,118,11641,118,0.0101365862039343,0.0840993041834893,0.3662915557082725,8.5,3.3,13.2,1.0,133.28571428571428,141.83333333333334,0.0113883196092628,0.0119634624745869,0,4,0,1.0,Low Risk Regime
2024-04-02,149,11641,144,0.0123700712997165,0.0801477536294132,0.3655184262520402,7.3,19.0,20.7,1.0,135.57142857142858,142.3,0.0115355823628308,0.0119920968988918,1,4,0,1.0,Low Risk Regime
2024-04-03,145,11641,143,0.0122841680268018,0.0815222059960484,0.366721072072846,5.8,25.6,39.8,1.0,139.0,142.1,0.0118178359738363,0.0119749162443089,2,4,0,1.0,Low Risk Regime
2024-04-04,125,11641,125,0.0107379091143372,0.0835838845460012,0.3662056524353578,5.7,9.1,38.8,1.0,134.42857142857142,141.46666666666667,0.0114496790899161,0.0119376914927125,3,4,0,1.0,Low Risk Regime
2024-04-05,126,11641,126,0.0108238123872519,0.0808349798127308,0.3645734902499785,5.4,0.0,28.5,0.0,132.0,139.96666666666667,0.0112410568556947,0.0118088365833404,4,4,1,1.0,Moderate Risk Regime
2024-04-06,135,11641,131,0.0112533287518254,0.079374624173181,0.3607078429688171,6.9,0.2,27.9,1.0,131.85714285714286,140.16666666666666,0.0111796973750414,0.0118231537954929,5,4,0,1.0,Low Risk Regime
2024-04-07,135,11641,130,0.0111674254789107,0.0792887209002663,0.3612232626063053,7.1,0.1,24.1,1.0,133.28571428571428,138.63333333333333,0.0112533287518254,0.0116799816739684,6,4,0,1.0,Low Risk Regime
2024-04-08,132,11641,130,0.0111674254789107,0.0801477536294132,0.3572717120522292,8.9,1.0,14.2,1.0,135.28571428571428,137.63333333333333,0.0114005915053934,0.0115912149586232,0,4,0,1.0,Low Risk Regime
2024-04-09,156,11641,154,0.0132291040288635,0.081350399450219,0.3546946138647882,14.1,0.0,18.2,0.0,136.28571428571428,138.43333333333334,0.0115233104667002,0.011659937576955,1,4,1,1.0,Moderate Risk Regime
2024-04-10,118,11641,118,0.0101365862039343,0.0819517223606219,0.356756292414741,12.2,0.6,16.6,1.0,132.42857142857142,137.9,0.0112165130634334,0.0116198493829281,2,4,0,1.0,Low Risk Regime
2024-04-11,118,11641,118,0.0101365862039343,0.0796323339919251,0.3553818400481058,12.5,6.5,29.4,1.0,131.42857142857142,136.8,0.0111306097905187,0.0115368095524439,3,4,0,1.0,Low Risk Regime
2024-04-12,164,11641,160,0.0137445236663516,0.0790310110815222,0.3525470320419208,15.6,14.9,39.0,1.0,136.85714285714286,138.2,0.0115478542589615,0.011659937576955,4,4,0,1.0,Low Risk Regime
2024-04-13,122,11641,120,0.0103083927497637,0.0822953354522807,0.3561549695043381,9.6,2.0,35.3,1.0,135.0,137.7,0.0114128634015241,0.0116169859404976,5,4,0,1.0,Low Risk Regime
2024-04-14,133,11641,131,0.0112533287518254,0.0811785929043896,0.3548664204106176,14.2,0.9,23.8,1.0,134.71428571428572,137.03333333333333,0.0114251352976548,0.0115625805343183,6,4,0,1.0,Low Risk Regime
2024-04-15,146,11641,145,0.0124559745726312,0.0810067863585602,0.3531483549523236,18.2,0.0,24.6,0.0,136.71428571428572,136.96666666666667,0.0116092137396149,0.0115625805343183,0,4,1,1.0,Moderate Risk Regime
2024-04-16,139,11641,136,0.0116828451163989,0.082209432179366,0.3529765484064943,14.3,0.0,18.5,0.0,134.28571428571428,136.83333333333334,0.0113883196092628,0.0115511267645963,1,4,1,1.0,Moderate Risk Regime
2024-04-17,129,11641,129,0.011081522205996,0.0807490765398161,0.3526329353148354,10.7,3.0,18.4,1.0,135.85714285714286,136.13333333333333,0.0115233104667002,0.011502448243278,2,4,0,1.0,Low Risk Regime
2024-04-18,136,11641,136,0.0116828451163989,0.0816940125418778,0.3508289665836268,8.6,6.2,25.0,1.0,138.42857142857142,137.03333333333333,0.0117442045970522,0.0115854880737622,3,4,0,1.0,Low Risk Regime
2024-04-19,162,11641,154,0.0132291040288635,0.0832402714543424,0.3531483549523236,8.6,0.0,20.4,0.0,138.14285714285714,137.43333333333334,0.0116705732202682,0.0116026687283452,4,4,1,1.0,Moderate Risk Regime
2024-04-20,158,11641,156,0.0134009105746928,0.083068464908513,0.3541791942273,12.9,2.3,28.8,1.0,143.28571428571428,137.83333333333334,0.0121123614809724,0.011648483807233,5,4,0,1.0,Low Risk Regime
2024-04-21,123,11641,119,0.010222489476849,0.0861609827334421,0.3552100335022764,7.6,0.0,23.0,0.0,141.85714285714286,137.66666666666666,0.0119650987274043,0.0116227128253586,6,4,1,1.0,Moderate Risk Regime
2024-04-22,130,11641,128,0.0109956189330813,0.0853019500042951,0.3547805171377029,8.7,0.0,17.0,0.0,139.57142857142858,137.63333333333333,0.0117564764931829,0.0116169859404976,0,4,1,1.0,Moderate Risk Regime
2024-04-23,96,11641,93,0.0079890043810669,0.08392749763766,0.3546946138647882,9.3,0.0,27.8,0.0,133.42857142857142,135.8,0.0112287849595641,0.0114909944735561,1,4,1,1.0,Moderate Risk Regime
2024-04-24,123,11641,120,0.0103083927497637,0.0802336569023279,0.3499699338544798,13.5,1.6,32.0,1.0,132.57142857142858,134.43333333333334,0.011118337894388,0.011379320218767,2,4,0,1.0,Low Risk Regime
2024-04-25,157,11641,156,0.0134009105746928,0.0797182372648397,0.3464478996649772,7.7,0.0,22.0,0.0,135.57142857142858,135.23333333333332,0.0113637758170014,0.0114480428370987,3,4,1,1.0,Moderate Risk Regime
2024-04-26,155,11641,153,0.0131432007559488,0.0815222059960484,0.34850957821493,8.0,0.0,19.2,0.0,134.57142857142858,136.36666666666667,0.0113515039208708,0.0115425364373049,4,4,1,1.0,Moderate Risk Regime
2024-04-27,111,11641,111,0.0095352632935314,0.0809208830856455,0.3514302894940297,9.1,0.3,27.1,1.0,127.85714285714286,134.83333333333334,0.0107992685949906,0.0114165449703633,5,4,0,1.0,Low Risk Regime
2024-04-28,116,11641,112,0.0096211665664461,0.0768834292586547,0.3474787389399536,15.3,0.6,16.3,1.0,126.85714285714286,133.93333333333334,0.0107133653220759,0.0113277782550181,6,4,0,1.0,Low Risk Regime
2024-04-29,138,11641,134,0.0115110385705695,0.0762821063482518,0.3451593505712567,19.8,3.4,15.5,1.0,128.0,134.0,0.0107869966988599,0.0113220513701572,0,4,0,1.0,Low Risk Regime
2024-04-30,107,11641,106,0.0091057469289579,0.0769693325315694,0.3453311571170862,15.5,2.2,14.6,1.0,129.57142857142858,133.4,0.0109465313485586,0.0112705094064083,1,4,0,1.0,Low Risk Regime
2024-05-01,153,11641,151,0.0129713942101194,0.0779142685336311,0.3437848982046216,15.4,1.5,19.8,1.0,133.85714285714286,134.56666666666666,0.0113269601286094,0.0113650030066145,2,5,0,1.0,Low Risk Regime
2024-05-02,125,11641,125,0.0107379091143372,0.080491366721072,0.346791512756636,18.4,0.0,22.7,0.0,129.28571428571428,133.76666666666668,0.0109465313485586,0.0113105976004352,3,5,1,1.0,Moderate Risk Regime
2024-05-03,150,11641,149,0.01279958766429,0.0777424619878017,0.3447298342066833,13.6,0.0,19.2,0.0,128.57142857142858,133.93333333333334,0.0108974437640359,0.0113277782550181,4,5,1,1.0,Moderate Risk Regime
2024-05-04,130,11641,128,0.0109956189330813,0.0773129456232282,0.3451593505712567,11.5,0.0,21.2,0.0,131.28571428571428,134.1,0.0111060659982573,0.0113363685823096,5,5,1,1.0,Moderate Risk Regime
2024-05-05,133,11641,131,0.0112533287518254,0.0789451078086075,0.3455888669358302,10.6,8.6,23.7,1.0,133.71428571428572,134.33333333333334,0.0113392320247401,0.0113506857944621,6,5,0,1.0,Low Risk Regime
2024-05-06,146,11641,141,0.0121123614809724,0.0804054634481573,0.3461901898462331,16.8,0.8,11.6,1.0,134.85714285714286,134.7,0.0114251352976548,0.011379320218767,0,5,0,1.0,Low Risk Regime
2024-05-07,139,11641,139,0.011940554935143,0.0810926896314749,0.3471351258482948,19.1,0.0,15.2,0.0,139.42857142857142,134.83333333333334,0.0118301078699669,0.0114050912006414,1,5,1,1.0,Moderate Risk Regime
2024-05-08,151,11641,151,0.0129713942101194,0.0838415943647453,0.3474787389399536,23.0,0.0,26.6,0.0,139.14285714285714,135.46666666666667,0.0118301078699669,0.0114652234916816,2,5,1,1.0,Moderate Risk Regime
2024-05-09,131,11641,129,0.011081522205996,0.0836697878189159,0.3491109011253329,17.5,0.0,16.6,0.0,140.0,134.63333333333333,0.0118791954544896,0.0113936374309194,3,5,1,1.0,Moderate Risk Regime
2024-05-10,150,11641,148,0.0127136843913753,0.0841852074564041,0.3469633193024654,10.6,12.9,19.7,1.0,140.0,135.7,0.011866923558359,0.0114795407038341,4,5,0,1.0,Low Risk Regime
2024-05-11,127,11641,124,0.0106520058414225,0.0841852074564041,0.3497122240357357,11.4,0.0,19.8,0.0,139.57142857142858,136.0,0.0118178359738363,0.011496721358417,5,5,1,1.0,Moderate Risk Regime
2024-05-12,145,11641,141,0.0121123614809724,0.08392749763766,0.350485353491968,10.6,7.6,14.8,1.0,141.28571428571428,135.36666666666667,0.011940554935143,0.0114423159522377,6,5,0,1.0,Low Risk Regime
2024-05-13,160,11641,158,0.0135727171205222,0.0849583369126363,0.3488531913065887,12.9,0.0,23.6,0.0,143.28571428571428,136.63333333333333,0.0121491771693644,0.0115511267645963,0,5,1,1.0,Moderate Risk Regime
2024-05-14,153,11641,151,0.0129713942101194,0.0861609827334421,0.3521175156773473,16.3,3.2,21.3,1.0,145.28571428571428,137.3,0.0122964399229324,0.0116083956132061,1,5,0,1.0,Low Risk Regime
2024-05-15,167,11641,158,0.0135727171205222,0.0873636285542479,0.3538355811356413,15.7,6.8,26.0,1.0,147.57142857142858,138.0,0.0123823431958471,0.0116456203648025,2,5,0,1.0,Low Risk Regime
2024-05-16,147,11641,144,0.0123700712997165,0.088738080920883,0.3556395498668499,16.5,4.8,31.4,1.0,149.85714285714286,138.26666666666668,0.0125664216378072,0.0116685279042464,3,5,0,1.0,Low Risk Regime
2024-05-17,144,11641,143,0.0122841680268018,0.0901125332875182,0.3563267760501675,17.4,0.0,18.3,0.0,149.0,138.76666666666668,0.0125050621571539,0.0117086160982733,4,5,1,1.0,Moderate Risk Regime
2024-05-18,147,11641,143,0.0122841680268018,0.08959711365003,0.357615325143888,16.6,2.2,15.7,1.0,151.85714285714286,139.13333333333333,0.0127382281836366,0.0117286601952867,5,5,0,1.0,Low Risk Regime
2024-05-19,126,11641,123,0.0105661025685078,0.091315179108324,0.3585602611459497,16.7,0.2,19.7,1.0,149.14285714285714,137.93333333333334,0.0125173340532845,0.0116398934799415,6,5,0,1.0,Low Risk Regime
2024-05-20,149,11641,145,0.0124559745726312,0.0896830169229447,0.3554677433210205,16.4,0.0,19.0,0.0,147.57142857142858,137.63333333333333,0.0123577994035858,0.0116083956132061,0,5,1,1.0,Moderate Risk Regime
2024-05-21,179,11641,176,0.0151189760329868,0.088738080920883,0.3546946138647882,19.2,0.0,17.0,0.0,151.28571428571428,139.5,0.0126645968068526,0.0117716118317441,1,5,1,1.0,Moderate Risk Regime
2024-05-22,168,11641,166,0.0142599433038398,0.0909715660166652,0.3595051971480113,22.0,0.0,22.8,0.0,151.42857142857142,140.76666666666668,0.0127627719758979,0.0118804226441027,2,5,1,1.0,Moderate Risk Regime
2024-05-23,157,11641,155,0.0133150073017781,0.0910574692895799,0.3627695215187698,22.7,3.0,16.1,1.0,152.85714285714286,142.8,0.0128977628333353,0.0120579560747931,3,5,0,1.0,Low Risk Regime
2024-05-24,200,11641,196,0.0168370414912808,0.0919165020187269,0.3680096211665664,22.6,0.0,15.5,0.0,160.85714285714286,145.36666666666667,0.0135481733282609,0.0122755776995103,4,5,1,1.0,Moderate Risk Regime
2024-05-25,134,11641,132,0.0113392320247401,0.09672708530195,0.3746241731809982,19.6,0.0,17.5,0.0,159.0,144.6,0.0134131824708235,0.0122068550811785,5,5,1,1.0,Moderate Risk Regime
2024-05-26,129,11641,126,0.0108238123872519,0.0956103427540589,0.3726483979039601,20.0,0.2,16.0,1.0,159.42857142857142,143.73333333333332,0.0134499981592155,0.0121295421355553,6,5,0,1.0,Low Risk Regime
2024-05-27,108,11641,108,0.0092775534747873,0.095868052572803,0.370414912808178,19.2,34.6,26.5,1.0,153.57142857142858,143.63333333333333,0.0129959380023807,0.0121209518082638,0,5,0,1.0,Low Risk Regime
2024-05-28,157,11641,154,0.0132291040288635,0.0923460183833004,0.3701572029894339,22.0,0.0,26.7,0.0,150.42857142857142,145.0,0.0127259562875059,0.0122412163903444,1,5,1,1.0,Moderate Risk Regime
2024-05-29,173,11641,171,0.0146894596684133,0.090456146379177,0.3736792371789365,19.0,12.4,17.6,1.0,151.14285714285714,146.16666666666666,0.0127873157681593,0.0123471637602726,2,5,0,1.0,Low Risk Regime
2024-05-30,155,11641,153,0.0131432007559488,0.0908856627437505,0.3766858517309509,17.6,2.2,21.7,1.0,150.85714285714286,147.76666666666668,0.0127627719758979,0.0124817455545056,3,5,0,1.0,Low Risk Regime
2024-05-31,147,11641,147,0.0126277811184606,0.0907138561979211,0.3808092088308564,18.6,0.0,20.4,0.0,143.28571428571428,147.56666666666666,0.0121614490654951,0.0124702917847836,4,5,1,1.0,Moderate Risk Regime
2024-06-01,159,11641,155,0.0133150073017781,0.0861609827334421,0.3802937891933682,20.8,0.0,16.0,0.0,146.85714285714286,148.7,0.0124437026765005,0.0125561950576983,5,6,1,1.0,Moderate Risk Regime
2024-06-02,139,11641,139,0.011940554935143,0.0883085645563096,0.383214500472468,21.1,0.0,21.3,0.0,148.28571428571428,148.33333333333334,0.0126032373261992,0.0125275606333934,6,6,1,1.0,Moderate Risk Regime
2024-06-03,146,11641,145,0.0124559745726312,0.0891675972854565,0.3822695644704063,23.7,0.2,15.2,1.0,153.71428571428572,148.86666666666667,0.0130572974830341,0.0125762391547117,0,6,0,1.0,Low Risk Regime
2024-06-04,166,11641,164,0.0140881367580104,0.0924319216562151,0.3836440168370414,20.8,0.0,18.4,0.0,155.0,149.96666666666667,0.0131800164443408,0.0126707327549179,1,6,1,1.0,Moderate Risk Regime
2024-06-05,139,11641,136,0.0116828451163989,0.0932050511124473,0.3864788248432265,20.3,6.6,23.6,1.0,150.14285714285714,149.73333333333332,0.0127505000797673,0.0126564155427655,2,6,0,1.0,Low Risk Regime
2024-06-06,152,11641,151,0.0129713942101194,0.0902843398333476,0.3858775019328236,23.2,40.5,32.8,1.0,149.71428571428572,150.16666666666666,0.0127259562875059,0.0126907768519313,3,6,0,1.0,Low Risk Regime
2024-06-07,161,11641,161,0.0138304269392663,0.0900266300146035,0.3869942444807147,23.1,0.5,23.4,1.0,151.71428571428572,150.5,0.0128977628333353,0.0127194112762362,4,6,0,1.0,Low Risk Regime
2024-06-08,168,11641,163,0.0140022334850957,0.0912292758354093,0.3878532772098617,20.4,0.0,26.3,0.0,153.0,151.73333333333332,0.0129959380023807,0.0128167683188729,5,6,1,1.0,Moderate Risk Regime
2024-06-09,156,11641,156,0.0134009105746928,0.0920024052916416,0.3910316983077055,20.4,0.1,27.0,1.0,155.42857142857142,151.93333333333334,0.0132045602366021,0.0128396758583168,6,6,0,1.0,Low Risk Regime
2024-06-10,139,11641,138,0.0118546516622283,0.0934627609311914,0.3915471179451937,19.5,0.0,17.7,0.0,154.42857142857142,152.33333333333334,0.0131186569636874,0.0128797640523437,0,6,1,1.0,Moderate Risk Regime
2024-06-11,149,11641,144,0.0123700712997165,0.0928614380207886,0.3925779572201701,18.9,1.1,11.4,1.0,152.0,152.46666666666667,0.012873219041074,0.0128883543796351,1,6,0,1.0,Low Risk Regime
2024-06-12,134,11641,130,0.0111674254789107,0.0914010823812387,0.3929215703118289,19.9,0.0,18.0,0.0,151.28571428571428,151.6,0.01279958766429,0.0128081779915814,2,6,1,1.0,Moderate Risk Regime
2024-06-13,124,11641,121,0.0103942960226784,0.0909715660166652,0.3906880852160467,21.8,0.0,31.2,0.0,147.28571428571428,150.63333333333333,0.0124314307803698,0.0127222747186667,3,6,1,1.0,Moderate Risk Regime
2024-06-14,174,11641,171,0.0146894596684133,0.0885662743750536,0.3881968903015205,23.2,18.9,15.5,1.0,149.14285714285714,150.86666666666667,0.0125541497416765,0.0127594994702631,4,6,0,1.0,Low Risk Regime
2024-06-15,156,11641,155,0.0133150073017781,0.0896830169229447,0.3887982132119233,21.8,0.0,22.6,0.0,147.42857142857142,151.16666666666666,0.0124559745726312,0.0127909973369985,5,6,1,1.0,Moderate Risk Regime
2024-06-16,140,11641,138,0.0118546516622283,0.0886521776479683,0.3895713426681556,19.2,0.0,18.6,0.0,145.14285714285714,151.03333333333333,0.0122350804422791,0.012776680124846,6,6,1,1.0,Moderate Risk Regime
2024-06-17,134,11641,132,0.0113392320247401,0.0872777252813332,0.3892277295764969,22.8,0.0,25.8,0.0,144.42857142857142,150.6,0.0121614490654951,0.0127451822581107,0,6,1,1.0,Moderate Risk Regime
2024-06-18,143,11641,143,0.0122841680268018,0.0868482089167597,0.3881109870286058,25.1,0.0,24.4,0.0,143.57142857142858,151.16666666666666,0.0121491771693644,0.0128024511067204,1,6,1,1.0,Moderate Risk Regime
2024-06-19,118,11641,117,0.0100506829310196,0.0863327892792715,0.3895713426681556,25.0,0.0,25.0,0.0,141.28571428571428,150.13333333333333,0.0119896425196657,0.0127222747186667,2,6,1,1.0,Moderate Risk Regime
2024-06-20,165,11641,161,0.0138304269392663,0.0849583369126363,0.3869083412078,26.4,0.0,21.3,0.0,147.14285714285714,149.66666666666666,0.0124805183648925,0.0126793230822094,3,6,1,1.0,Moderate Risk Regime
2024-06-21,159,11641,157,0.0134868138476075,0.088480371102139,0.3857056953869942,27.9,0.0,21.2,0.0,145.0,149.36666666666667,0.0123087118190631,0.012653552100335,4,6,1,1.0,Moderate Risk Regime
2024-06-22,140,11641,138,0.0118546516622283,0.0871918220084185,0.3849325659307619,27.1,5.0,16.7,1.0,142.71428571428572,148.8,0.0121000895848417,0.0126048735790166,5,6,0,1.0,Low Risk Regime
2024-06-23,146,11641,145,0.0124559745726312,0.0858173696417833,0.3834722102912121,29.3,0.1,26.7,1.0,143.57142857142858,147.0,0.0121859928577564,0.0124588380150617,6,6,0,1.0,Low Risk Regime
2024-06-24,144,11641,143,0.0122841680268018,0.0863327892792715,0.3788334335538184,25.3,0.0,39.0,0.0,145.0,147.33333333333334,0.0123209837151938,0.012490335881797,0,6,1,1.0,Moderate Risk Regime
2024-06-25,138,11641,137,0.0117687483893136,0.0871918220084185,0.3796924662829654,26.4,0.0,23.7,0.0,144.28571428571428,147.63333333333333,0.0122473523384098,0.0125218337485324,1,6,1,1.0,Moderate Risk Regime
2024-06-26,178,11641,174,0.0149471694871574,0.086762305643845,0.3804655957391976,28.4,0.1,28.0,1.0,152.85714285714286,149.96666666666667,0.012946850417858,0.0127108209489448,2,6,0,1.0,Low Risk Regime
2024-06-27,134,11641,130,0.0111674254789107,0.0919165020187269,0.3864788248432265,25.2,10.6,19.2,1.0,148.42857142857142,149.2,0.0125664216378072,0.012642098330613,3,6,0,1.0,Low Risk Regime
2024-06-28,161,11641,156,0.0134009105746928,0.0892535005583712,0.3845030495661884,20.2,0.0,21.6,0.0,148.71428571428572,148.8,0.0125541497416765,0.0125991466941557,4,6,1,1.0,Moderate Risk Regime
2024-06-29,133,11641,132,0.0113392320247401,0.0894253071042006,0.3834722102912121,23.1,1.7,34.1,1.0,147.71428571428572,148.06666666666666,0.0124805183648925,0.0125390144031154,5,6,0,1.0,Low Risk Regime
2024-06-30,139,11641,133,0.0114251352976548,0.0888239841937977,0.3815823382870887,26.3,20.8,24.0,1.0,146.71428571428572,147.8,0.0123332556113245,0.0124989262090885,6,6,0,1.0,Low Risk Regime
2024-07-01,142,11641,142,0.0121982647538871,0.0882226612833949,0.3808951121037711,21.9,0.1,24.7,1.0,146.42857142857142,147.23333333333332,0.0123209837151938,0.0124617014574921,0,7,0,1.0,Low Risk Regime
2024-07-02,157,11641,152,0.0130572974830341,0.0880508547375655,0.3794347564642213,22.8,0.0,15.5,0.0,149.14285714285714,147.83333333333334,0.0125050621571539,0.0124989262090885,1,7,1,1.0,Moderate Risk Regime
2024-07-03,138,11641,136,0.0116828451163989,0.0896830169229447,0.3809810153766858,22.8,0.0,27.9,0.0,143.42857142857142,147.56666666666666,0.0120387301041883,0.0124731552272141,2,7,1,1.0,Moderate Risk Regime
2024-07-04,111,11641,108,0.0092775534747873,0.0862468860063568,0.3802937891933682,24.8,1.8,19.7,1.0,140.14285714285714,145.73333333333332,0.0117687483893136,0.0123128024511067,3,7,0,1.0,Low Risk Regime
2024-07-05,123,11641,122,0.0104801992955931,0.0842711107293187,0.3755691091830598,26.9,1.7,18.2,1.0,134.71428571428572,145.2,0.0113515039208708,0.0122727142570798,4,7,0,1.0,Low Risk Regime
2024-07-06,118,11641,117,0.0100506829310196,0.0810067863585602,0.3741946568164247,28.1,3.2,16.6,1.0,132.57142857142858,144.06666666666666,0.0111674254789107,0.0121753572144432,5,7,0,1.0,Low Risk Regime
2024-07-07,98,11641,96,0.008246714199811,0.0797182372648397,0.3712739455373249,27.9,1.6,15.9,1.0,126.71428571428572,141.96666666666667,0.0107133653220759,0.0119892334564613,6,7,0,1.0,Low Risk Regime
2024-07-08,131,11641,130,0.0111674254789107,0.0761962030753371,0.365862039343699,27.0,0.0,15.3,0.0,125.14285714285714,140.73333333333332,0.0105661025685078,0.0118947398562551,0,7,1,1.0,Moderate Risk Regime
2024-07-09,157,11641,156,0.0134009105746928,0.0752512670732755,0.3626836182458551,27.0,0.2,24.9,1.0,125.14285714285714,140.76666666666668,0.0106151901530305,0.0118947398562551,1,7,0,1.0,Low Risk Regime
2024-07-10,131,11641,128,0.0109956189330813,0.0752512670732755,0.3627695215187698,28.1,0.3,34.5,1.0,124.14285714285714,140.5,0.0105170149839851,0.0118661054319502,2,7,0,1.0,Low Risk Regime
2024-07-11,147,11641,146,0.0125418778455459,0.0746499441628726,0.3620822953354523,28.1,5.6,28.2,1.0,129.28571428571428,140.43333333333334,0.0109833470369506,0.0118718323168112,3,7,0,1.0,Low Risk Regime
2024-07-12,140,11641,139,0.011940554935143,0.0777424619878017,0.3619104887896229,25.2,6.0,19.9,1.0,131.71428571428572,140.63333333333333,0.011191969271172,0.0118976032986856,4,7,0,1.0,Low Risk Regime
2024-07-13,137,11641,134,0.0115110385705695,0.0792028176273516,0.3624259084271111,25.4,27.5,17.1,1.0,134.42857142857142,141.06666666666666,0.0114005915053934,0.011934828050282,5,7,0,1.0,Low Risk Regime
2024-07-14,125,11641,116,0.0099647796581049,0.0808349798127308,0.3635426509750021,27.1,1.2,15.9,1.0,138.28571428571428,139.43333333333334,0.0116460294280069,0.0117773387166051,6,7,0,1.0,Low Risk Regime
2024-07-15,159,11641,156,0.0134009105746928,0.0831543681814277,0.3593333906021819,28.8,0.5,20.8,1.0,142.28571428571428,139.53333333333333,0.0119650987274043,0.0117802021590355,0,7,0,1.0,Low Risk Regime
2024-07-16,135,11641,134,0.0115110385705695,0.0855596598230392,0.359591100420926,29.0,0.8,24.5,1.0,139.14285714285714,139.36666666666667,0.0116951170125296,0.0117687483893136,1,7,0,1.0,Low Risk Regime
2024-07-17,151,11641,149,0.01279958766429,0.0836697878189159,0.3591615840563525,27.4,33.7,18.3,1.0,142.0,139.93333333333334,0.0119528268312737,0.0118174269106319,2,7,0,1.0,Low Risk Regime
2024-07-18,129,11641,124,0.0106520058414225,0.0853878532772098,0.3606219396959024,25.7,0.4,13.7,1.0,139.42857142857142,139.46666666666667,0.0116828451163989,0.0117630215044526,3,7,0,1.0,Low Risk Regime
2024-07-19,134,11641,133,0.0114251352976548,0.0838415943647453,0.3594192938750966,23.8,0.0,15.6,0.0,138.57142857142858,140.0,0.0116092137396149,0.0118088365833404,4,7,1,1.0,Moderate Risk Regime
2024-07-20,130,11641,127,0.0109097156601666,0.0833261747272571,0.3607937462417318,24.1,2.1,17.6,1.0,137.57142857142858,138.83333333333334,0.0115233104667002,0.0117114795407038,5,7,0,1.0,Low Risk Regime
2024-07-21,135,11641,134,0.0115110385705695,0.0827248518168542,0.3577871316897174,26.0,0.1,21.6,1.0,139.0,138.03333333333333,0.0117442045970522,0.0116456203648025,6,7,0,1.0,Low Risk Regime
2024-07-22,117,11641,116,0.0099647796581049,0.0835838845460012,0.3557254531397646,24.7,4.5,20.7,1.0,133.0,137.26666666666668,0.0112533287518254,0.0115826246313317,0,7,0,1.0,Low Risk Regime
2024-07-23,107,11641,103,0.0088480371102138,0.0799759470835838,0.3537496778627266,24.6,3.3,8.5,1.0,129.0,135.96666666666667,0.0108728999717746,0.0114623600492512,1,7,0,1.0,Low Risk Regime
2024-07-24,94,11641,92,0.0079031011081522,0.0775706554419723,0.3503994502190533,24.6,8.8,14.9,1.0,120.85714285714286,134.3,0.0101734018923263,0.0113163244852962,2,7,0,1.0,Low Risk Regime
2024-07-25,108,11641,108,0.0092775534747873,0.0726741688858345,0.3461042865733184,25.1,0.0,16.3,0.0,117.85714285714286,133.3,0.0099770515542356,0.011233284654812,3,7,1,1.0,Moderate Risk Regime
2024-07-26,135,11641,133,0.0114251352976548,0.0708702001546258,0.3435271883858775,23.9,0.0,21.1,0.0,118.0,131.86666666666667,0.0099770515542356,0.0111158835151619,4,7,1,1.0,Moderate Risk Regime
2024-07-27,112,11641,109,0.009363456747702,0.0709561034275405,0.3398333476505454,24.4,0.0,15.0,0.0,115.42857142857144,131.13333333333333,0.0097561574238835,0.0110557512241216,5,7,1,1.0,Moderate Risk Regime
2024-07-28,112,11641,109,0.009363456747702,0.069409844515076,0.3379434756464221,24.5,0.0,23.1,0.0,112.14285714285714,129.5,0.0094493600206167,0.0109211694298886,6,7,1,1.0,Moderate Risk Regime
2024-07-29,114,11641,114,0.0097929731122755,0.0674340692380379,0.3337342152736019,25.0,4.0,17.9,1.0,111.71428571428572,128.86666666666667,0.0094248162283554,0.0108696274661397,0,7,0,1.0,Low Risk Regime
2024-07-30,125,11641,123,0.0105661025685078,0.0671763594192938,0.3321020530882226,26.3,0.0,28.8,0.0,114.28571428571428,128.4,0.0096702541509688,0.0108409930418348,1,7,1,1.0,Moderate Risk Regime
2024-07-31,119,11641,116,0.0099647796581049,0.0687226183317584,0.3308994072674169,26.1,9.9,18.2,1.0,117.85714285714286,127.63333333333334,0.0099647796581049,0.0107665435386421,2,7,0,1.0,Low Risk Regime
2024-08-01,119,11641,117,0.0100506829310196,0.0708702001546258,0.3289236319903788,27.7,0.1,16.9,1.0,119.42857142857144,126.36666666666666,0.010075226723281,0.010666323053575,3,8,0,1.0,Low Risk Regime
2024-08-02,127,11641,124,0.0106520058414225,0.0718151361566875,0.3256593076196203,27.3,10.0,21.6,1.0,118.28571428571428,126.0,0.0099647796581049,0.0106319617444091,4,8,0,1.0,Low Risk Regime
2024-08-03,136,11641,135,0.0115969418434842,0.0711279099733699,0.3247143716175586,26.9,13.1,19.5,1.0,121.71428571428572,126.83333333333331,0.0102838489575024,0.0107092746900323,5,8,0,1.0,Low Risk Regime
2024-08-04,110,11641,109,0.009363456747702,0.0731895885233227,0.326861953440426,24.6,13.7,14.3,1.0,121.42857142857144,126.4,0.0102838489575024,0.0106720499384359,6,8,0,1.0,Low Risk Regime
2024-08-05,99,11641,99,0.0085044240185551,0.0730177819774933,0.325745210892535,26.7,0.0,19.8,0.0,119.28571428571428,125.76666666666668,0.0100997705155423,0.0106205079746871,0,8,1,1.0,Moderate Risk Regime
2024-08-06,135,11641,134,0.0115110385705695,0.0717292328837728,0.3241130487071557,25.9,37.5,15.9,1.0,120.71428571428572,127.0,0.0102347613729797,0.0107293187870457,1,8,0,1.0,Low Risk Regime
2024-08-07,112,11641,111,0.0095352632935314,0.0725882656129198,0.3272914698049995,21.2,24.0,21.2,1.0,119.71428571428572,126.36666666666666,0.0101734018923263,0.0106749133808664,2,8,0,1.0,Low Risk Regime
2024-08-08,105,11641,104,0.0089339403831285,0.0719869427025169,0.3256593076196203,20.7,5.7,24.3,1.0,117.71428571428572,124.63333333333334,0.0100138672426276,0.010526014374481,3,8,0,1.0,Low Risk Regime
2024-08-09,108,11641,108,0.0092775534747873,0.0707842968817111,0.321192337428056,24.8,23.7,44.3,1.0,115.0,123.86666666666666,0.0098175169045369,0.0104687455258712,4,8,0,1.0,Low Risk Regime
2024-08-10,146,11641,142,0.0121982647538871,0.0691521346963319,0.3192165621510179,25.3,1.0,18.2,1.0,116.42857142857144,123.83333333333331,0.0099034201774516,0.0104572917561492,5,8,0,1.0,Low Risk Regime
2024-08-11,120,11641,116,0.0099647796581049,0.0700111674254789,0.3191306588781032,23.2,0.0,19.7,0.0,117.85714285714286,123.16666666666669,0.0099893234503663,0.0103914325802479,6,8,1,1.0,Moderate Risk Regime
2024-08-12,113,11641,110,0.0094493600206167,0.0708702001546258,0.3174125934198093,21.9,0.0,20.4,0.0,119.85714285714286,122.36666666666666,0.0101243143078036,0.0103227099619162,0,8,1,1.0,Moderate Risk Regime
2024-08-13,123,11641,122,0.0104801992955931,0.0720728459754316,0.3153509148698565,21.6,0.0,14.7,0.0,118.14285714285714,122.3,0.0099770515542356,0.0103398906164991,1,8,1,1.0,Moderate Risk Regime
2024-08-14,118,11641,114,0.0097929731122755,0.0710420067004552,0.3151791083240271,23.0,0.1,15.8,1.0,119.0,120.93333333333334,0.0100138672426276,0.0102196260344185,2,8,0,1.0,Low Risk Regime
2024-08-15,108,11641,104,0.0089339403831285,0.0715574263379434,0.3116570741345245,24.0,0.0,11.6,0.0,119.42857142857144,120.03333333333332,0.0100138672426276,0.0101337227615038,3,8,1,1.0,Moderate Risk Regime
2024-08-16,132,11641,129,0.011081522205996,0.0718151361566875,0.3093376857658276,24.1,0.0,18.4,0.0,122.85714285714286,119.4,0.0102715770613717,0.010076453912894,4,8,1,1.0,Moderate Risk Regime
2024-08-17,121,11641,119,0.010222489476849,0.0738768147066403,0.3077055235804484,23.4,4.6,24.3,1.0,119.28571428571428,119.13333333333334,0.0099893234503663,0.0100621367007416,5,8,0,1.0,Low Risk Regime
2024-08-18,126,11641,124,0.0106520058414225,0.0717292328837728,0.3070182973971308,22.9,27.5,25.1,1.0,120.14285714285714,118.86666666666666,0.0100874986194116,0.0100363657188672,6,8,0,1.0,Low Risk Regime
2024-08-19,118,11641,115,0.0098788763851902,0.072244652521261,0.3063310712138132,22.9,29.7,19.8,1.0,120.85714285714286,118.46666666666668,0.010148858100065,0.0100020044097013,0,8,0,1.0,Low Risk Regime
2024-08-20,117,11641,117,0.0100506829310196,0.0726741688858345,0.3053002319388369,19.1,0.1,22.7,1.0,120.0,117.86666666666666,0.0100874986194116,0.009953325888383,1,8,0,1.0,Low Risk Regime
2024-08-21,110,11641,110,0.0094493600206167,0.0721587492483463,0.3037539730263723,18.0,0.0,20.9,0.0,118.85714285714286,117.63333333333334,0.010038411034889,0.0099361452338,2,8,1,1.0,Moderate Risk Regime
2024-08-22,109,11641,106,0.0091057469289579,0.0714715230650287,0.3031526501159694,18.9,0.0,19.2,0.0,119.0,117.7,0.0100629548271503,0.0099447355610915,3,8,1,1.0,Moderate Risk Regime
2024-08-23,107,11641,107,0.0091916502018726,0.0715574263379434,0.3033244566617988,20.6,0.0,14.0,0.0,115.42857142857144,118.13333333333334,0.0097929731122755,0.0099876871975488,4,8,1,1.0,Moderate Risk Regime
2024-08-24,107,11641,105,0.0090198436560432,0.069409844515076,0.3044411992096899,22.1,0.0,14.8,0.0,113.42857142857144,118.1,0.0096211665664461,0.0099790968702574,5,8,1,1.0,Moderate Risk Regime
2024-08-25,105,11641,104,0.0089339403831285,0.0682071986942702,0.3043552959367752,23.0,0.2,17.3,1.0,110.42857142857144,117.1,0.0093757286438327,0.0098960570397732,6,8,0,1.0,Low Risk Regime
2024-08-26,114,11641,113,0.0097070698393608,0.0664032299630616,0.3017781977493342,23.3,0.9,22.7,1.0,109.85714285714286,117.16666666666669,0.0093511848515714,0.0099075108094951,0,8,0,1.0,Low Risk Regime
2024-08-27,110,11641,110,0.0094493600206167,0.0660596168714028,0.3019500042951636,23.3,0.0,20.2,0.0,108.85714285714286,117.1,0.0092652815786567,0.0099103742519256,1,8,1,1.0,Moderate Risk Regime
2024-08-28,141,11641,139,0.011940554935143,0.0654582939609999,0.3017781977493342,27.2,0.0,15.9,0.0,113.28571428571428,118.0,0.0096211665664461,0.0099819603126879,2,8,1,1.0,Moderate Risk Regime
2024-08-29,97,11641,96,0.008246714199811,0.0681212954213555,0.3040975861180311,23.3,4.6,19.1,1.0,111.57142857142856,117.06666666666666,0.0094984476051394,0.0099046473670646,3,8,0,1.0,Low Risk Regime
2024-08-30,140,11641,136,0.0116828451163989,0.0670904561463791,0.3016922944764195,20.7,3.9,18.1,1.0,116.28571428571428,117.76666666666668,0.0098543325929289,0.0099619162156744,4,8,0,1.0,Low Risk Regime
2024-08-31,99,11641,97,0.0083326174727257,0.0699252641525642,0.3034962632076282,21.8,0.9,17.7,1.0,115.14285714285714,117.1,0.0097561574238835,0.0099046473670646,5,8,0,1.0,Low Risk Regime
2024-09-01,109,11641,108,0.0092775534747873,0.0692380379692466,0.3017781977493342,24.3,4.8,19.8,1.0,115.71428571428572,116.5,0.0098052450084062,0.0098588322881768,6,9,0,1.0,Low Risk Regime
2024-09-02,124,11641,123,0.0105661025685078,0.0695816510609054,0.3002319388368696,21.8,0.0,19.9,0.0,117.14285714285714,116.1,0.0099279639697129,0.0098244709790109,0,9,1,1.0,Moderate Risk Regime
2024-09-03,108,11641,106,0.0091057469289579,0.0704406837900524,0.2992010995618933,17.8,0.0,17.1,0.0,116.85714285714286,116.03333333333332,0.0098788763851902,0.0098158806517194,1,9,1,1.0,Moderate Risk Regime
2024-09-04,154,11641,151,0.0129713942101194,0.070268877244223,0.2990292930160639,18.4,0.0,14.0,0.0,118.71428571428572,117.86666666666666,0.0100261391387583,0.0099647796581049,2,9,1,1.0,Moderate Risk Regime
2024-09-05,144,11641,142,0.0121982647538871,0.071385619792114,0.3037539730263723,18.9,0.0,17.4,0.0,125.42857142857144,118.16666666666669,0.0105906463607692,0.0099876871975488,3,9,1,1.0,Moderate Risk Regime
2024-09-06,119,11641,117,0.0100506829310196,0.0754230736191048,0.3045271024826045,20.0,0.1,17.7,1.0,122.42857142857144,118.4,0.0103574803342864,0.0100048678521318,4,9,0,1.0,Low Risk Regime
2024-09-07,115,11641,113,0.0097070698393608,0.0736191048878962,0.3051284253930075,19.8,3.1,25.2,1.0,124.71428571428572,118.73333333333332,0.0105538306723771,0.0100306388340062,5,9,0,1.0,Low Risk Regime
2024-09-08,101,11641,99,0.0085044240185551,0.0749935572545314,0.3059874581221544,16.5,0.0,21.0,0.0,123.57142857142856,118.5,0.0104433836072011,0.0100048678521318,6,9,1,1.0,Moderate Risk Regime
2024-09-09,136,11641,131,0.0112533287518254,0.0743063310712138,0.3053861352117515,18.0,0.0,20.9,0.0,125.28571428571428,118.16666666666669,0.0105415587762465,0.0099733699853964,0,9,1,1.0,Moderate Risk Regime
2024-09-10,142,11641,139,0.011940554935143,0.0753371703461902,0.3045271024826045,19.5,0.0,14.5,0.0,130.14285714285714,118.9,0.0109465313485586,0.0100392291612977,1,9,1,1.0,Moderate Risk Regime
2024-09-11,149,11641,148,0.0127136843913753,0.0782578816252899,0.3064169744867279,18.5,0.0,12.7,0.0,129.42857142857142,120.1,0.0109097156601666,0.0101480399736563,2,9,1,1.0,Moderate Risk Regime
2024-09-12,119,11641,118,0.0101365862039343,0.0778283652607164,0.3095094923116571,19.5,0.0,16.3,0.0,125.85714285714286,119.96666666666668,0.0106151901530305,0.0101365862039343,3,9,1,1.0,Moderate Risk Regime
2024-09-13,164,11641,161,0.0138304269392663,0.0756807834378489,0.3091658792199983,19.9,0.0,13.7,0.0,132.28571428571428,121.5,0.01115515358278,0.0102711679981673,4,9,1,1.0,Moderate Risk Regime
2024-09-14,150,11641,149,0.01279958766429,0.0795464307190104,0.3131174297740744,21.8,0.0,14.0,0.0,137.28571428571428,122.9,0.0115969418434842,0.0104000229075394,5,9,1,1.0,Moderate Risk Regime
2024-09-15,127,11641,124,0.0106520058414225,0.0825530452710248,0.3167253672364917,20.9,0.0,19.1,0.0,141.0,122.73333333333332,0.011903739246751,0.0103857056953869,6,9,1,1.0,Moderate Risk Regime
2024-09-16,146,11641,144,0.0123700712997165,0.0847865303668069,0.3162958508719182,18.9,0.0,14.4,0.0,142.42857142857142,123.56666666666666,0.0120632738964497,0.0104572917561492,0,9,1,1.0,Moderate Risk Regime
2024-09-17,110,11641,108,0.0092775534747873,0.0856455630959539,0.3184434326947856,20.1,0.0,18.1,0.0,137.85714285714286,123.03333333333332,0.0116828451163989,0.0104114766772614,1,9,1,1.0,Moderate Risk Regime
2024-09-18,104,11641,104,0.0089339403831285,0.0828966583626836,0.3170689803281505,20.7,0.0,17.5,0.0,131.42857142857142,122.56666666666666,0.0111428816866494,0.010379978810526,2,9,1,1.0,Moderate Risk Regime
2024-09-19,147,11641,145,0.0124559745726312,0.0790310110815222,0.3158663345073447,22.8,0.0,17.3,0.0,135.42857142857142,123.56666666666666,0.0114742228821775,0.0104601551985797,3,9,1,1.0,Moderate Risk Regime
2024-09-20,136,11641,135,0.0115969418434842,0.0814363027231337,0.3184434326947856,22.0,0.0,20.3,0.0,131.42857142857142,124.43333333333334,0.01115515358278,0.0105317412593419,4,9,1,1.0,Moderate Risk Regime
2024-09-21,127,11641,124,0.0106520058414225,0.0790310110815222,0.3206769177905678,20.3,0.0,18.1,0.0,128.14285714285714,125.03333333333332,0.0108483561795132,0.0105832832230908,5,9,1,1.0,Moderate Risk Regime
2024-09-22,113,11641,111,0.0095352632935314,0.0770552358044841,0.3222231767030324,18.8,0.0,17.2,0.0,126.14285714285714,125.23333333333332,0.0106888215298145,0.0105947369928127,6,9,1,1.0,Moderate Risk Regime
2024-09-23,120,11641,118,0.0101365862039343,0.0758525899836783,0.3227385963405206,17.3,0.1,16.9,1.0,122.42857142857144,125.66666666666669,0.0103697522304171,0.0106319617444091,0,9,0,1.0,Low Risk Regime
2024-09-24,118,11641,117,0.0100506829310196,0.0736191048878962,0.3238553388884116,17.4,0.0,17.2,0.0,123.57142857142856,126.1,0.0104801992955931,0.0106691864960055,1,9,1,1.0,Moderate Risk Regime
2024-09-25,98,11641,97,0.0083326174727257,0.0743063310712138,0.3249720814363027,17.9,1.1,20.8,1.0,122.71428571428572,125.56666666666666,0.0103942960226784,0.0106233714171176,2,9,0,1.0,Low Risk Regime
2024-09-26,113,11641,112,0.0096211665664461,0.0737909114337256,0.3235976290696675,20.4,4.4,17.7,1.0,117.85714285714286,125.66666666666669,0.0099893234503663,0.0106290983019786,3,9,0,1.0,Low Risk Regime
2024-09-27,123,11641,123,0.0105661025685078,0.0708702001546258,0.3238553388884116,20.4,0.9,15.4,1.0,116.0,125.06666666666666,0.0098420606967982,0.0105832832230908,4,9,0,1.0,Low Risk Regime
2024-09-28,126,11641,124,0.0106520058414225,0.0697534576067348,0.3223090799759471,17.9,13.7,19.8,1.0,115.85714285714286,126.03333333333332,0.0098420606967982,0.0106634596111445,5,9,0,1.0,Low Risk Regime
2024-09-29,127,11641,123,0.0105661025685078,0.0696675543338201,0.3248002748904733,17.2,1.2,17.8,1.0,117.85714285714286,125.6,0.0099893234503663,0.0106262348595481,6,9,0,1.0,Low Risk Regime
2024-09-30,107,11641,105,0.0090198436560432,0.0708702001546258,0.3236835323425822,18.1,0.0,18.5,0.0,116.0,125.86666666666666,0.0098297888006675,0.010649142398992,0,9,1,1.0,Moderate Risk Regime
2024-10-01,105,11641,104,0.0089339403831285,0.0697534576067348,0.3243707585258998,17.6,0.0,16.5,0.0,114.14285714285714,125.73333333333332,0.0096702541509688,0.0106376886292701,1,10,1,1.0,Moderate Risk Regime
2024-10-02,91,11641,90,0.0077312945623228,0.0686367150588437,0.324027145434241,16.4,0.0,14.3,0.0,113.14285714285714,124.63333333333334,0.0095843508780541,0.0105431950290639,2,10,1,1.0,Moderate Risk Regime
2024-10-03,93,11641,93,0.0079890043810669,0.0680353921484408,0.321192337428056,17.9,0.1,15.1,1.0,110.28571428571428,124.13333333333334,0.0093511848515714,0.0105059702774675,3,10,0,1.0,Low Risk Regime
2024-10-04,117,11641,111,0.0095352632935314,0.0663173266901469,0.3199037883343355,17.5,0.2,16.9,1.0,109.42857142857144,122.9,0.0092039220980033,0.0103914325802479,4,10,0,1.0,Low Risk Regime
2024-10-05,136,11641,132,0.0113392320247401,0.0658019070526587,0.3167253672364917,18.7,0.4,18.0,1.0,110.85714285714286,122.63333333333334,0.0093020972670487,0.010362798155943,5,10,0,1.0,Low Risk Regime
2024-10-06,114,11641,113,0.0097070698393608,0.0666609397818056,0.3160381410531741,16.0,0.0,17.2,0.0,109.0,122.46666666666668,0.009179378305742,0.0103513443862211,6,10,1,1.0,Moderate Risk Regime
2024-10-07,115,11641,114,0.0097929731122755,0.0655441972339146,0.3156086246886006,18.6,5.5,19.7,1.0,110.14285714285714,122.46666666666668,0.009289825370918,0.0103542078286516,0,10,0,1.0,Low Risk Regime
2024-10-08,100,11641,98,0.0084185207456404,0.0662314234172321,0.3156086246886006,15.5,0.0,16.7,0.0,109.42857142857144,122.43333333333334,0.009216193994134,0.0103513443862211,1,10,1,1.0,Moderate Risk Regime
2024-10-09,120,11641,119,0.010222489476849,0.0658019070526587,0.3155227214156859,15.0,0.1,22.2,1.0,113.57142857142856,121.9,0.0095720789819234,0.0103169830770552,2,10,0,1.0,Low Risk Regime
2024-10-10,142,11641,141,0.0121123614809724,0.0682931019671849,0.3141482690490507,12.3,0.0,21.3,0.0,120.57142857142856,121.9,0.0101611299961957,0.0103227099619162,3,10,1,1.0,Moderate Risk Regime
2024-10-11,169,11641,164,0.0140881367580104,0.0725023623400051,0.3141482690490507,13.5,0.0,18.9,0.0,128.0,122.56666666666666,0.0108115404911212,0.010368525040804,4,10,1,1.0,Moderate Risk Regime
2024-10-12,141,11641,140,0.0120264582080577,0.0769693325315694,0.3158663345073447,17.5,0.0,24.0,0.0,128.71428571428572,123.3,0.0109097156601666,0.0104315207742748,5,10,1,1.0,Moderate Risk Regime
2024-10-13,133,11641,127,0.0109097156601666,0.0773988488961429,0.3177562065114681,16.7,0.0,16.4,0.0,131.42857142857142,122.26666666666668,0.011081522205996,0.0103341637316381,6,10,1,1.0,Moderate Risk Regime
2024-10-14,118,11641,118,0.0101365862039343,0.0790310110815222,0.3150932050511124,13.6,0.0,36.2,0.0,131.85714285714286,121.2,0.0111306097905187,0.0102453970162929,0,10,1,1.0,Moderate Risk Regime
2024-10-15,141,11641,136,0.0116828451163989,0.0792887209002663,0.3123443003178421,9.8,0.2,20.6,1.0,137.71428571428572,121.66666666666669,0.0115969418434842,0.0102797583254588,1,10,0,1.0,Low Risk Regime
2024-10-16,170,11641,167,0.0143458465767545,0.0828107550897689,0.3135469461386478,9.9,0.0,22.0,0.0,144.85714285714286,122.46666666666668,0.0121859928577564,0.0103456175013601,2,10,1,1.0,Moderate Risk Regime
2024-10-17,142,11641,141,0.0121123614809724,0.0871059187355038,0.3156086246886006,9.4,0.0,23.1,0.0,144.85714285714286,123.53333333333332,0.0121859928577564,0.0104401111015663,3,10,1,1.0,Moderate Risk Regime
2024-10-18,135,11641,132,0.0113392320247401,0.0871059187355038,0.3183575294218709,12.2,0.0,20.4,0.0,140.0,124.56666666666666,0.0117932921815749,0.01052028748962,4,10,1,1.0,Moderate Risk Regime
2024-10-19,135,11641,133,0.0114251352976548,0.0841852074564041,0.3210205308822266,13.2,0.0,11.5,0.0,139.14285714285714,124.16666666666669,0.0117073889086602,0.0104859261804541,5,10,1,1.0,Moderate Risk Regime
2024-10-20,141,11641,139,0.011940554935143,0.0836697878189159,0.3199896916072502,14.3,0.0,11.0,0.0,140.28571428571428,124.33333333333331,0.0118546516622283,0.0104973799501761,6,10,1,1.0,Moderate Risk Regime
2024-10-21,143,11641,139,0.011940554935143,0.0843570140022334,0.3204192079718237,17.4,0.0,13.6,0.0,143.85714285714286,124.86666666666666,0.0121123614809724,0.0105403315866334,0,10,1,1.0,Moderate Risk Regime
2024-10-22,145,11641,141,0.0121123614809724,0.0865045958251009,0.3217936603384589,18.9,0.0,12.5,0.0,144.42857142857142,125.93333333333334,0.0121737209616257,0.0106262348595481,1,10,1,1.0,Moderate Risk Regime
2024-10-23,147,11641,147,0.0126277811184606,0.0868482089167597,0.3245425650717292,17.7,0.0,17.8,0.0,141.14285714285714,126.83333333333331,0.0119282830390123,0.0107092746900323,2,10,1,1.0,Moderate Risk Regime
2024-10-24,140,11641,136,0.0116828451163989,0.0848724336397216,0.326861953440426,16.3,0.6,25.8,1.0,140.85714285714286,127.56666666666666,0.011866923558359,0.0107636800962116,3,10,0,1.0,Low Risk Regime
2024-10-25,130,11641,129,0.011081522205996,0.0847006270938922,0.3287518254445494,11.9,0.0,15.8,0.0,140.14285714285714,128.63333333333333,0.0118301078699669,0.0108553102539873,4,10,1,1.0,Moderate Risk Regime
2024-10-26,108,11641,106,0.0091057469289579,0.0842711107293187,0.3315007301778198,13.5,0.0,24.8,0.0,136.28571428571428,128.46666666666667,0.0114987666744388,0.0108381295994044,5,10,1,1.0,Moderate Risk Regime
2024-10-27,119,11641,116,0.0099647796581049,0.0819517223606219,0.3310712138132463,9.7,0.0,18.6,0.0,133.14285714285714,128.33333333333334,0.0112165130634334,0.0108180855023909,6,10,1,1.0,Moderate Risk Regime
2024-10-28,125,11641,124,0.0106520058414225,0.0800618503564985,0.3307276007215874,9.3,0.0,15.1,0.0,130.57142857142858,128.3,0.0110324346214733,0.0108180855023909,0,10,1,1.0,Moderate Risk Regime
2024-10-29,110,11641,109,0.009363456747702,0.078515591444034,0.3306416974486728,12.8,1.1,24.0,1.0,125.57142857142856,127.73333333333332,0.0106397339452918,0.0107779973083641,1,10,0,1.0,Low Risk Regime
2024-10-30,88,11641,87,0.0074735847435787,0.0755089768920195,0.3291813418091229,17.3,0.0,13.9,0.0,117.14285714285714,127.1,0.0099034201774516,0.0107264553446152,2,10,1,1.0,Moderate Risk Regime
2024-10-31,109,11641,109,0.009363456747702,0.0704406837900524,0.3275491796237437,19.9,0.0,22.2,0.0,112.71428571428572,127.23333333333332,0.0095720789819234,0.0107407725567677,3,10,1,1.0,Moderate Risk Regime
2024-11-01,138,11641,134,0.0115110385705695,0.0677776823296967,0.3278927927154024,21.1,0.3,30.4,1.0,113.85714285714286,128.8,0.0096334384625768,0.0108667640237093,4,11,0,1.0,Low Risk Regime
2024-11-02,100,11641,100,0.0085903272914698,0.0684649085130143,0.3319302465423933,12.2,0.0,20.3,0.0,112.71428571428572,129.03333333333333,0.0095598070857928,0.0108868081207227,5,11,1,1.0,Moderate Risk Regime
2024-11-03,99,11641,96,0.008246714199811,0.0677776823296967,0.3325315694527961,7.5,0.0,14.5,0.0,109.85714285714286,128.43333333333334,0.0093143691631794,0.0108438564842653,6,11,1,1.0,Moderate Risk Regime
2024-11-04,96,11641,95,0.0081608109268963,0.0660596168714028,0.3309853105403316,9.1,0.0,19.2,0.0,105.71428571428572,127.1,0.0089584841753899,0.0107379091143372,0,11,1,1.0,Moderate Risk Regime
2024-11-05,90,11641,90,0.0077312945623228,0.0635684219568765,0.3275491796237437,15.6,0.0,21.3,0.0,102.85714285714286,126.3,0.0087253181489071,0.0106720499384359,1,11,1,1.0,Moderate Risk Regime
2024-11-06,110,11641,105,0.0090198436560432,0.0618503564985825,0.3254875010737909,20.9,0.0,22.8,0.0,106.0,126.13333333333334,0.0089462122792592,0.0106462789565615,2,11,1,1.0,Moderate Risk Regime
2024-11-07,94,11641,92,0.0079031011081522,0.0637402285027059,0.3250579847092174,18.1,0.0,21.3,0.0,103.85714285714286,125.93333333333334,0.0087375900450378,0.0106290983019786,3,11,1,1.0,Moderate Risk Regime
2024-11-08,129,11641,126,0.0108238123872519,0.0624516794089854,0.3245425650717292,13.5,0.0,27.6,0.0,102.57142857142856,126.23333333333332,0.0086394148759924,0.010649142398992,4,11,1,1.0,Moderate Risk Regime
2024-11-09,96,11641,95,0.0081608109268963,0.0616785499527532,0.3253156945279615,8.7,0.0,23.5,0.0,102.0,124.7,0.0085780553953391,0.0105174240471895,5,11,1,1.0,Moderate Risk Regime
2024-11-10,105,11641,101,0.0086762305643845,0.0613349368610944,0.3213641439738854,8.8,0.7,20.4,1.0,102.85714285714286,122.56666666666666,0.0086394148759924,0.0103370271740686,6,11,0,1.0,Low Risk Regime
2024-11-11,72,11641,71,0.0060991323769435,0.0618503564985825,0.3158663345073447,15.8,3.3,25.7,1.0,99.42857142857144,120.26666666666668,0.0083448893688563,0.0101394496463648,0,11,0,1.0,Low Risk Regime
2024-11-12,111,11641,111,0.0095352632935314,0.0597886779486298,0.3099390086762306,9.7,0.0,26.9,0.0,102.42857142857144,119.53333333333332,0.0086025991876004,0.010093634567477,1,11,1,1.0,Moderate Risk Regime
2024-11-13,106,11641,104,0.0089339403831285,0.0615926466798385,0.3080491366721072,5.1,0.0,13.6,0.0,101.85714285714286,119.13333333333334,0.0085903272914698,0.0100535463734501,2,11,1,1.0,Moderate Risk Regime
2024-11-14,96,11641,90,0.0077312945623228,0.0612490335881797,0.3070182973971308,4.7,0.0,9.6,0.0,102.14285714285714,117.63333333333334,0.0085657834992084,0.0099218280216476,3,11,1,1.0,Moderate Risk Regime
2024-11-15,106,11641,103,0.0088480371102138,0.0614208401340091,0.3031526501159694,8.3,0.0,14.5,0.0,98.85714285714286,115.5,0.008283529888203,0.0097385677060962,4,11,1,1.0,Moderate Risk Regime
2024-11-16,92,11641,88,0.0075594880164934,0.059445064856971,0.2976548406494287,10.6,0.0,16.6,0.0,98.28571428571428,113.83333333333331,0.0081976266152883,0.0095868052572803,5,11,1,1.0,Moderate Risk Regime
2024-11-17,82,11641,79,0.0067863585602611,0.0591014517653122,0.2933596770036938,11.3,0.0,14.5,0.0,95.0,112.06666666666666,0.0079276449004135,0.0094350428084643,6,11,1,1.0,Moderate Risk Regime
2024-11-18,116,11641,115,0.0098788763851902,0.0571256764882742,0.2888068035392148,12.5,0.0,14.0,0.0,101.28571428571428,111.43333333333334,0.008467608330163,0.0093835008447155,0,11,1,1.0,Moderate Risk Regime
2024-11-19,102,11641,102,0.0087621338372992,0.0609054204965209,0.2871746413538356,10.8,0.0,13.1,0.0,100.0,110.13333333333334,0.008357161264987,0.0092775534747873,1,11,1,1.0,Moderate Risk Regime
2024-11-20,107,11641,106,0.0091057469289579,0.0601322910402886,0.2838244137101623,11.8,0.0,11.5,0.0,100.14285714285714,108.93333333333334,0.0083817050572483,0.0091830598745812,2,11,1,1.0,Moderate Risk Regime
2024-11-21,144,11641,138,0.0118546516622283,0.0602181943132033,0.2807318958852332,8.6,42.3,17.5,1.0,107.0,108.9,0.0089707560715206,0.0091744695472897,3,11,0,1.0,Low Risk Regime
2024-11-22,140,11641,136,0.0116828451163989,0.0643415514131088,0.2806459926123185,3.5,14.9,24.8,1.0,111.85714285714286,108.66666666666669,0.0093757286438327,0.0091429716805543,4,11,0,1.0,Low Risk Regime
2024-11-23,101,11641,97,0.0083326174727257,0.0672622626922085,0.2800446697019156,5.7,1.4,25.4,1.0,113.14285714285714,107.36666666666666,0.0094861757090087,0.0090312974257652,5,11,0,1.0,Low Risk Regime
2024-11-24,88,11641,87,0.0074735847435787,0.0680353921484408,0.2766944420582424,8.1,0.0,22.3,0.0,114.0,105.96666666666668,0.0095843508780541,0.0089110328436846,6,11,1,1.0,Moderate Risk Regime
2024-11-25,77,11641,77,0.0066145520144317,0.068550811785929,0.2730865045958251,6.7,0.0,10.7,0.0,108.42857142857144,104.93333333333334,0.0091180188250886,0.0088279930132004,0,11,1,1.0,Moderate Risk Regime
2024-11-26,109,11641,106,0.0091057469289579,0.0652005841422558,0.2704235031354695,10.7,3.7,15.4,1.0,109.42857142857144,104.6,0.0091671064096113,0.0087993585888955,1,11,0,1.0,Low Risk Regime
2024-11-27,122,11641,119,0.010222489476849,0.0658019070526587,0.2695644704063225,5.9,0.0,9.6,0.0,111.57142857142856,104.5,0.00932664105931,0.0087850413767431,2,11,1,1.0,Moderate Risk Regime
2024-11-28,93,11641,88,0.0075594880164934,0.0670904561463791,0.2693067605875784,6.8,13.1,20.0,1.0,104.28571428571428,103.93333333333334,0.0087130462527765,0.0087249090857028,3,11,0,1.0,Low Risk Regime
2024-11-29,81,11641,81,0.0069581651060905,0.0627093892277295,0.2678464049480285,3.9,0.2,18.4,1.0,95.85714285714286,103.7,0.0080380919655896,0.0087077284311198,4,11,0,1.0,Low Risk Regime
2024-11-30,94,11641,92,0.0079031011081522,0.0576410961257623,0.2672450820376256,0.4,0.0,16.9,0.0,94.85714285714286,103.2,0.0079767324849362,0.0086590499098015,5,11,1,1.0,Moderate Risk Regime
2024-12-01,78,11641,76,0.006528648741517,0.0570397732153595,0.2659565329439051,-1.0,0.0,17.9,0.0,93.42857142857144,101.2,0.0078417416274988,0.0084929702488331,6,12,1,1.0,Moderate Risk Regime
2024-12-02,104,11641,100,0.0085903272914698,0.0561807404862125,0.2608023365690233,-0.4,0.0,10.5,0.0,97.28571428571428,101.33333333333331,0.0081239952385043,0.0084929702488331,0,12,1,1.0,Moderate Risk Regime
2024-12-03,109,11641,107,0.0091916502018726,0.0585001288549093,0.261145949660682,0.8,0.0,11.8,0.0,97.28571428571428,101.66666666666669,0.0081362671346349,0.0085244681155685,1,12,1,1.0,Moderate Risk Regime
2024-12-04,113,11641,112,0.0096211665664461,0.0585001288549093,0.262004982389829,0.2,0.0,15.8,0.0,96.0,102.23333333333332,0.0080503638617202,0.0085731466368868,2,12,1,1.0,Moderate Risk Regime
2024-12-05,105,11641,103,0.0088480371102138,0.057726999398677,0.2634653380293789,2.3,3.6,27.3,1.0,97.71428571428572,102.73333333333332,0.0082344423036803,0.0086103713884832,3,12,0,1.0,Low Risk Regime
2024-12-06,104,11641,103,0.0088480371102138,0.0587578386736534,0.2647538871230994,-1.1,0.0,18.7,0.0,101.0,102.53333333333332,0.0085044240185551,0.0086046445036222,4,12,1,1.0,Moderate Risk Regime
2024-12-07,83,11641,82,0.0070440683790052,0.0607336139506915,0.2642384674856112,0.6,0.0,13.9,0.0,99.42857142857144,102.16666666666669,0.0083817050572483,0.0085760100793173,5,12,1,1.0,Moderate Risk Regime
2024-12-08,88,11641,87,0.0074735847435787,0.0597886779486298,0.2632935314835495,5.6,0.0,19.6,0.0,100.85714285714286,100.8,0.0085166959146857,0.0084643358245282,6,12,1,1.0,Moderate Risk Regime
2024-12-09,115,11641,113,0.0097070698393608,0.0606477106777768,0.2597714972940469,5.5,7.4,11.6,1.0,102.42857142857144,101.43333333333334,0.0086762305643845,0.008515877788277,0,12,0,1.0,Low Risk Regime
2024-12-10,100,11641,93,0.0079890043810669,0.0615926466798385,0.2614036594794262,8.1,2.1,13.2,1.0,101.14285714285714,101.26666666666668,0.0085044240185551,0.0084929702488331,1,12,0,1.0,Low Risk Regime
2024-12-11,119,11641,118,0.0101365862039343,0.0608195172236062,0.2609741431148527,12.9,34.3,24.0,1.0,102.0,102.83333333333331,0.0085780553953391,0.0086275520430661,2,12,0,1.0,Low Risk Regime
2024-12-12,115,11641,108,0.0092775534747873,0.0613349368610944,0.2650115969418435,1.6,0.1,25.1,1.0,103.42857142857144,102.96666666666668,0.0086394148759924,0.0086189617157747,3,12,0,1.0,Low Risk Regime
2024-12-13,139,11641,134,0.0115110385705695,0.0621939695902413,0.2653552100335022,-2.4,0.0,11.3,0.0,108.42857142857144,104.06666666666666,0.0090198436560432,0.0087048649886894,4,12,1,1.0,Moderate Risk Regime
2024-12-14,95,11641,92,0.0079031011081522,0.0652005841422558,0.2681900180396873,-2.7,0.0,8.3,0.0,110.14285714285714,104.03333333333332,0.00914256261735,0.0087105918735503,5,12,1,1.0,Moderate Risk Regime
2024-12-15,84,11641,82,0.0070440683790052,0.0662314234172321,0.2681041147667726,-1.2,0.1,10.0,1.0,109.57142857142856,103.3,0.0090812031366966,0.00865045958251,6,12,0,1.0,Low Risk Regime
2024-12-16,133,11641,129,0.011081522205996,0.0658878103255734,0.2662142427626492,5.5,15.4,12.5,1.0,112.14285714285714,104.66666666666669,0.0092775534747873,0.0087678607221601,0,12,0,1.0,Low Risk Regime
2024-12-17,128,11641,125,0.0107379091143372,0.0674340692380379,0.2697362769521518,10.8,4.7,15.8,1.0,116.14285714285714,106.2,0.0096702541509688,0.0088995790739627,1,12,0,1.0,Low Risk Regime
2024-12-18,125,11641,122,0.0104801992955931,0.0698393608796495,0.273687827506228,6.3,2.5,10.9,1.0,117.0,106.5,0.0097193417354915,0.0089196231709761,2,12,0,1.0,Low Risk Regime
2024-12-19,118,11641,115,0.0098788763851902,0.0703547805171377,0.2744609569624602,4.4,2.6,15.0,1.0,117.42857142857144,107.03333333333332,0.0098052450084062,0.0089568479225725,3,12,0,1.0,Low Risk Regime
2024-12-20,101,11641,99,0.0085044240185551,0.0706124903358818,0.2758354093290954,0.9,1.7,14.6,1.0,112.0,106.83333333333331,0.0093757286438327,0.008936803825559,4,12,0,1.0,Low Risk Regime
2024-12-21,121,11641,118,0.0101365862039343,0.0673481659651232,0.2753199896916072,-2.6,4.1,19.9,1.0,115.71428571428572,106.06666666666666,0.0096947979432302,0.0088795349769492,5,12,0,1.0,Low Risk Regime
2024-12-22,77,11641,76,0.006528648741517,0.0695816510609054,0.2733442144145692,-9.1,0.0,14.5,0.0,114.71428571428572,103.96666666666668,0.0096211665664461,0.0087077284311198,6,12,1,1.0,Moderate Risk Regime
2024-12-23,87,11641,85,0.0073017781977493,0.0689803281505025,0.2679323082209432,-10.2,0.0,9.2,0.0,108.14285714285714,103.5,0.0090812031366966,0.008673367121954,0,12,1,1.0,Moderate Risk Regime
2024-12-24,81,11641,78,0.0067004552873464,0.0650287775964264,0.2667296624001374,-1.7,1.9,10.5,1.0,101.42857142857144,103.26666666666668,0.0085044240185551,0.0086475961400796,1,12,0,1.0,Low Risk Regime
2024-12-25,60,11641,60,0.0051541963748818,0.0609913237694356,0.2661283394897346,-2.9,0.0,10.2,0.0,92.14285714285714,102.7,0.0077435664584534,0.0085989176187612,2,12,1,1.0,Moderate Risk Regime
2024-12-26,77,11641,77,0.0066145520144317,0.0554076110299802,0.2646679838501847,-5.0,0.0,8.3,0.0,86.28571428571429,101.63333333333334,0.0072772344054879,0.008515877788277,3,12,1,1.0,Moderate Risk Regime
2024-12-27,93,11641,92,0.0079031011081522,0.0518855768404776,0.2619190791169143,-3.8,0.0,6.2,0.0,85.14285714285714,100.66666666666669,0.0071913311325732,0.0084385648426538,4,12,1,1.0,Moderate Risk Regime
2024-12-28,97,11641,95,0.0081608109268963,0.05119835065716,0.2594278842023881,4.0,5.6,6.7,1.0,81.71428571428571,100.8,0.0069090775215678,0.0084586089396672,5,12,0,1.0,Low Risk Regime
2024-12-29,98,11641,96,0.008246714199811,0.0491366721072072,0.2597714972940469,9.6,2.7,22.4,1.0,84.71428571428571,101.36666666666666,0.0071545154441812,0.0085015605761246,6,12,0,1.0,Low Risk Regime
2024-12-30,101,11641,98,0.0084185207456404,0.0509406408384159,0.2612318529335968,11.4,5.8,25.5,1.0,86.71428571428571,101.6,0.00731405009388,0.0085187412307075,0,12,0,1.0,Low Risk Regime
2024-12-31,88,11641,85,0.0073017781977493,0.0521432866592217,0.2618331758439997,6.2,5.9,12.2,1.0,87.71428571428571,101.93333333333334,0.0073999533667947,0.0085445122125819,1,12,0,1.0,Low Risk Regime
